"code","iso","country","CHMORT.1990","CHMORT.1991","CHMORT.1992","CHMORT.1993","CHMORT.1994","CHMORT.1995","CHMORT.1996","CHMORT.1997","CHMORT.1998","CHMORT.1999","CHMORT.2000","CHMORT.2001","CHMORT.2002","CHMORT.2003","CHMORT.2004","CHMORT.2005","CHMORT.2006","CHMORT.2007","CHMORT.2008","CHMORT.2009","CHMORT.2010","CHMORT.2011","CHMORT.2012"
4,"AFG","Afghanistan",0.07132621557,0.06761985789,0.06409026231,0.06078245888,0.05773886171,0.05500654646,0.052612162,0.05051976758,0.04867704276,0.04704026508,0.0455441982,0.04411500427,0.0426921765,0.0412275415,0.03969625067,0.03809318369,0.03643749393,0.03477831522,0.03316105274,0.03160617175,0.03013079535,0.02874339345,0.02743932705
8,"ALB","Albania",0.007356208682,0.007017163036,0.006655275537,0.00627498934,0.005886694934,0.005517775009,0.005201253564,0.00495556608,0.004780937613,0.004665052721,0.004564203891,0.004421157901,0.00419270806,0.003859387708,0.003427020283,0.002929383974,0.002422178406,0.001967239213,0.001608705749,0.00136213883,0.00122652787,0.001180173287,0.0011816227
12,"DZA","Algeria",0.01428763467,0.01359234717,0.01301330696,0.01248994509,0.01197436497,0.0114369182,0.01087959159,0.01033685169,0.009834523513,0.009368636196,0.008933081889,0.008521554905,0.008127633616,0.007749432499,0.007386576531,0.007046326301,0.006737400541,0.006466464389,0.006235387892,0.006044232528,0.005885120151,0.005749939594,0.005629438608
16,"ASM","American Samoa",NA,NA,NA,NA,NA,NA,NA,NA,NA,NA,NA,NA,NA,NA,NA,NA,NA,NA,NA,NA,NA,NA,NA
20,"AND","Andorra",NA,NA,NA,NA,NA,NA,NA,NA,NA,NA,NA,NA,NA,NA,NA,NA,NA,NA,NA,NA,NA,NA,NA
24,"AGO","Angola",0.1228726192,0.1222854894,0.1214628311,0.1203149125,0.1187631144,0.1166861963,0.1139758201,0.1106664536,0.106856955,0.1026711101,0.09828471977,0.09389738272,0.08969695226,0.08583265865,0.08239407794,0.07943159274,0.07693297636,0.07477510916,0.07284582637,0.07108906316,0.06944784843,0.06787120533,0.0663288507
660,"AIA","Anguilla",NA,NA,NA,NA,NA,NA,NA,NA,NA,NA,NA,NA,NA,NA,NA,NA,NA,NA,NA,NA,NA,NA,NA
28,"ATG","Antigua and Barbuda",0.004826916966,0.004641083991,0.004464815106,0.004296456505,0.004136489164,0.003982957162,0.003835670864,0.003694808771,0.003560007185,0.003430246125,0.003304048914,0.003182315272,0.003063664933,0.002949362976,0.002838822166,0.002733768471,0.002635011628,0.002543800205,0.002459404942,0.00238207388,0.002310137744,0.002242735808,0.002177709794
32,"ARG","Argentina",0.004477178574,0.004261479762,0.004018770344,0.003763218988,0.003506484139,0.00326211534,0.003044457573,0.002864170878,0.002725206687,0.002627982932,0.00256737417,0.00253403143,0.002513703135,0.00249287441,0.002466222757,0.002428188509,0.002378630948,0.002322565405,0.002264821568,0.00220506906,0.002143306625,0.002082999127,0.002022028805
51,"ARM","Armenia",0.009384609561,0.009331435415,0.009070458197,0.008639176339,0.00806954567,0.007400923311,0.006681105973,0.005958415954,0.005279134404,0.004675563505,0.004172081667,0.003776047918,0.003466676481,0.003223411879,0.003039421353,0.002906518771,0.002815463126,0.002753624956,0.002709006573,0.002673179744,0.00263740639,0.002598989108,0.002560250345
533,"ABW","Aruba",0.003364770663,0.003339165494,0.003315204918,0.003294206728,0.003277877606,0.003262101346,0.003249162865,0.003235242096,0.003219028516,0.003198605405,0.003169813285,0.003130797889,0.003079512748,0.003018836198,0.002948679274,0.002872839864,0.0027972762,0.00272577695,0.002661008746,0.002606501354,0.002562244687,0.00252597739,0.00249576132
36,"AUS","Australia",0.001640789763,0.001584392493,0.001530765128,0.001482596624,0.001437426893,0.001393701989,0.001351105989,0.001306279551,0.001260078858,0.001210118192,0.00115853879,0.001106763675,0.001055890833,0.001006999244,0.0009628882,0.000922122861,0.000887140607,0.000856656669,0.000828911828,0.000805662581,0.000784145632,0.000765748481,0.000748371037
40,"AUT","Austria",0.001607069248,0.001556461999,0.001507268032,0.001455051495,0.00139935284,0.001337931602,0.001273069738,0.001204414151,0.001137001132,0.001071555898,0.001010160227,0.000957623279,0.0009125201,0.000877165184,0.000849879311,0.000829191787,0.000812516668,0.000796003515,0.000778444202,0.000757464092,0.000734346246,0.000708896922,0.000683836726
31,"AZE","Azerbaijan",0.02363361968,0.02230323379,0.02148738999,0.02121284,0.02140198763,0.02178395198,0.02198598014,0.02168774645,0.02070789219,0.01904034832,0.0168247433,0.0143218289,0.0118929841,0.009827998472,0.008254654348,0.007238445442,0.006751474408,0.006619505918,0.006682065751,0.006864485197,0.00708890762,0.007293398024,0.007454432246
44,"BHS","Bahamas",0.008239041474,0.008051803645,0.007899405609,0.007778168437,0.007676958958,0.007579789232,0.007468496156,0.007328694477,0.00715143435,0.006937241064,0.006690279559,0.00641993693,0.006145562937,0.005881071971,0.005635058309,0.005413031204,0.005215783899,0.005038947498,0.004876212173,0.00472654499,0.004587520936,0.004455820157,0.004330363972
48,"BHR","Bahrain",0.003226228849,0.003397187594,0.003463498307,0.003404716097,0.003220523367,0.002936080063,0.002600623372,0.002282108825,0.002033556362,0.001875607825,0.001822351595,0.001866913187,0.001975598914,0.002114761222,0.002264821591,0.002406561855,0.002521215933,0.002602530266,0.002646075951,0.002647528766,0.002610727872,0.002543990103,0.002462335607
50,"BGD","Bangladesh",0.04642083232,0.04407982735,0.04173832738,0.03938328622,0.03701724217,0.03465669568,0.03232525191,0.03005522883,0.02788008559,0.0258158683,0.02387131471,0.02204281233,0.02032061289,0.01869996583,0.01718909453,0.01580301621,0.01455945052,0.01346667921,0.01252023868,0.01170842648,0.01101699019,0.01042189922,0.009896540618
52,"BRB","Barbados",0.00490825946,0.004643133729,0.004392994531,0.004156121238,0.003931918281,0.003719467755,0.00351866271,0.003329742511,0.003150307279,0.002980260831,0.002819326967,0.002666336298,0.00251979318,0.002381614795,0.002251425222,0.002128967149,0.00201673648,0.001915830238,0.001823705983,0.001742316141,0.001668741414,0.001600961535,0.001538121037
112,"BLR","Belarus",0.003266567784,0.003221913495,0.00319090165,0.00317750245,0.003178013472,0.003185629479,0.003187888054,0.003172404296,0.00313195327,0.003062612648,0.002962337831,0.002830980682,0.002679915215,0.002517465588,0.002353506212,0.002196316886,0.002056801892,0.001938730817,0.001845967248,0.001778072778,0.001732447002,0.001704956143,0.001684880673
56,"BEL","Belgium",0.001474081561,0.001431050825,0.001394320258,0.001355642098,0.001316826071,0.001275689698,0.001235599273,0.001201278355,0.001172766863,0.001150513559,0.001132647446,0.001114535416,0.001095155965,0.001070678881,0.001041167837,0.001006799773,0.000969493251,0.000932374669,0.000895828569,0.000861931161,0.000831100231,0.000802837366,0.000777169465
84,"BLZ","Belize",0.007722050658,0.007424953125,0.007103151424,0.006754513347,0.006378907506,0.005980003738,0.005570031665,0.00516639445,0.004786789338,0.00443852132,0.004131569624,0.003870283247,0.003649645249,0.003466419929,0.00331422548,0.003189505395,0.003085680493,0.002994738181,0.002911498464,0.0028301183,0.002747643371,0.002664887725,0.002583088973
204,"BEN","Benin",0.07888428979,0.07667766208,0.07445981662,0.07224948353,0.07006008032,0.06790360933,0.0657906024,0.06372342306,0.06170960702,0.05975530421,0.05785540953,0.05599464363,0.05417356345,0.05239926472,0.05069428072,0.04909761636,0.0476544897,0.04639150435,0.04531703437,0.0444244437,0.04369011593,0.04307823385,0.04253720482
60,"BMU","Bermuda",NA,NA,NA,NA,NA,NA,NA,NA,NA,NA,NA,NA,NA,NA,NA,NA,NA,NA,NA,NA,NA,NA,NA
64,"BTN","Bhutan",0.06025603879,0.05737831665,0.05457300836,0.05185441339,0.04923014544,0.04670900682,0.04429331936,0.0419810914,0.03977036898,0.03766026603,0.03565042096,0.03373577802,0.03191110755,0.03017063311,0.02851368778,0.02693948633,0.02544963089,0.02404550155,0.02272560801,0.02148694618,0.02032575751,0.01923780798,0.01821670651
68,"BOL","Bolivia",0.03215610144,0.02939376475,0.02701050599,0.02500962551,0.02336926825,0.02205293042,0.02099990863,0.02013315032,0.01938432343,0.01870711676,0.01808584516,0.01752619547,0.01705062193,0.01666458784,0.01634744326,0.01606715011,0.01579249665,0.01550025977,0.01517293901,0.01479833982,0.01437522239,0.01391411115,0.0134373373
70,"BIH","Bosnia and Herzegovina",0.002881614922,0.002733271926,0.002590242834,0.002446079073,0.002302242852,0.002167238595,0.002053110823,0.001965818423,0.001911096212,0.001884285202,0.001878664272,0.001882402451,0.001883469167,0.001871423081,0.001842373319,0.001797351786,0.001737242611,0.001673555903,0.001610418665,0.001552825643,0.001499822553,0.001453259118,0.001409233123
72,"BWA","Botswana",0.01672962451,0.01632598171,0.01616607867,0.01623420841,0.01649778867,0.01692226935,0.01746515308,0.01804889811,0.01858862016,0.01900593767,0.01919585977,0.01906848143,0.01861277524,0.0178546649,0.01683348763,0.01563128383,0.01435595588,0.0131226565,0.01202194628,0.01109891499,0.01036491827,0.009794779777,0.009316217653
76,"BRA","Brazil",0.01312485223,0.0127181791,0.01218909751,0.01158732097,0.01092936174,0.01023624077,0.009539645644,0.008869864804,0.008256793266,0.007715979984,0.00726251743,0.006900302846,0.006611330394,0.006379385255,0.006192898252,0.006036857597,0.005898627265,0.005766263435,0.005628991719,0.005480512502,0.005316878105,0.005139922865,0.004957470688
92,"VGB","British Virgin Islands",NA,NA,NA,NA,NA,NA,NA,NA,NA,NA,NA,NA,NA,NA,NA,NA,NA,NA,NA,NA,NA,NA,NA
96,"BRN","Brunei Darussalam",0.002837857856,0.002660305911,0.002493527896,0.002338516537,0.002192056561,0.0020547937,0.001926369868,0.001805946053,0.001692975115,0.001587003647,0.00148750936,0.001394531428,0.001306481395,0.001223995726,0.001147551133,0.001075744028,0.001009310624,0.000947621674,0.000891169943,0.00083853965,0.000791046435,0.000745294585,0.000702686966
100,"BGR","Bulgaria",0.003836592563,0.003865201136,0.003916002382,0.003972645597,0.004023456014,0.004048398086,0.004027154197,0.003950743207,0.003815433041,0.003627011703,0.003394639293,0.003135967668,0.002875467431,0.002632419764,0.002418348881,0.00224342617,0.002108341097,0.002004250257,0.001923552928,0.001862219141,0.001816424925,0.001783024197,0.001754979637
854,"BFA","Burkina Faso",0.1134544119,0.1125800789,0.1114975733,0.1101500134,0.1085103978,0.1065957008,0.1044706904,0.102256853,0.1000570142,0.09792232629,0.09589656009,0.09399723079,0.09219353643,0.09045173343,0.08875039448,0.08705134186,0.08531176647,0.08350039121,0.08160048655,0.07961232466,0.07754780881,0.07543250046,0.07330843604
108,"BDI","Burundi",0.08965459,0.09085473198,0.09117720354,0.09037112018,0.08841519116,0.08550260166,0.08201202534,0.07847384234,0.0753019066,0.07267651759,0.07067408013,0.06923953117,0.06814019844,0.06717611979,0.06627464672,0.06537632866,0.06444759991,0.06349032588,0.06250597058,0.06147493822,0.06038576947,0.05923926533,0.05805365126
116,"KHM","Cambodia",0.0333919288,0.03285308038,0.03223642159,0.0316987201,0.03114344956,0.03047990191,0.02965197733,0.02866890199,0.02754611467,0.02628032693,0.02487006288,0.02332815304,0.02170500365,0.02006252318,0.01844868592,0.0169249033,0.01554725848,0.01434071853,0.01331994906,0.01248936055,0.01183640501,0.01133199262,0.01092318214
120,"CMR","Cameroon",0.06129487056,0.06051490881,0.05979794365,0.05915961431,0.05859867807,0.0581140523,0.05770857594,0.05736554552,0.05706321612,0.05677998092,0.05649800571,0.05620410356,0.05587977232,0.05550108087,0.05503935074,0.05445384964,0.05370854118,0.05279678972,0.05172405504,0.05050084132,0.04914967978,0.04770120896,0.04619836132
124,"CAN","Canada",0.001484931149,0.001413213913,0.001347023381,0.001286914599,0.00123492578,0.001189400894,0.00114806235,0.001109076456,0.001070362998,0.00103178724,0.000992722494,0.000955879302,0.000922394402,0.000892987986,0.000866792739,0.000844964015,0.000824859366,0.000805354837,0.000785728073,0.000764154277,0.000742454058,0.000721297614,0.000700317403
132,"CPV","Cape Verde",0.01326511173,0.01261186668,0.01201996593,0.01144708922,0.01086753274,0.01026696577,0.009646318753,0.009026744998,0.008426728687,0.007850178276,0.007298347948,0.006775861401,0.00628120144,0.005816713694,0.005382858681,0.00498306721,0.004619313596,0.004290674248,0.003994825793,0.003730190709,0.003491366687,0.003278070108,0.003083917194
136,"CYM","Cayman Islands",NA,NA,NA,NA,NA,NA,NA,NA,NA,NA,NA,NA,NA,NA,NA,NA,NA,NA,NA,NA,NA,NA,NA
140,"CAF","Central African Republic",0.08094898739,0.0811512608,0.08130915011,0.08141842177,0.08146223476,0.08144013677,0.08136948036,0.0812661455,0.08113665442,0.08096297513,0.08073305036,0.08043237906,0.08002996589,0.0794921219,0.07878335815,0.07784357611,0.07660927147,0.07507640329,0.07326654919,0.07122237269,0.06901609524,0.06673434816,0.06446587229
148,"TCD","Chad",0.09301364557,0.09202186085,0.09100548367,0.08992689752,0.08878139271,0.08758429559,0.08637508007,0.0851989503,0.08408995703,0.08305462034,0.08210175513,0.08123086057,0.0804109017,0.07959580974,0.07874413801,0.07779423719,0.07667948796,0.07537249791,0.07386610489,0.07217474265,0.07033273346,0.06839984052,0.06644608628
152,"CHL","Chile",0.003100920612,0.002971973358,0.002849383457,0.002740909586,0.002643125235,0.002550821133,0.002458006463,0.002360511814,0.00225576159,0.002144361239,0.002031653229,0.001925320962,0.001831239761,0.00175381505,0.001694358656,0.001648846596,0.00161363198,0.001580376616,0.001544817293,0.001503292525,0.001455141713,0.001403104483,0.001349138469
156,"CHN","China",0.01180186851,0.01104611711,0.01035283886,0.009714842375,0.009116039214,0.008524053932,0.007905261828,0.007243459281,0.006540346023,0.005804947416,0.005070699874,0.004375057054,0.003764023861,0.0032677887,0.002901462114,0.002678851281,0.002597418959,0.002628424166,0.002735644395,0.002891345667,0.003060288802,0.003208277458,0.003314750926
170,"COL","Colombia",0.01192785204,0.01139107592,0.01091945448,0.01052008308,0.01018955048,0.009918123704,0.00969177959,0.009493438372,0.00930661707,0.009122652556,0.008932727104,0.008736095486,0.00853956179,0.008344585791,0.008150380936,0.007957855504,0.007765087805,0.007571776027,0.007378231522,0.007185185568,0.006990289081,0.006793812534,0.006595504259
174,"COM","Comoros",0.04297647416,0.04218332175,0.04143807718,0.04070736062,0.03997296905,0.03922372472,0.03845934599,0.03769391005,0.03693648169,0.0361868735,0.03544463225,0.03470723739,0.03397217834,0.03324228173,0.03251608986,0.03179521436,0.03108302043,0.03038197028,0.02969236671,0.02901749925,0.02835877469,0.02771477668,0.02708531903
178,"COG","Congo",0.04661705866,0.04680033308,0.04711258709,0.04751651351,0.04797957654,0.04847610667,0.04899213014,0.04949993613,0.04995678194,0.05031091757,0.05049721932,0.05045499896,0.05016278058,0.04961183468,0.0488005258,0.04773754733,0.04644266415,0.04497600925,0.04340510536,0.04178125464,0.04015911758,0.03857847069,0.03705922354
184,"COK","Cook Islands",NA,NA,NA,NA,NA,NA,NA,NA,NA,NA,NA,NA,NA,NA,NA,NA,NA,NA,NA,NA,NA,NA,NA
188,"CRI","Costa Rica",0.002702466858,0.002624967286,0.002557827917,0.002493717847,0.002427094507,0.002354832867,0.002275435341,0.002196123022,0.002122160894,0.002052762501,0.001989662802,0.001933592003,0.001882783052,0.001836994854,0.001795737314,0.001755821056,0.001717634896,0.001677994643,0.00163835398,0.001596575718,0.001553465916,0.001509593265,0.001466357274
384,"CIV","Cote d'Ivoire",0.0521045674,0.05164405951,0.05118801599,0.05072338001,0.05023063425,0.04969629401,0.04911211973,0.0484820349,0.04781084542,0.04709388347,0.04632822948,0.04551159646,0.04464773957,0.0437443195,0.04281072,0.0418523748,0.04087750912,0.03989565412,0.03891679255,0.03795242657,0.03701334019,0.03610845312,0.03523729247
191,"HRV","Croatia",0.00182038775,0.001748106871,0.00166875145,0.001579059777,0.00148121296,0.001379111192,0.001282214419,0.001198576172,0.001135147031,0.001092188269,0.001069208975,0.001062430099,0.001065516702,0.001071444744,0.001076059793,0.001078884452,0.001077753291,0.001074380128,0.001069854598,0.001063289915,0.001054756669,0.001043288928,0.001029122711
192,"CUB","Cuba",0.004096002749,0.004083501568,0.004001236903,0.00384448831,0.003616997444,0.003334419491,0.003019119913,0.002701689896,0.002407297925,0.002150969494,0.001943524934,0.001786020031,0.001666170693,0.001573152006,0.001501219676,0.001446883639,0.001406040201,0.001372819056,0.001343891611,0.001316326489,0.001286569114,0.001256587762,0.001226561461
196,"CYP","Cyprus",0.001993072502,0.00189650199,0.001804461712,0.001717721101,0.001634257451,0.001554681093,0.001479260039,0.001406447467,0.001338167581,0.001271673893,0.001209401116,0.001148860295,0.001090489788,0.001035691581,0.000984390807,0.000936038734,0.000892282505,0.000853133439,0.000818510654,0.000789080191,0.000763063651,0.000739399557,0.000718375384
203,"CZE","Czech Republic",0.001774405144,0.00174267911,0.001704465599,0.001658976675,0.001603112046,0.001539277891,0.00146714433,0.001392659533,0.001317136202,0.001242709089,0.001171666844,0.00110275518,0.001036447104,0.000972589981,0.00091192192,0.000856792947,0.000807183918,0.000763885818,0.000726611403,0.000696003616,0.000671540567,0.000651634393,0.000635710385
180,"COD","Dem. Rep. Congo",0.09252477998,0.0926902095,0.09337658108,0.09455107786,0.09609512147,0.09773708053,0.09912707297,0.09997734043,0.1001049758,0.09947219021,0.09818968381,0.09649192929,0.09470082617,0.09306239447,0.09166028478,0.09049296054,0.08947031197,0.08842463724,0.08723633584,0.0858830146,0.0843778781,0.08276333905,0.08111781119
208,"DNK","Denmark",0.001596218832,0.001528215361,0.001458939284,0.001392666897,0.001332187929,0.001276437557,0.001228249398,0.00118512997,0.00114297421,0.001103749927,0.001063525153,0.001020498841,0.000974889559,0.00092580022,0.000874219491,0.000822600727,0.000774624121,0.000731480794,0.000694313456,0.000666558387,0.000644579711,0.000630509555,0.000619249755
262,"DJI","Djibouti",0.04983150031,0.04884719605,0.04789205909,0.04697591928,0.04610015477,0.04526956281,0.04448941334,0.04375623723,0.04306092041,0.04239453429,0.0417530003,0.04113237873,0.04052129757,0.03990091291,0.03924607204,0.03852049259,0.03768399099,0.03672312105,0.03564209321,0.03445094696,0.03318131873,0.03187349211,0.03057457751
212,"DMA","Dominica",NA,NA,NA,NA,NA,NA,NA,NA,NA,NA,NA,NA,NA,NA,NA,NA,NA,NA,NA,NA,NA,NA,NA
214,"DOM","Dominican Republic",0.008163992587,0.00785300772,0.007519345712,0.007168327159,0.006793270355,0.006392679601,0.005968162311,0.005532996789,0.005105309873,0.00469715681,0.004326834914,0.004012252719,0.003760420088,0.003571920157,0.003442939876,0.003362879624,0.003317352019,0.003285979704,0.003252031158,0.003206125199,0.003144600568,0.003068943597,0.00298709124
218,"ECU","Ecuador",0.0161636286,0.01497047321,0.01382450666,0.01271974538,0.01165456353,0.01062891357,0.00964729531,0.008720809346,0.007863042679,0.007084884878,0.006409217023,0.005859779098,0.005438544186,0.00513954167,0.00494737287,0.004836272726,0.004774448257,0.004726475949,0.004664663841,0.004573755153,0.004448381433,0.004293641679,0.004129646815
818,"EGY","Egypt",0.02558297227,0.02391226324,0.02225303687,0.02052459941,0.01872048101,0.01688855215,0.01512396897,0.01353768167,0.01220031152,0.0111266399,0.01029638938,0.009662980723,0.00914423353,0.008673465006,0.008220418662,0.007770018668,0.007326293808,0.006913560685,0.006545722646,0.006219113895,0.005929003556,0.005667864688,0.005427389559
222,"SLV","El Salvador",0.01655015949,0.01414325487,0.01231538225,0.01100628901,0.01016434401,0.0096909376,0.009455240897,0.009309626233,0.009133903838,0.008856450214,0.008444367476,0.00791059452,0.007331026061,0.006769959445,0.006245311945,0.005777090866,0.005378963957,0.005048051755,0.004779014663,0.004568278033,0.004406187326,0.004281152552,0.004177704819
226,"GNQ","Equatorial Guinea",0.09546304753,0.09356763521,0.09185058724,0.09034240037,0.08905102246,0.08799035714,0.08715740941,0.08648795363,0.0858959485,0.08530177349,0.08459723635,0.08367458528,0.08248059553,0.08098415649,0.07917990753,0.07709244388,0.07477745892,0.07233722306,0.0698620329,0.06740353787,0.06499517542,0.06264881734,0.06034749527
232,"ERI","Eritrea",0.05088390108,0.04822207415,0.0454734213,0.04267729209,0.03988927011,0.03717930528,0.03461735963,0.03224835172,0.03010490767,0.02820745651,0.02655998872,0.02514944094,0.02392009085,0.02281974661,0.02181364788,0.02087008223,0.01996392549,0.01908561479,0.01822453275,0.0173695028,0.01651659867,0.01566988498,0.014843814
233,"EST","Estonia",0.003677549406,0.00361643273,0.003561817871,0.003500157149,0.003422216864,0.003322369726,0.003197018392,0.003048477333,0.002881101477,0.002698872808,0.002505850996,0.002306566271,0.002108392696,0.001918196829,0.001741889422,0.001586886198,0.001461249184,0.001363249204,0.001291324066,0.001244373126,0.001219218366,0.001207514805,0.001203619317
231,"ETH","Ethiopia",0.09330050391,0.09045390409,0.08733506378,0.08386736193,0.08007663805,0.07604141035,0.07188214413,0.06774612667,0.063751713,0.05995992481,0.0563781734,0.05296505715,0.04965486928,0.04641080881,0.04325300366,0.04022870793,0.03739900493,0.0348130021,0.03249783019,0.03045199093,0.0286582974,0.02707608239,0.02564610288
234,"FRO","Faeroe Islands",NA,NA,NA,NA,NA,NA,NA,NA,NA,NA,NA,NA,NA,NA,NA,NA,NA,NA,NA,NA,NA,NA,NA
238,"FLK","Falkland Islands",NA,NA,NA,NA,NA,NA,NA,NA,NA,NA,NA,NA,NA,NA,NA,NA,NA,NA,NA,NA,NA,NA,NA
242,"FJI","Fiji",0.01125127635,0.01052811932,0.009852048722,0.009220789853,0.008629145502,0.008071945629,0.007540032777,0.00703477243,0.006557332741,0.006112854232,0.005712321159,0.005374410274,0.005105868227,0.004908800342,0.00477573175,0.00469070704,0.004632598446,0.004580332074,0.004514367887,0.004426234622,0.004312842837,0.004178007161,0.004035524615
246,"FIN","Finland",0.001084412097,0.00105205742,0.001020594291,0.000990941074,0.000964583427,0.000937893119,0.000911975929,0.000883579482,0.000854450103,0.000822806558,0.000792730003,0.000766047993,0.000745066744,0.000730265972,0.000722200195,0.000716652824,0.000713261582,0.000707133923,0.000696474057,0.000681671356,0.000662294447,0.000640459627,0.000617668144
250,"FRA","France",0.001549709643,0.00148475652,0.001419037229,0.001353615292,0.001289255397,0.001226413607,0.001168785462,0.001117768132,0.001075703591,0.001040769619,0.001011553504,0.000986635337,0.000961290286,0.000935101221,0.000904955558,0.000872295103,0.000839659649,0.000807438245,0.000777849957,0.000751092859,0.000728904416,0.000708939136,0.000691821596
254,"GUF","French Guiana",0.004381216229,0.004121189022,0.003876803182,0.00365253378,0.003447537838,0.003263103781,0.003102336842,0.002967167712,0.002856161478,0.002768172931,0.002697263404,0.00263850487,0.002586462565,0.002537585275,0.002486302592,0.002433285803,0.002378969198,0.002326823325,0.002277293532,0.002232351796,0.002190848636,0.002151952311,0.00211562617
258,"PYF","French Polynesia",0.001747920454,0.001697513544,0.001646059902,0.001590899391,0.001528281123,0.001454782726,0.0013719822,0.001283364281,0.001193826843,0.001105595476,0.001024124333,0.000954560785,0.000900806157,0.000861582323,0.000837967311,0.000824965518,0.000818134515,0.000811899235,0.000800737432,0.000782708151,0.000757513899,0.000728280434,0.000696534278
266,"GAB","Gabon",0.03352307631,0.03284400864,0.03236513062,0.03202482305,0.03178251393,0.03162414615,0.03155879136,0.03158862548,0.0316896359,0.03181314618,0.03188155859,0.03181583082,0.0315675647,0.0311150462,0.03045572263,0.02961296284,0.02863794228,0.02760813845,0.02659008794,0.02562018151,0.02471933818,0.02389278629,0.02311556852
270,"GMB","Gambia",0.09386336178,0.09098001361,0.0881914417,0.08547730985,0.08282125976,0.08021080855,0.07764554773,0.07513621173,0.07268945115,0.07030162156,0.06795701301,0.06563198609,0.06332568755,0.0610550191,0.05884632958,0.05675391801,0.05484194976,0.05314954757,0.05169666265,0.05048038783,0.04947290151,0.04862932852,0.04788308881
268,"GEO","Georgia",0.003483631273,0.003703701326,0.003810354895,0.003771201517,0.003591525522,0.003311509582,0.003000003825,0.002735068989,0.002571559152,0.002523758626,0.002585848821,0.002724113726,0.002884170401,0.003018705458,0.003110193666,0.003150666332,0.003141224579,0.003101651829,0.003048555406,0.002986445114,0.002920324218,0.002852348346,0.002784839512
276,"DEU","Germany",0.00161639373,0.001554381001,0.001490950159,0.001424963427,0.001355464263,0.001284849234,0.001215166447,0.001151222883,0.001094906641,0.001046135786,0.001004635373,0.000970047489,0.000938860088,0.000909462332,0.000879795097,0.000851008617,0.000822237107,0.000794376323,0.000766970101,0.000741577143,0.000716542112,0.000693497803,0.000672509672
288,"GHA","Ghana",0.04947027244,0.04767896361,0.04605940672,0.04462176901,0.04336266089,0.04225769558,0.04126275826,0.04031948711,0.03937878346,0.03841684582,0.03741692878,0.03637699873,0.03532087203,0.03427822519,0.03326247588,0.03229989448,0.03141375526,0.03061817462,0.0299188949,0.02931382253,0.02879589819,0.02834821838,0.02794537065
292,"GIB","Gibraltar",NA,NA,NA,NA,NA,NA,NA,NA,NA,NA,NA,NA,NA,NA,NA,NA,NA,NA,NA,NA,NA,NA,NA
300,"GRC","Greece",0.001280636498,0.001191641999,0.001120352088,0.001073755863,0.001051237107,0.001046545226,0.001048892263,0.001046600892,0.001030604332,0.0009994831,0.000953624206,0.000899999456,0.000847225111,0.000801586267,0.000766283003,0.000739301717,0.000720799526,0.000704752072,0.000689795401,0.000672615666,0.000653879158,0.000633263888,0.000614224003
304,"GRL","Greenland",NA,NA,NA,NA,NA,NA,NA,NA,NA,NA,NA,NA,NA,NA,NA,NA,NA,NA,NA,NA,NA,NA,NA
308,"GRD","Grenada",0.00688664782,0.00659901163,0.006321751103,0.006056558412,0.005803376664,0.00556584407,0.005348898143,0.005154326059,0.004981532736,0.004828787519,0.004692422393,0.004566340932,0.004444832361,0.004324741287,0.004202124989,0.004079439945,0.003958194571,0.003843079605,0.003735789114,0.003637136045,0.003546473332,0.003463610679,0.003385507922
312,"GLP","Guadeloupe",0.003311093955,0.003063585713,0.002835843892,0.002626424852,0.002432370538,0.002253613931,0.002087211249,0.001933989466,0.001792010804,0.001660379338,0.001536698141,0.001421501426,0.001314373263,0.001214581422,0.001122722078,0.001039371361,0.000964569624,0.000900668841,0.000846249727,0.000800704334,0.000763498243,0.000733878547,0.000708901583
316,"GUM","Guam",0.004233962328,0.004040544819,0.003851714722,0.003667268663,0.003486422724,0.003307918038,0.003132177666,0.002962635339,0.00279910066,0.002644054743,0.002499517489,0.002368312566,0.002250086114,0.002144159544,0.002051677485,0.001970007563,0.0018986825,0.001834075057,0.001774039132,0.001717203961,0.001662312809,0.001608919754,0.00155744486
320,"GTM","Guatemala",0.02542151911,0.02342621547,0.02153973918,0.01978416041,0.01817577111,0.01672594248,0.01543427678,0.01428673039,0.0132707719,0.0123856917,0.01163940593,0.01104885246,0.01060906674,0.01030095723,0.01009512316,0.009950751861,0.009821601269,0.009669371936,0.009468613012,0.009203711774,0.00887521513,0.008498007113,0.008106628617
324,"GIN","Guinea",0.1077489108,0.1048324076,0.1018428148,0.09879532925,0.09571455661,0.09263715927,0.08959921392,0.08664195719,0.08380011271,0.08109954629,0.07854930699,0.07614609969,0.07387199597,0.07171357465,0.06967588373,0.06777214023,0.0660207889,0.06442389583,0.0629742022,0.06165670166,0.0604465478,0.05931760093,0.05823683847
624,"GNB","Guinea-Bissau",0.09814526162,0.09668641845,0.09523834422,0.09380659904,0.09239524644,0.0909999112,0.08960649768,0.08819883032,0.08677204034,0.08532571112,0.08386624053,0.08240241126,0.08094833383,0.07951910939,0.07812552309,0.07678089344,0.07549618394,0.07427038618,0.0731001603,0.07197876083,0.07089848229,0.06984392055,0.06880197846
328,"GUY","Guyana",0.01500382928,0.01423777096,0.0135238887,0.01286324947,0.01225945741,0.01171657281,0.01123515713,0.01080256652,0.01040589111,0.01003777567,0.009681461011,0.009324562041,0.008961143098,0.008589936309,0.008213762603,0.00784112307,0.007487829444,0.007168994438,0.006895128966,0.00666568253,0.006478573712,0.006325968351,0.006193345045
332,"HTI","Haiti",0.04787343292,0.0467110846,0.04553363562,0.04436703329,0.04323791296,0.04220095178,0.04132134595,0.04062431525,0.04010163488,0.03972493481,0.03942914241,0.03912878361,0.0387410605,0.03820197767,0.0374834728,0.03657367904,0.03548674599,0.03428705084,0.03304021332,0.03178521733,0.0305678674,0.02942716262,0.0283754119
336,"VAT","Holy See",NA,NA,NA,NA,NA,NA,NA,NA,NA,NA,NA,NA,NA,NA,NA,NA,NA,NA,NA,NA,NA,NA,NA
340,"HND","Honduras",0.01888943332,0.01807502693,0.01748558906,0.0170022252,0.01656280296,0.0161301349,0.01569917693,0.01530521837,0.01496563311,0.01466908777,0.01440659806,0.01417393541,0.01396061174,0.01375674354,0.01354810748,0.01331682859,0.01304538801,0.01272947693,0.01237082923,0.01197270654,0.01154659336,0.01111151297,0.01068520334
344,"HKG","Hong Kong",0.002003893154,0.001886421543,0.001770808055,0.001659062776,0.001553593995,0.001465013813,0.001402909664,0.00137297399,0.001374962141,0.001403418706,0.00144864666,0.001495922342,0.001531515032,0.001543728081,0.001529121202,0.001483763559,0.001411734183,0.001321532043,0.001226323906,0.001128854093,0.001038261436,0.000957535226,0.000889847973
348,"HUN","Hungary",0.002051039003,0.002007852019,0.00196509394,0.001924211602,0.001883503926,0.001841094482,0.001792679576,0.001737327237,0.001672129568,0.001599003443,0.001519520781,0.001437742866,0.001356173538,0.001279550591,0.001211023893,0.00115188065,0.001103483326,0.001063893948,0.001032950778,0.001008381926,0.000989467906,0.000975483597,0.000964581017
352,"ISL","Iceland",0.001151622555,0.001142512311,0.001142326356,0.001154089023,0.001172599571,0.001189449338,0.001192370125,0.001173294155,0.001129685067,0.001063527049,0.000984709358,0.00090646414,0.000843101201,0.000804165604,0.000792117613,0.00080389976,0.000831596592,0.000862040326,0.000888126538,0.000903308109,0.000905826906,0.000897136319,0.000881295921
356,"IND","India",0.03707033076,0.03593494539,0.03472384092,0.03345175604,0.03212481769,0.030751476,0.02934007884,0.02790943866,0.02647517725,0.0250560481,0.02365412957,0.02226933857,0.0209045532,0.01957035304,0.01829196719,0.0171041922,0.01604527671,0.01513325149,0.01437465705,0.01376123171,0.01327523693,0.01288162672,0.01254033206
360,"IDN","Indonesia",0.0171690709,0.01620982013,0.01530511679,0.01445204478,0.01364530435,0.01288150255,0.01216048207,0.01148095014,0.01083895879,0.01023273551,0.009657912928,0.009111368373,0.008591708362,0.008100717078,0.007636347316,0.007205129106,0.006810908252,0.006458673552,0.006147489898,0.00587435712,0.005635718169,0.005423321633,0.005230511056
364,"IRN","Iran",0.01567904676,0.01547440755,0.01526046396,0.01506990283,0.01488986432,0.0146952729,0.01445577695,0.01414585035,0.01375051198,0.01326838114,0.01269901112,0.01205376447,0.01136129448,0.0106506207,0.009947307061,0.009274744365,0.008654175993,0.00809211589,0.007592814654,0.007158117413,0.006783804642,0.006458402318,0.006164258631
368,"IRQ","Iraq",0.01228574559,0.01198417824,0.01165640905,0.01129420297,0.01088651175,0.01043750924,0.009961131631,0.009485638956,0.009027104747,0.008590563191,0.008168574486,0.007746470279,0.007311961522,0.006860388205,0.006398826539,0.005944953822,0.005522530664,0.005151705191,0.004846025145,0.004607109984,0.004431053426,0.004306718278,0.004211471779
372,"IRL","Ireland",0.001500152408,0.001432834411,0.001379076482,0.001337400694,0.001306840985,0.001282471936,0.001259787914,0.001234924831,0.001205970459,0.001169343238,0.001126477143,0.001078228302,0.00102776017,0.000979315028,0.000933578041,0.000890610888,0.000850594199,0.000812246825,0.000777031338,0.00074275893,0.000710594127,0.000679686791,0.000651282487
833,"IMN","Isle of Man",NA,NA,NA,NA,NA,NA,NA,NA,NA,NA,NA,NA,NA,NA,NA,NA,NA,NA,NA,NA,NA,NA,NA
376,"ISR","Israel",0.001893999899,0.001827096524,0.001762667325,0.001702016105,0.001642486404,0.001586660271,0.001532159438,0.001479135813,0.00142840498,0.001378649086,0.001330106171,0.001283116612,0.00123707284,0.001192858261,0.001149626341,0.001108697312,0.001069072994,0.001031462225,0.000994712413,0.000960570505,0.000927879769,0.000898114506,0.000870977965
380,"ITA","Italy",0.001295445907,0.001275937414,0.00125554071,0.001229665049,0.001195796515,0.001152801938,0.001101359225,0.001046444827,0.000988807434,0.000932458014,0.000878415082,0.000828507815,0.000782307831,0.000741670696,0.000705291471,0.0006729012,0.000644902625,0.000618868512,0.000595256011,0.000571620999,0.000549356231,0.000527062707,0.00050576756
388,"JAM","Jamaica",0.006010466323,0.005977733404,0.005950082024,0.005928095691,0.00590738626,0.005887076703,0.00586741758,0.005845084383,0.005819324911,0.005784267031,0.005731596462,0.005654075718,0.005547887034,0.00541470695,0.005257419165,0.005081668073,0.00489845909,0.004716787943,0.004546413793,0.004393283169,0.00425915577,0.004144493808,0.004043370075
392,"JPN","Japan",0.001751867642,0.00172122962,0.001693329856,0.001664372011,0.00163319684,0.001594404982,0.001545607828,0.001488985718,0.001423574951,0.001351890417,0.001277259227,0.001204953347,0.001137268547,0.001079467836,0.001030316276,0.000991808493,0.000960066691,0.000933184994,0.000907433197,0.000882369812,0.000856824647,0.000830201115,0.000804683821
400,"JOR","Jordan",0.005675240741,0.005467171584,0.005297259316,0.00515000595,0.005012284036,0.004875308292,0.004735812457,0.004596029299,0.004459045668,0.004322585292,0.004183942597,0.004041956496,0.003898579606,0.003756629232,0.003616290991,0.003480941838,0.003353167412,0.003235925128,0.003129547922,0.00303433802,0.002949208785,0.002872672047,0.002801621811
398,"KAZ","Kazakhstan",0.01092501532,0.01060648552,0.01044118316,0.01042394824,0.0105204226,0.01064329283,0.01068158596,0.01054675182,0.01019609445,0.009632331155,0.008910954129,0.008123057851,0.007381284832,0.006770766774,0.006323973916,0.006043598579,0.005901768187,0.005829916974,0.005773954006,0.00571137001,0.005632244948,0.005535694743,0.005435939267
404,"KEN","Kenya",0.03941735564,0.03948577142,0.03968077326,0.03999434572,0.04037997709,0.04075887169,0.04104278499,0.04115702896,0.04105101593,0.04070228355,0.04011370739,0.03932259765,0.03840072743,0.03741453553,0.03639188181,0.03534777282,0.03427647896,0.0331662663,0.03201629639,0.03084335326,0.02967016894,0.02851861425,0.02740472467
296,"KIR","Kiribati",0.02720124399,0.02615461241,0.02510961954,0.02402786206,0.02290123147,0.0217383734,0.02056659114,0.01942721877,0.0183497377,0.01734518209,0.01641572842,0.01555140989,0.01473525376,0.01395050784,0.01319372075,0.01246289331,0.01175999364,0.01108850855,0.01045307134,0.009854779375,0.009293139242,0.008770460714,0.008283797018
414,"KWT","Kuwait",0.004097045287,0.003969425666,0.003863872082,0.003775127876,0.003696077977,0.003623508446,0.003552768792,0.003485679231,0.003420142008,0.003354819605,0.003288380858,0.003221509777,0.003155581171,0.003091908938,0.003029510273,0.002969350249,0.002911149569,0.00285553983,0.002801212061,0.002748788369,0.002696038475,0.002643985508,0.002591360014
417,"KGZ","Kyrgyzstan",0.01318537411,0.01315857492,0.01307235339,0.01287820034,0.01256197014,0.01211890829,0.01156768496,0.01096226054,0.01036180294,0.009801694217,0.009334763675,0.009006372251,0.008825710456,0.008785901861,0.008869249646,0.009035929231,0.009229897429,0.009394898083,0.009486081537,0.009483931034,0.009387007373,0.00921358647,0.009005583248
418,"LAO","Laos",0.04770870164,0.04494180402,0.04216263204,0.03939228134,0.03666525343,0.03400998341,0.03145176607,0.02900373014,0.02668156225,0.02450406917,0.02247789596,0.02060371691,0.0188698818,0.01726634059,0.01579604846,0.01447271547,0.01331149256,0.01231340681,0.01146613381,0.01074762308,0.01012469552,0.009561236457,0.009022323792
428,"LVA","Latvia",0.003942172465,0.003927200187,0.003918554286,0.003897173943,0.003851760793,0.003775306477,0.003660329817,0.003515086847,0.00334548333,0.003155940335,0.002950187328,0.002735298951,0.002516500566,0.002303624047,0.002103857363,0.001924330926,0.001771753131,0.001645893665,0.001546355116,0.001471764055,0.001420017775,0.00138497149,0.001360423213
422,"LBN","Lebanon",0.005829865372,0.005471679612,0.005112370323,0.004753613218,0.004399570477,0.004058030645,0.003733307716,0.003430012106,0.003151681026,0.002900313426,0.002675566211,0.002475213287,0.002296297701,0.002133871773,0.00198679809,0.001854751476,0.001739888844,0.001640393503,0.001557617428,0.001489417856,0.001432924653,0.001384886723,0.001343615593
426,"LSO","Lesotho",0.0310180497,0.02906260593,0.02755605818,0.02662884145,0.02631749367,0.02662070858,0.0274716875,0.02867659052,0.03002742285,0.03138187161,0.03259674581,0.03356228282,0.03424183079,0.03460514623,0.03460671121,0.03420789243,0.03340145909,0.03226146499,0.03087579072,0.02931675733,0.02766197506,0.0259879115,0.02435073068
430,"LBR","Liberia",0.09542560588,0.09495493434,0.09367674725,0.09155258588,0.08857933034,0.08479582486,0.08030133022,0.07533017285,0.07012522439,0.06486140025,0.05967191958,0.05463829255,0.04980416225,0.04523830393,0.04104084238,0.03733052012,0.03420016714,0.03163830269,0.02960462067,0.0280564713,0.02691966453,0.02609437255,0.02545311502
434,"LBY","Libya",0.007635051101,0.00716100737,0.006711585523,0.006291912342,0.005900475179,0.005533935631,0.005190965783,0.004871714347,0.004574722712,0.004298959462,0.004042248844,0.003804418047,0.003584863844,0.003384376511,0.003201757759,0.003041234966,0.002903423224,0.002789104238,0.002697353134,0.002624869481,0.002565070428,0.002513269306,0.002461805532
438,"LIE","Liechtenstein",NA,NA,NA,NA,NA,NA,NA,NA,NA,NA,NA,NA,NA,NA,NA,NA,NA,NA,NA,NA,NA,NA,NA
440,"LTU","Lithuania",0.003419063001,0.003301670693,0.003192643616,0.003089890743,0.002991285228,0.002896233817,0.002805873694,0.002718419654,0.002631732596,0.002543625388,0.00244783158,0.002339713268,0.002215674879,0.002078905259,0.00193211857,0.001783547143,0.001644714262,0.001523324351,0.001425681923,0.001354216601,0.001307760358,0.001280887181,0.001266122453
442,"LUX","Luxembourg",0.001521497246,0.001513234151,0.001509564188,0.00150081558,0.001483942678,0.00145503574,0.001414577603,0.001368749638,0.001321609536,0.001275793119,0.001230754917,0.001186501909,0.00114555173,0.001108596633,0.001075078052,0.0010501895,0.001035473456,0.001032376566,0.001039029068,0.001054011962,0.001073066361,0.001090678635,0.001101923196
446,"MAC","Macao",0.004010307675,0.003830905733,0.003660339369,0.003497075074,0.003340749466,0.003192629418,0.003049692294,0.002914290211,0.002784203804,0.002660560704,0.002542739226,0.002429632416,0.002322743621,0.002219375282,0.002121493017,0.002027387831,0.001936818593,0.001848028911,0.001761080623,0.001677619418,0.00159772572,0.001521703712,0.001451452854
807,"MKD","Macedonia",0.003491019732,0.003287738354,0.003053349025,0.00278992487,0.002503608034,0.002202216093,0.00190114488,0.001614875806,0.001356641228,0.001134602553,0.000955367245,0.000822244254,0.000725606495,0.00065715542,0.000614538014,0.000589699022,0.000578472951,0.00057401479,0.000571661568,0.000568051218,0.000560782129,0.000550203577,0.000536813192
450,"MDG","Madagascar",0.06520802557,0.06264143939,0.05974798735,0.05668253544,0.05353924594,0.05039706545,0.04730818582,0.04429887226,0.04139998041,0.0386566603,0.03610248424,0.0337553484,0.03160082035,0.02962617458,0.02783068949,0.02621798687,0.02478563792,0.02351492024,0.02237929889,0.02135548177,0.02041372604,0.01952654151,0.0186744861
454,"MWI","Malawi",0.09856166096,0.09437883634,0.09032397805,0.08653840162,0.08307251816,0.07991207899,0.07697981757,0.07414021477,0.07128730956,0.06838997137,0.0654345623,0.06243070263,0.05943532519,0.05650089786,0.05365684903,0.05093383104,0.04835441756,0.04592832387,0.04365979107,0.04155390693,0.03961235151,0.03782748029,0.03617903744
458,"MYS","Malaysia",0.004280071022,0.004024495655,0.003783093811,0.003557975768,0.003344495328,0.003144796722,0.002958933788,0.002784584714,0.002621769307,0.002467999935,0.002320351239,0.002175999579,0.002032198401,0.001889613214,0.001749006061,0.001614155018,0.001490059925,0.001379622856,0.001287252515,0.001211011941,0.001149034252,0.001100079252,0.001058268057
462,"MDV","Maldives",0.03178931152,0.02996159571,0.02817567654,0.02639156752,0.02457290768,0.02267819201,0.02068391907,0.0186168387,0.01652105951,0.01443334736,0.01240738308,0.01049816054,0.008753924964,0.007211894451,0.005895293723,0.004822245019,0.003992803826,0.003369013881,0.00291087438,0.002588610848,0.002368732555,0.002223222688,0.002126598139
466,"MLI","Mali",0.1421352965,0.1393796039,0.1366590017,0.1339319879,0.1311744858,0.1283697368,0.1255249457,0.1226745804,0.1198532728,0.1170776282,0.114370419,0.1117545648,0.1092330049,0.1068037112,0.1044576669,0.1021774875,0.0999375057,0.09771412554,0.09548532934,0.09324314892,0.09098440689,0.08871061105,0.08643862222
470,"MLT","Malta",0.002563826429,0.002532352042,0.002500463516,0.002469535798,0.002439593471,0.002408910625,0.002380096361,0.002349836675,0.00232162641,0.002292637706,0.00226428683,0.002236231041,0.002209233202,0.002181848416,0.002155412262,0.002129440334,0.002102657311,0.002076871742,0.002049702948,0.00202358808,0.001995844307,0.001968902219,0.001941587925
584,"MHL","Marshall Islands",NA,NA,NA,NA,NA,NA,NA,NA,NA,NA,NA,NA,NA,NA,NA,NA,NA,NA,NA,NA,NA,NA,NA
474,"MTQ","Martinique",0.003369646781,0.003151602995,0.002947718337,0.002758776487,0.00258210955,0.002416163202,0.002259306223,0.002109665854,0.001968682407,0.001836731806,0.001715303224,0.001609872432,0.001522683994,0.001452888571,0.001400076715,0.001360732268,0.001329274512,0.001300004736,0.001269233603,0.001235402867,0.001197025463,0.001154538921,0.001111203487
478,"MRT","Mauritania",0.04846523295,0.04751834775,0.04673500287,0.04607620547,0.04551207891,0.04501644109,0.04457536825,0.04418615085,0.04383886656,0.043517348,0.04320639729,0.04290149993,0.0425995871,0.04229925959,0.0419888141,0.04165679945,0.04129463567,0.04090031995,0.04047491146,0.0400199308,0.039537861,0.03903751437,0.03852625734
480,"MUS","Mauritius",0.003221810545,0.003025569696,0.002827463018,0.002633610984,0.002448966268,0.002292180504,0.002189015672,0.002151666983,0.002181430012,0.002269115274,0.002388176578,0.002505845525,0.002589678171,0.002617816565,0.002582065079,0.002488738873,0.002350909484,0.002197987983,0.002053364283,0.001925820307,0.001820550004,0.001735235623,0.001660976419
175,"MYT","Mayotte",0.00370109449,0.003415843709,0.003153960479,0.002912094562,0.002689227107,0.002482104197,0.002291752012,0.002115504335,0.0019532416,0.001803849424,0.001665407922,0.001537614257,0.001419291177,0.001310300126,0.001210123434,0.001117905696,0.001030891789,0.000951559906,0.000877928108,0.000810166179,0.000748319827,0.000691283339,0.000639268501
484,"MEX","Mexico",0.008440302584,0.008073288149,0.007660558554,0.007229129806,0.006787422173,0.006351264596,0.005938390893,0.005561473417,0.005231382846,0.004952174613,0.004723564558,0.004541472753,0.004391961449,0.004262247638,0.004143648072,0.004030460697,0.003917708373,0.003805203323,0.003693146531,0.003579705,0.003464190933,0.003349905116,0.003237678678
583,"FSM","Micronesia",0.01253655598,0.01230770183,0.01208151174,0.01185704528,0.01163465623,0.01141737114,0.01120747173,0.01100550805,0.01081043485,0.01061883162,0.01042425805,0.01021923993,0.009998009483,0.009758865166,0.009504397199,0.009239021154,0.008973452037,0.008714082357,0.008470327236,0.008246015684,0.008040606521,0.0078536636,0.007679370402
498,"MDA","Moldova",0.005674251425,0.005693906623,0.0057687252,0.005863774522,0.005957845858,0.006018273431,0.006018572287,0.005946641969,0.005802172913,0.005588366284,0.005319420346,0.005018791487,0.004717495862,0.004441888114,0.00420426279,0.004011818781,0.003863313673,0.00374566649,0.003646344422,0.003560888413,0.00348586668,0.00341643318,0.003351161784
492,"MCO","Monaco",NA,NA,NA,NA,NA,NA,NA,NA,NA,NA,NA,NA,NA,NA,NA,NA,NA,NA,NA,NA,NA,NA,NA
496,"MNG","Mongolia",0.03712636466,0.032720477,0.02873140402,0.02535386467,0.02265764271,0.02058339524,0.01895191686,0.01749623804,0.0160195169,0.01446997309,0.01286689944,0.01129815561,0.009892917399,0.008744188255,0.007863863459,0.007241880891,0.006837497076,0.006575210152,0.00638342534,0.006223541127,0.006067351684,0.005902256188,0.005737428941
499,"MNE","Montenegro",0.002589689693,0.002528844104,0.002478602761,0.002436775036,0.002397106121,0.002347473248,0.002272166999,0.002163721048,0.002018480653,0.001842888012,0.001647646689,0.001449475621,0.00126711614,0.001113658938,0.00099706195,0.000918822861,0.000874553535,0.000852934351,0.000843481972,0.000838975238,0.000837849718,0.000837020329,0.000836150371
500,"MSR","Montserrat",NA,NA,NA,NA,NA,NA,NA,NA,NA,NA,NA,NA,NA,NA,NA,NA,NA,NA,NA,NA,NA,NA,NA
504,"MAR","Morocco",0.0196034057,0.01802019847,0.01662188218,0.0153936312,0.01431918933,0.01338533018,0.0125795663,0.01188307688,0.01127392062,0.0107314439,0.0102332647,0.009765471538,0.009323607579,0.008903625166,0.008495761707,0.008100703167,0.007720480685,0.007364834213,0.007039123672,0.006740471678,0.006466031061,0.006211408604,0.005971037612
508,"MOZ","Mozambique",0.1125473693,0.1104722369,0.1076800833,0.104218528,0.1001718204,0.09566863267,0.0908771102,0.08601571304,0.08128733515,0.07683403946,0.07278060213,0.06919043786,0.06601295582,0.06318525048,0.06068490386,0.05845972063,0.05644213477,0.05454915523,0.05270901594,0.05088300138,0.04905449073,0.0472347405,0.04546022566
104,"MMR","Myanmar",0.03291421534,0.03182411691,0.030760256,0.02972361085,0.02871291767,0.02772804508,0.0267671579,0.02582870554,0.02491463999,0.02402348738,0.02315515319,0.02230845347,0.02148451559,0.02068762647,0.01992148298,0.01919335476,0.01851421593,0.0178849742,0.01730839741,0.0167808681,0.01629655282,0.01584603895,0.01541972857
516,"NAM","Namibia",0.02361077291,0.02264327945,0.02174555861,0.02092879341,0.02020364979,0.019613009,0.01920362639,0.01897662503,0.01890223457,0.01892934209,0.01896187015,0.01888445573,0.01861228083,0.01809612528,0.01732624361,0.01632796329,0.01516484378,0.01394136011,0.01275224361,0.01164861651,0.01066937099,0.009832369406,0.009114531021
520,"NRU","Nauru",NA,NA,NA,NA,NA,NA,NA,NA,NA,NA,NA,NA,NA,NA,NA,NA,NA,NA,NA,NA,NA,NA,NA
524,"NPL","Nepal",0.04493207068,0.04219181887,0.03957904614,0.03709309867,0.03473776071,0.03251450529,0.03041922963,0.02843930541,0.02656379046,0.02478440169,0.02309398082,0.02148688311,0.01995718248,0.0185057158,0.01712778587,0.01582544499,0.01460350047,0.01346503793,0.01241104973,0.0114400819,0.01055013637,0.009737896293,0.00899810897
528,"NLD","Netherlands",0.001538998644,0.001487706307,0.001437102921,0.001385647034,0.001333856055,0.001283742462,0.001236903806,0.001193713405,0.001154501375,0.001119143619,0.001085450729,0.001052800333,0.001017757886,0.000981570155,0.000942163526,0.000902106207,0.000863045593,0.000826804136,0.000795885211,0.000769627431,0.000748331531,0.000731545881,0.000716903876
530,"ANT","Netherlands Antilles",NA,NA,NA,NA,NA,NA,NA,NA,NA,NA,NA,NA,NA,NA,NA,NA,NA,NA,NA,NA,NA,NA,NA
540,"NCL","New Caledonia",0.005449880398,0.005156901616,0.004888084121,0.004639403671,0.004409697436,0.004195605153,0.003995473568,0.003810111434,0.003638987796,0.003479314411,0.003329057782,0.003190100045,0.00306008937,0.002938315296,0.002825217435,0.002719198685,0.002620655589,0.002529798452,0.002444747378,0.002365694616,0.00229047447,0.002219661694,0.002151913787
554,"NZL","New Zealand",0.002053192444,0.00196214762,0.001874076919,0.001792303324,0.001719664856,0.001655014638,0.001600153227,0.001551867406,0.001506916338,0.001466375735,0.001429667487,0.00139434029,0.001362187854,0.001331202121,0.001303336463,0.001276221655,0.001252978686,0.001231941043,0.001212775552,0.001196922506,0.0011812539,0.001165732944,0.001149692577
558,"NIC","Nicaragua",0.01993234865,0.01767211471,0.0157561327,0.01419146962,0.01296115943,0.0119978346,0.01120433446,0.01046841395,0.009710551191,0.00889930265,0.008045830163,0.007194822392,0.006420569288,0.005776837691,0.005269668416,0.004894238554,0.00462764237,0.004429158203,0.004258748744,0.004100290148,0.003938900746,0.003771895175,0.003606449075
562,"NER","Niger",0.2013778479,0.1967037406,0.1912961637,0.1853872047,0.1791084352,0.1725345178,0.1656884133,0.158598052,0.1513299328,0.1439939119,0.1366805439,0.1294604087,0.1224108428,0.1156332978,0.1092399616,0.1033689524,0.0981299048,0.09352195283,0.08950175512,0.08602324201,0.08299032708,0.08027647411,0.07773415405
566,"NGA","Nigeria",0.10003609,0.1001706852,0.1000788163,0.09970451715,0.09897497818,0.09780683418,0.09613828406,0.0939878344,0.09140113756,0.08842130509,0.08508149443,0.08141575708,0.07752460465,0.07353416569,0.06957388975,0.06579981585,0.06235412072,0.0592985883,0.05666207103,0.05446035716,0.05266003877,0.05118317347,0.04989947357
570,"NIU","Niue",NA,NA,NA,NA,NA,NA,NA,NA,NA,NA,NA,NA,NA,NA,NA,NA,NA,NA,NA,NA,NA,NA,NA
574,"NFK","Norfolk Island",NA,NA,NA,NA,NA,NA,NA,NA,NA,NA,NA,NA,NA,NA,NA,NA,NA,NA,NA,NA,NA,NA,NA
408,"PRK","North Korea",0.0105020059,0.01229041245,0.01444161593,0.01677511884,0.01908282726,0.02098523251,0.02206227248,0.02211173171,0.02109562937,0.01911483522,0.01647125567,0.01360200636,0.01096335103,0.008888481862,0.007505050553,0.00681368738,0.006674194072,0.006782731086,0.006891808226,0.006912581473,0.006794611412,0.006543314464,0.006234667902
580,"MNP","Northern Mariana Islands",NA,NA,NA,NA,NA,NA,NA,NA,NA,NA,NA,NA,NA,NA,NA,NA,NA,NA,NA,NA,NA,NA,NA
578,"NOR","Norway",0.001531414116,0.001480091465,0.001434297323,0.001386233314,0.001336064249,0.0012823012,0.001229995554,0.001181681392,0.001140760304,0.001105345407,0.001073355734,0.00103961796,0.001000405141,0.000954665071,0.00090197275,0.000845950772,0.000788586211,0.000735893593,0.000689962498,0.000653510453,0.000626938757,0.000607467309,0.000593691455
512,"OMN","Oman",0.01213213565,0.01097045264,0.0099169115,0.008954040998,0.008065283174,0.007243786533,0.006489987283,0.005810884315,0.005207885889,0.004674987866,0.004205163337,0.003790474662,0.003424971701,0.00310121401,0.002812759656,0.002557141813,0.002334965336,0.002146929022,0.001991535173,0.001865062186,0.001763699732,0.001680615878,0.001615227083
586,"PAK","Pakistan",0.03448503379,0.03289741417,0.03137514053,0.02991887939,0.02851748207,0.02712702365,0.02568108144,0.02412858156,0.02244630813,0.02064199353,0.01873622441,0.01676396729,0.0148006538,0.01291975211,0.01118103851,0.009657467855,0.008408163209,0.007438242299,0.006735112345,0.006283444802,0.006043342346,0.005962135699,0.005967727691
585,"PLW","Palau",NA,NA,NA,NA,NA,NA,NA,NA,NA,NA,NA,NA,NA,NA,NA,NA,NA,NA,NA,NA,NA,NA,NA
591,"PAN","Panama",0.007444304922,0.007220542811,0.007018920805,0.006837284994,0.006669941178,0.006511094498,0.006353992549,0.006197243455,0.006037647147,0.005873286233,0.005705235779,0.005534471021,0.005365256497,0.00520128241,0.00504303477,0.004892027727,0.004748641624,0.004611011968,0.004477945725,0.004351301448,0.004228868837,0.004112020759,0.004000727255
598,"PNG","Papua New Guinea",0.02882596267,0.02800961658,0.02715964489,0.0263468746,0.0255895008,0.02489355272,0.02424824253,0.0236226527,0.02299531772,0.02235641013,0.02169511519,0.02100125881,0.02028133271,0.0195477851,0.01881500949,0.01810910552,0.017459498,0.01688438277,0.01639608335,0.01599609372,0.01567492685,0.01541652159,0.01519362548
600,"PRY","Paraguay",0.01358219258,0.01307320252,0.01255474281,0.01204024668,0.01153215722,0.01102888256,0.01051692344,0.009991587903,0.0094555866,0.008920146522,0.008406136125,0.007940728529,0.007541045606,0.007220597852,0.006979881862,0.00681378139,0.006710398,0.006646240137,0.006596618717,0.006552298212,0.006501542909,0.006440939877,0.006374539034
604,"PER","Peru",0.0260748068,0.02483195666,0.02365675654,0.02253691425,0.02146099328,0.02041225568,0.01937180747,0.01833908696,0.01732320767,0.01633506153,0.01540455853,0.01457126838,0.01385869796,0.01327491346,0.01281167215,0.01244609244,0.01214140016,0.011854911,0.01154868804,0.0112060705,0.01081558811,0.01038175012,0.009925444024
608,"PHL","Philippines",0.01300685639,0.01257857789,0.01222339852,0.01189159924,0.01156212894,0.01121917449,0.01086298214,0.01050896991,0.01016630594,0.009834493359,0.009513514443,0.009200540445,0.008897408274,0.008602756158,0.008317868731,0.008046610425,0.007791568484,0.007553781017,0.007335929896,0.007135158044,0.006949850008,0.006778374786,0.006614912725
612,"PCN","Pitcairn",NA,NA,NA,NA,NA,NA,NA,NA,NA,NA,NA,NA,NA,NA,NA,NA,NA,NA,NA,NA,NA,NA,NA
616,"POL","Poland",0.002265108602,0.002185732791,0.002097735087,0.002003979991,0.001904948599,0.001802421118,0.001698322105,0.001596239617,0.001497458324,0.001406198548,0.001322809681,0.00124846487,0.001182649084,0.001123547228,0.00107213692,0.001027001847,0.000988552937,0.000955057304,0.000925680378,0.000899163862,0.000874901426,0.000852720986,0.000834262385
620,"PRT","Portugal",0.003254622806,0.003071463024,0.002887385512,0.002711025907,0.002544310228,0.002387388451,0.002242799945,0.002105003932,0.001973990641,0.001848356942,0.001725148503,0.00160232442,0.00148095442,0.001361593134,0.001244332781,0.001133918004,0.001034930427,0.000949546121,0.000879432447,0.000825518105,0.000785693596,0.000756926002,0.000734540917
630,"PRI","Puerto Rico",0.002230729616,0.002183906046,0.002148825946,0.002123345636,0.002107217509,0.002091470022,0.002067164621,0.002030882954,0.001981132647,0.001920534671,0.001861030186,0.001817649031,0.001801852787,0.001816986335,0.001860201417,0.001921286043,0.001983817367,0.002030923685,0.002051599162,0.002039618296,0.001998154974,0.001934815531,0.001861722605
634,"QAT","Qatar",0.004520168578,0.004202993778,0.003917439791,0.003659741963,0.003427033859,0.003215490791,0.003022148772,0.002845878775,0.002683707971,0.002533341426,0.002393231513,0.00226310399,0.002141526997,0.0020309794,0.001930539145,0.001838545748,0.001757910026,0.001687405114,0.001626095259,0.001574141234,0.001529419466,0.001489357499,0.001454542282
638,"REU","Reunion",0.00370109449,0.003415843709,0.003153960479,0.002912094562,0.002689227107,0.002482104197,0.002291752012,0.002115504335,0.0019532416,0.001803849424,0.001665407922,0.001537614257,0.001419291177,0.001310300126,0.001210123434,0.001117905696,0.001030891789,0.000951559906,0.000877928108,0.000810166179,0.000748319827,0.000691283339,0.000639268501
642,"ROU","Romania",0.00711558029,0.00667135948,0.006204405148,0.00576072975,0.005362697377,0.005017527298,0.004722630663,0.004453308168,0.004195056446,0.003942665907,0.003695234239,0.003451538655,0.003217863156,0.002996071615,0.002789893633,0.002603462722,0.002443808872,0.002310583004,0.002205164504,0.002124676471,0.002064808797,0.002021605827,0.001987507888
643,"RUS","Russia",0.004390171782,0.004313444391,0.004266416008,0.004238713369,0.004224873103,0.004215448583,0.004198418197,0.004167808064,0.004114445375,0.004035733184,0.00392404815,0.00377741461,0.003603114185,0.003409386723,0.00320554647,0.003002284162,0.002814959833,0.002649709544,0.002513901142,0.002409429942,0.002337542641,0.002292412041,0.002263042552
646,"RWA","Rwanda",0.1720562289,0.1980581282,0.2137856667,0.2148851567,0.2010350279,0.1760936296,0.1463124499,0.1182030479,0.09554108101,0.07905954839,0.06840428407,0.06223112836,0.05807415399,0.05411897961,0.04991515205,0.04534460925,0.04063795725,0.03633331586,0.0327912108,0.03000929269,0.02791628665,0.02636937051,0.02514681528
654,"SHN","Saint Helena",NA,NA,NA,NA,NA,NA,NA,NA,NA,NA,NA,NA,NA,NA,NA,NA,NA,NA,NA,NA,NA,NA,NA
659,"KNA","Saint Kitts and Nevis",NA,NA,NA,NA,NA,NA,NA,NA,NA,NA,NA,NA,NA,NA,NA,NA,NA,NA,NA,NA,NA,NA,NA
662,"LCA","Saint Lucia",0.00772796749,0.007445994649,0.007166746325,0.006896982491,0.006639938276,0.006398842934,0.006175709888,0.00596960943,0.005778861639,0.00560178862,0.005433867152,0.0052701073,0.005106824512,0.004942670148,0.004779109497,0.00461709743,0.004462880392,0.004320422628,0.004195174303,0.0040838909,0.003987643452,0.003900311017,0.003818480364
666,"SPM","Saint Pierre and Miquelon",NA,NA,NA,NA,NA,NA,NA,NA,NA,NA,NA,NA,NA,NA,NA,NA,NA,NA,NA,NA,NA,NA,NA
670,"VCT","Saint Vincent and the Grenadines",0.006237157383,0.006069166975,0.005933904216,0.00582482779,0.005739350582,0.005680157879,0.005647251065,0.005638309627,0.005643075153,0.00565525538,0.005662785075,0.005650907959,0.00561323581,0.005545877175,0.00545018692,0.005330204302,0.005197394929,0.005063211262,0.004938856911,0.004828451646,0.004733919292,0.004654707824,0.00458412625
882,"WSM","Samoa",0.01122124747,0.01052561451,0.009866805755,0.009251428503,0.008679819001,0.008157095295,0.00768244385,0.007254417626,0.00686816663,0.006520687643,0.006205092856,0.005919974261,0.005659811655,0.005419553868,0.005194701048,0.004984939821,0.004787648333,0.004605712782,0.004438225269,0.004283284561,0.004139978101,0.004005166352,0.003878321074
674,"SMR","San Marino",NA,NA,NA,NA,NA,NA,NA,NA,NA,NA,NA,NA,NA,NA,NA,NA,NA,NA,NA,NA,NA,NA,NA
678,"STP","Sao Tome and Principe",0.03291526584,0.03240506695,0.03190540311,0.03141164673,0.03092267194,0.03044862794,0.02999784511,0.02957052492,0.02915390838,0.02873257646,0.02826851073,0.02771437204,0.02704947453,0.02627278333,0.02540218527,0.02447788003,0.02355759391,0.02269722774,0.02193845253,0.02129917189,0.02077978845,0.02036137185,0.02000042305
682,"SAU","Saudi Arabia",0.01079385349,0.009814933468,0.008928777664,0.008125253644,0.007389544031,0.006708539314,0.006073516969,0.005480485178,0.004925907927,0.004403037728,0.00390967065,0.003445545913,0.003013735781,0.002619293094,0.002264804724,0.001956735774,0.001700924784,0.001498783768,0.001347422234,0.001242707783,0.001174860462,0.00113430748,0.001109701741
686,"SEN","Senegal",0.0735606883,0.07239171878,0.07222660672,0.07280583085,0.07384139391,0.07491463617,0.07558089807,0.07550356222,0.0744392142,0.07226054124,0.06887601207,0.06431958429,0.05894749574,0.05316399814,0.04728040159,0.04169586659,0.03679000084,0.0327478335,0.02966835216,0.02759147232,0.02643429668,0.02599111484,0.02592044729
688,"SRB","Serbia",0.003368876169,0.003265523768,0.003168801347,0.003075447877,0.002986838473,0.002905019789,0.002834290589,0.002779124297,0.002739268562,0.002711939517,0.002691676907,0.002671088482,0.002643757418,0.00260495997,0.002552828952,0.002489771407,0.002418153255,0.002345120416,0.002275116609,0.002210543324,0.00215293227,0.002102469396,0.002057412679
690,"SYC","Seychelles",0.003994133644,0.003964822494,0.003930603874,0.003881094653,0.00380830362,0.003710590074,0.003592462686,0.003463300955,0.00333396812,0.003210020625,0.003095106077,0.002993734213,0.002905218751,0.002827363517,0.002758567065,0.002696450217,0.002634657698,0.002570538691,0.002499757378,0.002421169271,0.002336071505,0.002245775798,0.002154140451
694,"SLE","Sierra Leone",0.1280704297,0.1301755898,0.1312453291,0.131044153,0.1295152266,0.1268162593,0.1233003081,0.1194825416,0.115771125,0.1123332466,0.1091836527,0.1061987654,0.1031668284,0.09996966546,0.09665137902,0.09333537809,0.09018714591,0.08735995465,0.08495462882,0.08299085227,0.08143885446,0.08021538245,0.07917216756
702,"SGP","Singapore",0.001340167736,0.001274841567,0.00123330527,0.001210063719,0.001201441572,0.001197725959,0.001189387387,0.001169503188,0.001133537065,0.001081225517,0.001013727816,0.00093705258,0.00085941011,0.000787934435,0.000725795946,0.000674998392,0.000635455617,0.000602659634,0.000574299987,0.000548301811,0.000525366435,0.000504130609,0.000485234952
703,"SVK","Slovakia",0.002133951841,0.002069677108,0.002011722167,0.00196376883,0.001925936255,0.001896175448,0.001872949298,0.001851087762,0.001827042664,0.001797188655,0.001762396682,0.001721311046,0.001674261515,0.001624847342,0.00157206344,0.00151936657,0.001466773671,0.001417618684,0.001370354411,0.001328805126,0.001291136407,0.001259484631,0.001230835379
705,"SVN","Slovenia",0.001711513914,0.001620292322,0.001532601549,0.001448206524,0.001368740203,0.001292606297,0.001220537652,0.001151100504,0.001083459228,0.00102052902,0.000960542048,0.000907691508,0.000862497243,0.00082372733,0.000791766668,0.000766292267,0.000743933854,0.000724719004,0.000705032867,0.000685579167,0.000666306804,0.000646172132,0.00062693498
90,"SLB","Solomon Islands",0.03927370395,0.0376161796,0.03566761911,0.03366487104,0.03171449909,0.02985849455,0.02808054783,0.02630728433,0.02450159945,0.02269078185,0.02091437548,0.01921699713,0.01763715568,0.01620618673,0.01494410081,0.01386164233,0.01295918786,0.01220641604,0.01157110596,0.01103140821,0.01056471393,0.01015043685,0.009773865823
706,"SOM","Somalia",0.1044872069,0.1048766344,0.1040714902,0.1018719355,0.09833481205,0.09378738937,0.08876047314,0.08389259119,0.07966007789,0.07625487598,0.0737158617,0.07190697366,0.07048119723,0.06915496915,0.06783068135,0.06645256566,0.06501552561,0.06358171686,0.06219082705,0.06083345735,0.05949448222,0.05816056631,0.05682459732
710,"ZAF","South Africa",0.01582664393,0.01541729598,0.01517655222,0.01510667327,0.01520783296,0.01548503676,0.01594748469,0.01656685658,0.01729927531,0.01809414444,0.01891022599,0.01971353576,0.02045934002,0.02108840721,0.02153522903,0.02170022731,0.02148776847,0.02088721236,0.01993148821,0.01867446955,0.01721505037,0.01567552332,0.01418600827
410,"KOR","South Korea",0.003875367555,0.003553077638,0.003268352089,0.00300818044,0.002766601943,0.002540887676,0.002332018601,0.002141507953,0.001971493219,0.001823362349,0.001695133234,0.00158979864,0.001506743548,0.001440736377,0.001389036487,0.001346494778,0.001304543179,0.001260185565,0.001210255942,0.001152074553,0.001086939619,0.001017778163,0.000949695861
724,"ESP","Spain",0.002103138887,0.002044422908,0.001983928257,0.001918965273,0.001847974613,0.001770125473,0.001686963758,0.001603270855,0.001523911215,0.001450973438,0.001384578061,0.001328402288,0.0012816503,0.001242167523,0.001209510723,0.001182034058,0.001158315182,0.001135438965,0.001111667521,0.001087051272,0.001059376518,0.001030548075,0.001001933479
144,"LKA","Sri Lanka",0.00671512035,0.00629485811,0.005919226524,0.005583538067,0.005279554915,0.005002584298,0.004746450691,0.004506322126,0.004279166741,0.004059074841,0.003846512011,0.003640910072,0.003445165257,0.003261649143,0.003091688866,0.002937367473,0.002800324015,0.002682216421,0.002581346708,0.002496103748,0.002422673658,0.002359643521,0.002301559399
275,"PSE","State of Palestine",0.009087453201,0.008531781259,0.008001259868,0.007489179903,0.006995107549,0.006524045942,0.006085353133,0.005692297971,0.005350266482,0.005059328535,0.004813937703,0.004604108433,0.004417914615,0.004247988716,0.00409007881,0.003951503673,0.003840548063,0.003765997635,0.003726881993,0.003719945992,0.003731510095,0.003748557997,0.003754934245
736,"SDN","Sudan",0.05627322599,0.05544406202,0.05453934396,0.05355741092,0.05250289651,0.05138359525,0.05021015538,0.04899936842,0.04776515171,0.04651831331,0.04525456572,0.04396151883,0.04263903775,0.04129701444,0.03996313573,0.03867913751,0.03749626683,0.03644257321,0.03553371999,0.03476688843,0.03412194838,0.03356135633,0.03303676735
740,"SUR","Suriname",0.01102569782,0.01082931404,0.01061421152,0.01038559739,0.01013829033,0.009869125522,0.009581395873,0.009284172124,0.008987766906,0.008702157251,0.008440602847,0.008218723008,0.008039741785,0.007900448472,0.007793533254,0.007698644231,0.007590673271,0.007448332698,0.007260466457,0.007026047134,0.006753814947,0.006464811808,0.006181855318
744,"SJM","Svalbard and Jan Mayen Islands",NA,NA,NA,NA,NA,NA,NA,NA,NA,NA,NA,NA,NA,NA,NA,NA,NA,NA,NA,NA,NA,NA,NA
748,"SWZ","Swaziland",0.02936746159,0.02855818706,0.02828034299,0.02858796974,0.02947015275,0.03090079799,0.03281331322,0.03502554106,0.0373342889,0.03956665761,0.04154122179,0.04311012421,0.0442173819,0.04482176312,0.04487816392,0.04433973753,0.04319881958,0.04156687604,0.03958590023,0.03737563301,0.03508508029,0.03285777271,0.03078781137
752,"SWE","Sweden",0.001094886628,0.001049120402,0.000997052623,0.000944181027,0.000892954909,0.000844557501,0.000800164432,0.000759373828,0.000724142146,0.000695774482,0.000674187084,0.000663755385,0.000661929409,0.000669887576,0.000684333665,0.000702195296,0.000722098349,0.00074033795,0.000753671052,0.000760690586,0.000762201772,0.000756455624,0.000745611471
756,"CHE","Switzerland",0.001561608693,0.00151035825,0.001456173129,0.00139866755,0.001339088118,0.001278439161,0.001219480156,0.001164777564,0.001115254084,0.001071936363,0.001031054047,0.000990820187,0.000945235515,0.00089490891,0.000840264481,0.000783281509,0.000728056611,0.000678068759,0.000636788955,0.000604898297,0.000582200669,0.000566884697,0.000555501551
760,"SYR","Syria",0.0067151453,0.006202357467,0.005740506618,0.005327848576,0.004959245532,0.004631609371,0.004341792743,0.004086783574,0.00386251692,0.003663637741,0.003482112417,0.003308115934,0.003140332165,0.002978684827,0.002828600499,0.002701214218,0.002614341017,0.002577424217,0.00259196594,0.002649125601,0.002732682077,0.002817782851,0.002880172503
999,"TWN","Taiwan",0.003139120926,0.003028162686,0.002927058103,0.002830503745,0.002734310626,0.002632893109,0.00252437528,0.002410099863,0.002291065514,0.002169485614,0.002046829376,0.001927062092,0.00181490793,0.00171099539,0.001617573899,0.001533337837,0.001458657623,0.001389431076,0.001324647553,0.001263407087,0.001203087298,0.001145289179,0.001090068628
762,"TJK","Tajikistan",0.03091517565,0.03017682106,0.02947170492,0.02881602567,0.02820767581,0.02760680841,0.02695737771,0.02621335299,0.02535372889,0.02438589667,0.02333960255,0.02225902333,0.02120480342,0.02023388014,0.01937606706,0.01866753704,0.01812944705,0.01774340593,0.01748145774,0.01731988414,0.01722103857,0.01714235322,0.01704465447
834,"TZA","Tanzania",0.06968191459,0.06916383283,0.06843498581,0.06741388226,0.06606144825,0.06435991709,0.06232534617,0.06004200109,0.05759215324,0.05502817052,0.05238547085,0.04968933692,0.04696124588,0.04423674886,0.04156248324,0.03897890074,0.03651919542,0.03419377248,0.03201772684,0.0300088275,0.02818500254,0.02655532881,0.02510162479
764,"THA","Thailand",0.006041186676,0.005374048959,0.004784573878,0.004276848725,0.003850185647,0.003500309632,0.00322158269,0.002998878269,0.002819871668,0.002672168225,0.002547303335,0.002437738729,0.002341115627,0.002255385888,0.002175828141,0.002098748987,0.002023922812,0.00195317174,0.001888685895,0.001829280612,0.001774241752,0.001722927607,0.001675524594
626,"TLS","Timor-Leste",0.07167498946,0.06776825191,0.06366349842,0.05930878678,0.0547222776,0.05001174006,0.04534758176,0.04094008064,0.03694500779,0.03341885971,0.03038396503,0.02780647582,0.02557211839,0.02357586107,0.02176922002,0.02009963537,0.0185297794,0.01704704128,0.01563950092,0.0142965176,0.01301909976,0.01182706545,0.01074154545
768,"TGO","Togo",0.06766785158,0.06608655621,0.06455203657,0.06305420588,0.06158510614,0.06014029148,0.05872222627,0.05733284065,0.05597757906,0.05465206462,0.053352892,0.05207319593,0.05081013905,0.04956354131,0.04833435745,0.04712689161,0.04594621572,0.04480135409,0.04369707651,0.04263925588,0.04163032369,0.04067357959,0.03976553496
772,"TKL","Tokelau",NA,NA,NA,NA,NA,NA,NA,NA,NA,NA,NA,NA,NA,NA,NA,NA,NA,NA,NA,NA,NA,NA,NA
776,"TON","Tonga",0.006010636954,0.005912648971,0.005821926042,0.005733518716,0.005643031819,0.005548536226,0.005449788121,0.005350881474,0.00525232668,0.005155703629,0.005059545707,0.004966879922,0.004875790153,0.004785505151,0.004698440756,0.004612018945,0.004526787491,0.004441359437,0.004356939324,0.004272407844,0.004189140129,0.004106564533,0.004026874925
780,"TTO","Trinidad and Tobago",0.006663934178,0.006542927875,0.006480245462,0.00647740494,0.006529494035,0.006634688083,0.006786852711,0.006971366051,0.007167508774,0.007358667265,0.007523142251,0.007641486912,0.007707569524,0.007716889566,0.007671738294,0.007575207603,0.00744108219,0.007287741255,0.007130737382,0.006979798253,0.006840634739,0.006713094397,0.006591910255
788,"TUN","Tunisia",0.006900977396,0.006360099639,0.005880097517,0.005483070242,0.005163791681,0.004901070229,0.004663995629,0.004421429464,0.004150776186,0.003846254658,0.003511369271,0.003162240187,0.002822546692,0.00251530951,0.002248932102,0.002032271607,0.001866272004,0.001744327857,0.00165644132,0.001595982196,0.001556361715,0.001528927473,0.001507814113
792,"TUR","Turkey",0.01960655832,0.01876587802,0.01790986956,0.01705034855,0.01619315413,0.01534389501,0.01450447217,0.0136776822,0.01286993446,0.01208358022,0.01132206136,0.01058464556,0.009871225801,0.009189683571,0.008546126598,0.007956806284,0.00743781002,0.006994393099,0.006624514128,0.00632183559,0.006071791557,0.005853616117,0.005646807266
795,"TKM","Turkmenistan",0.02148362405,0.02156787375,0.02148615154,0.02119456571,0.02068698585,0.01998463863,0.01914425062,0.01825624579,0.01740518498,0.01663753673,0.01599549188,0.0155030481,0.01514101907,0.01488489578,0.01472148742,0.01462253531,0.01455646545,0.01448918505,0.01439230018,0.01425444918,0.01406926632,0.01384663052,0.01360784531
796,"TCA","Turks and Caicos Islands",NA,NA,NA,NA,NA,NA,NA,NA,NA,NA,NA,NA,NA,NA,NA,NA,NA,NA,NA,NA,NA,NA,NA
798,"TUV","Tuvalu",NA,NA,NA,NA,NA,NA,NA,NA,NA,NA,NA,NA,NA,NA,NA,NA,NA,NA,NA,NA,NA,NA,NA
800,"UGA","Uganda",0.07482686612,0.07332731664,0.07177923758,0.0701993451,0.06857634779,0.06685413313,0.06494950058,0.06281342249,0.06043625368,0.05785209862,0.05512683609,0.05234921403,0.04962332606,0.04703652768,0.0446374581,0.04245775678,0.04049509067,0.03870229647,0.03703426523,0.03547882249,0.03402169236,0.03264844711,0.03134885604
804,"UKR","Ukraine",0.004221545257,0.004146797463,0.004102571816,0.004084991297,0.004087075297,0.00409584331,0.004096864805,0.004077739963,0.0040271953,0.003941999606,0.003817949654,0.003659271425,0.003476485027,0.003282255325,0.003087133223,0.002900790072,0.002734228342,0.002592553194,0.002476799738,0.002390169386,0.002330093231,0.002292906156,0.002270678504
784,"ARE","United Arab Emirates",0.003331482633,0.003100032844,0.002892711794,0.002706645801,0.002534545034,0.002373444948,0.002220908038,0.002080391607,0.001952266214,0.001837032352,0.001731278791,0.00163417189,0.001544899258,0.001463791648,0.00138954627,0.001320243638,0.001258054257,0.001201990406,0.0011532753,0.001110257183,0.00107141255,0.001037546918,0.001007590173
826,"GBR","United Kingdom",0.001530498355,0.001464446305,0.001396944337,0.001332228067,0.001269729774,0.001211461239,0.001159280592,0.001109718744,0.001065770432,0.00102555881,0.000990221376,0.000959892962,0.000934855652,0.00091402124,0.000896112198,0.000880116734,0.000864292693,0.000848417927,0.000830944895,0.000810478043,0.0007888195,0.000764920362,0.000741149513
840,"USA","United States of America",0.001929962894,0.001874855519,0.001816204486,0.001753873321,0.001689176561,0.001625493946,0.001562513296,0.001502245628,0.001446758585,0.001396837763,0.001353739068,0.001316557611,0.001284808169,0.001256378323,0.001232138171,0.001208457454,0.001186960478,0.001166236004,0.001144973553,0.001124355907,0.001103163722,0.001081699759,0.001061818074
850,"VIR","United States Virgin Islands",0.002968352308,0.002844324504,0.002728759795,0.002620450395,0.002517894667,0.002420798623,0.002329542603,0.00224382351,0.002164982358,0.002091754898,0.002026447294,0.0019682134,0.001917841948,0.001874233136,0.001835649716,0.001800826231,0.001766816927,0.001733532705,0.001697091061,0.001659729591,0.001619139866,0.001578587725,0.001537852646
858,"URY","Uruguay",0.003316212587,0.003229468324,0.003146850803,0.003073344338,0.003010813265,0.002962881302,0.002933551578,0.002921682235,0.002925253928,0.002938828416,0.00295891983,0.002979497137,0.002993553763,0.002996318934,0.002987155905,0.00296421232,0.002928796295,0.002885690321,0.002838895538,0.00279018497,0.002740801427,0.002690547172,0.002638987073
860,"UZB","Uzbekistan",0.01356556193,0.01327427076,0.01299964912,0.01274335997,0.01250216441,0.01227139698,0.01204174212,0.01180923052,0.01157381768,0.01133775277,0.01111242629,0.01091413468,0.01075073286,0.01062761177,0.01054173672,0.01048210323,0.01043525518,0.01038262259,0.01031211995,0.0102167291,0.01009586827,0.009951724452,0.009795074103
548,"VUT","Vanuatu",0.01989841807,0.01869383072,0.017492831,0.01631429206,0.01517140707,0.0140781965,0.01304779485,0.01208681337,0.01120209627,0.01039539556,0.009668110744,0.009018302361,0.008433405544,0.007904298771,0.00742267737,0.006981904351,0.006577650382,0.00620648892,0.005864629203,0.005547091209,0.005250996205,0.004972909972,0.004713547239
862,"VEN","Venezuela",0.00676578831,0.006584803611,0.006430228424,0.006299383792,0.006185955045,0.006084550777,0.005994320144,0.005913085066,0.005837360715,0.005763843533,0.005689242868,0.005610481122,0.005526523578,0.005437939366,0.00534343492,0.005243508093,0.005139551682,0.00503437902,0.004929345787,0.004824288849,0.004719094092,0.004613336909,0.004504132668
704,"VNM","Viet Nam",0.01252162851,0.01165833612,0.0107641909,0.0098556678,0.008955847337,0.008096786267,0.007315892641,0.006642666392,0.00610047021,0.005704330807,0.005474583684,0.005421695483,0.005518762382,0.005729195165,0.006017602442,0.006332647259,0.006624012452,0.006853781947,0.006997043971,0.007036778743,0.006976222274,0.00683525061,0.006653804509
876,"WLF","Wallis and Futuna Islands",NA,NA,NA,NA,NA,NA,NA,NA,NA,NA,NA,NA,NA,NA,NA,NA,NA,NA,NA,NA,NA,NA,NA
732,"ESH","Western Sahara",0.03578057866,0.03423960939,0.03281375125,0.03143099506,0.03004930914,0.02863222375,0.02716741762,0.02567756798,0.02418878126,0.02270853369,0.02125125051,0.01983150319,0.0184685509,0.0171794672,0.01597360548,0.01486269474,0.01384807849,0.01292308904,0.01207948638,0.01131471874,0.01062662384,0.01001347806,0.009466893317
887,"YEM","Yemen",0.04129064126,0.03981753454,0.03850529734,0.03729414268,0.03614272519,0.03502055189,0.03391845518,0.03284873379,0.03182175393,0.03082724702,0.02985303593,0.02888999535,0.02793823177,0.02700648351,0.02610167641,0.02524470414,0.02445650369,0.02375290217,0.02314129575,0.02261872606,0.02217315126,0.02178737915,0.02143589888
894,"ZMB","Zambia",0.07546059952,0.0758434068,0.07609500644,0.07617228084,0.07600223523,0.07544049524,0.07433070945,0.07262776868,0.07036129316,0.06761750984,0.06456387564,0.06141412188,0.05837722175,0.05561251405,0.05319729254,0.05114091186,0.04938525318,0.04778482858,0.04621761234,0.04463966493,0.04301077592,0.0413102766,0.03956294881
716,"ZWE","Zimbabwe",0.02629481967,0.02577076901,0.02566042382,0.02596984422,0.0266549542,0.02762960722,0.02877610038,0.02992799715,0.03092914397,0.03166869618,0.03204886427,0.03201725998,0.03161944771,0.03090541742,0.02990194863,0.02862648146,0.02710753238,0.02541001798,0.0236174783,0.02180801419,0.02006451863,0.01845705111,0.01701744956
