"code","iso","country","CO2GDP.1990","CO2GDP.1991","CO2GDP.1992","CO2GDP.1993","CO2GDP.1994","CO2GDP.1995","CO2GDP.1996","CO2GDP.1997","CO2GDP.1998","CO2GDP.1999","CO2GDP.2000","CO2GDP.2001","CO2GDP.2002","CO2GDP.2003","CO2GDP.2004","CO2GDP.2005","CO2GDP.2006","CO2GDP.2007","CO2GDP.2008","CO2GDP.2009","CO2GDP.2010"
4,"AFG","Afghanistan",192.02421201526,176.004537391324,91.5079770502388,86.8080163990477,83.2830459106545,79.9892210280574,75.5139852713906,69.870180063198,66.3387888635326,51.7573535645506,48.6946742877499,39.9946105140287,23.056774178179,33.7826854903612,41.1050159653328,48.4231970994332,56.5307548296945,71.8976280486178,135.647579772482,185.936402581684,177.68393201183
8,"ALB","Albania",744.226693984095,662.456443596029,375.888181610754,306.348873301256,301.798220812018,216.283776210267,196.136118888829,161.713097348536,162.943109449157,256.57164126137,243.731128136963,227.075340127794,255.234168115716,258.125655330669,256.770134093232,235.027696361702,186.459054217388,184.732162961479,162.041493036469,137.363363432914,135.954593261576
12,"DZA","Algeria",630.877947344306,609.922288060307,591.629188310072,632.877439474492,616.767144860848,600.319705932321,549.021065675341,537.342349670729,524.568762402851,520.404761301118,506.17184275065,454.285003500205,451.178572011158,435.703397429511,408.143112437591,391.706926023167,403.853590937656,413.785462340743,404.531027570379,424.295934330562,330.066267743113
16,"ASM","American Samoa",NA,NA,NA,NA,NA,NA,NA,NA,NA,NA,NA,NA,NA,NA,NA,NA,NA,NA,NA,NA,NA
20,"AND","Andorra",NA,NA,NA,NA,NA,NA,NA,NA,NA,NA,NA,NA,NA,NA,NA,NA,NA,NA,NA,NA,NA
24,"AGO","Angola",284.443155577429,285.778225770869,287.595219726215,406.818841956588,372.185295513361,526.464101718899,491.290923571301,459.920475284879,421.131480426162,438.637493238375,418.241518958951,420.866229612026,383.576330838428,471.367357323089,457.346436093283,350.428120914654,306.114446203551,277.503937578407,254.02643102136,259.350752480363,151.740634900346
660,"AIA","Anguilla",NA,NA,NA,NA,NA,NA,NA,NA,NA,NA,NA,NA,NA,NA,NA,NA,NA,NA,NA,NA,NA
28,"ATG","Antigua and Barbuda",458.549307576701,424.065549742962,411.824563892993,401.556519486371,374.452748040886,395.38025131849,363.97091395126,355.976230394838,332.534505127745,328.633996832187,301.147007568204,303.95452435043,306.127865811437,301.223152362969,292.42481364738,269.147161004955,239.130721005569,217.726536776168,218.235082028701,254.02222585979,389.286935332474
32,"ARG","Argentina",644.408551393099,567.759872291192,521.593986246957,471.052818513315,459.271684116282,458.609053649212,451.963458754189,422.032924367138,402.172592186219,417.114214106695,410.368677273807,387.958205800904,406.465491224423,389.554170878532,414.007720303213,364.540900944758,357.066768402499,364.095492434818,383.958490075428,369.020160319189,362.83885598341
51,"ARM","Armenia",2759.73941831112,3175.99076163902,2677.92609690453,1345.93826256573,687.324025930542,789.77996651012,547.499975353996,655.286065666778,626.430813704402,535.941723582075,560.340279384757,511.56534046381,379.796363640131,366.016676716403,347.441961513654,351.956771140008,303.316885413864,299.758363724059,300.748888815653,285.069280641909,240.227361088075
533,"ABW","Aruba",NA,NA,NA,NA,NA,NA,NA,NA,NA,NA,NA,NA,NA,NA,NA,NA,NA,NA,NA,NA,NA
36,"AUS","Australia",899.312138414319,857.870288991752,843.343486830317,829.277314619494,781.973164514412,746.68916504546,750.46982367633,734.189826212121,710.426605089796,688.93890071366,665.140024960453,614.560200212632,600.283249007743,578.000226066096,544.840240289769,540.428460304635,513.892744604474,489.771964286887,482.326203006667,444.769984718343,444.569133815912
40,"AUT","Austria",402.825915249546,401.991717982818,355.349583298156,346.457774464513,332.662549129702,332.642006793609,339.036641654418,327.394344633024,315.478359854409,294.417393065233,278.241850302065,293.067962828144,284.363691010483,295.556892301523,282.808145686482,280.374233749711,249.783842115368,232.037344240705,219.392945333723,202.682713146124,204.568721106217
31,"AZE","Azerbaijan",2962.01051127284,3145.88447202127,2818.92772348078,2988.41569656138,3305.78846438063,2935.04729643279,2630.3013725356,2343.45574773218,3158.23740949303,2687.32907871965,2429.3063029505,1446.81178927197,1278.39746268557,1189.22183928976,1103.12167932053,935.989830620367,646.550014984287,441.689575778941,414.147091705703,326.212489292409,275.453518764442
44,"BHS","Bahamas",363.735325593545,335.396177474377,342.943547796375,320.167498372644,305.497673138234,287.858524406973,271.387872118558,262.534536737727,254.524114678137,234.12012821381,220.486406154706,210.082596214644,233.322630526508,207.794413972482,230.59964636382,227.996154004668,220.655081766531,219.702823865961,223.731110209687,243.175282518854,331.446696592955
48,"BHR","Bahrain",1611.387946158,1321.98404076748,1281.95832937406,1192.13602101118,1260.85281384238,1178.10247598539,1104.9396582807,1163.10706373241,1177.56542605963,1061.71052740077,1029.88051270085,996.86369165808,988.452604812593,951.959161923884,909.777215751038,881.227975926561,889.784483296022,840.583423944702,816.835035863944,808.738488955552,791.376447483282
50,"BGD","Bangladesh",251.908343300715,223.021412027843,229.142677893787,237.562931290537,236.187283326213,269.907112362508,260.163053693155,264.936174770611,261.649354307765,247.850652376514,255.929968697586,275.548594564873,268.44444095502,262.269154345158,250.944430700517,248.416886543536,243.059917653456,233.598670443202,232.815928294664,235.193589468663,215.70782948577
52,"BRB","Barbados",355.87618851012,398.056463347452,332.94793268645,367.333353476265,233.469536443705,247.858327606437,245.484404699376,239.069176679865,287.43898260034,292.991812403292,275.206204995366,291.309042199005,298.969039344542,297.327336707577,283.742621487186,278.215504820071,264.137467420574,265.729275948834,273.514740969904,299.590206777361,268.676324507949
112,"BLR","Belarus",2724.49436174363,2621.67101220405,2283.67615743777,2025.16333343532,1912.44962191412,1827.33341989106,1782.51284723124,1535.54957058768,1341.09106537519,1248.96910300175,1180.54819274489,1089.94242753673,1047.1872304183,986.814213528183,897.221881906053,784.401746970535,736.805287267991,642.115939841111,572.071740167963,548.145478049023,496.017736069669
56,"BEL","Belgium",606.446293421568,603.612309667297,581.276618685643,555.910552413419,553.2705986142,529.377574753021,545.606297309661,510.536988266133,511.260938807027,478.795638876783,440.861815923908,425.119220084195,377.910089124952,397.511627463082,374.591644839505,351.571005040024,325.349078366568,296.511072084087,290.883276381656,283.792874619441,258.225587697952
84,"BLZ","Belize",545.63495412314,550.724846805417,476.461013721335,465.860398577398,451.375604222955,442.630386292614,349.722930145221,418.130930674748,378.741765559962,557.126728441287,552.994466925067,531.651471704096,251.478972980996,234.450459281329,222.284179619473,216.819896096344,206.28438391237,206.722159467968,187.011371950008,188.709551734294,204.750011873993
204,"BEN","Benin",98.2043615624912,84.3533573320363,87.3487305785704,95.0569286528329,86.974401831381,90.8252162311789,178.027522866646,198.463348933987,185.242220235477,215.616218430933,211.230021086677,219.842371541551,240.279073473649,259.893777869664,258.336922412988,230.654655876991,349.083653950075,376.383250178699,350.982986674222,358.264293660818,322.684445553528
60,"BMU","Bermuda",NA,NA,NA,NA,NA,NA,NA,NA,NA,NA,NA,NA,NA,NA,NA,NA,NA,NA,NA,NA,NA
64,"BTN","Bhutan",183.874523079974,260.317997833546,286.638505391582,233.859752453594,248.292108476953,265.753877600218,298.186486863206,362.283687757375,331.034063547121,305.034260699713,287.123594051947,252.325832853968,241.153933476387,198.201366087318,148.474102632569,172.459015484338,154.897692944554,127.651052915024,127.140557348499,119.133952862984,83.7851729400337
68,"BOL","Bolivia",354.821131831121,332.721585056054,400.339770807187,435.08776500448,489.635428293815,439.379190973289,467.034880506318,480.297391975282,480.836836939347,435.091086578921,330.474536248465,239.169291539399,284.369646349864,299.786179249191,267.817901469473,358.343466132443,405.808943967228,322.294679926903,317.068868004727,318.707172400473,293.725224585838
70,"BIH","Bosnia and Herzegovina",7147.39950335674,6417.16610052792,4305.09756075114,3606.45381437607,904.373781337049,776.560449061209,495.99235503135,718.484146524753,773.794330545895,680.968564346544,836.675608828818,761.789351252206,759.196359107843,722.78470997227,711.334738032176,679.584785760168,647.957806415879,588.841148842924,613.011485567928,630.54753362078,608.496102472592
72,"BWA","Botswana",422.376745088048,369.761743021878,423.478295135503,399.48968670573,363.237249227962,351.548911322828,298.931969704159,280.125280087992,301.036496370984,294.754313550561,282.566641150742,264.303944679797,244.320708958051,216.166952606216,202.761602411389,202.776768184403,188.546360098699,171.702893648474,172.029984161343,164.823439813265,161.729573990543
76,"BRA","Brazil",284.428064456228,283.491614964064,282.236035657037,273.200638346448,265.294507965117,265.214357419837,279.712768273864,278.633680446365,284.325786965687,286.558641706574,272.237310847469,271.138256261435,258.107188751984,241.281747251621,232.506448115399,223.589192741242,211.244524000188,203.165774939593,199.799050696424,188.471177069403,177.520320549513
92,"VGB","British Virgin Islands",NA,NA,NA,NA,NA,NA,NA,NA,NA,NA,NA,NA,NA,NA,NA,NA,NA,NA,NA,NA,NA
96,"BRN","Brunei Darussalam",521.731995069526,479.231920038274,488.148014252371,455.722227063114,409.100431845309,457.205392011437,448.911554095144,465.114820402828,472.316415846879,458.151491548171,438.484164699145,390.002284190923,360.316780826451,391.506402428468,344.863252146729,324.013751032248,425.803941472036,422.292073894498,460.803647892868,400.957423473661,407.48524245825
100,"BGR","Bulgaria",1666.60330884774,1323.67998530013,1327.66395336104,1392.5315945847,1259.34536243008,1262.99697036688,1473.93433169023,1303.97593250033,1113.23501337022,974.529671466168,875.527206819975,879.782439191074,766.375292791432,769.138354047649,696.859804088935,654.638904489652,598.287458769669,574.697592241795,493.518282853992,429.544860437422,418.752627355065
854,"BFA","Burkina Faso",129.836269100188,123.041719473012,120.933765279293,113.708629871979,113.223717261847,101.680094808591,101.59061237742,106.857668277512,104.889071326407,104.038438050489,111.795125853547,98.2259859439549,92.6011910757407,90.2693647531515,86.0423025252342,78.161468064444,85.7044483125143,97.2933039335841,92.9780248766346,87.7759871268136,83.2592580971998
108,"BDI","Burundi",109.082701947248,113.792267024527,102.129426019023,112.708117222721,117.345497410299,120.563449527773,127.376706144065,121.326597570188,110.232913573515,107.113852314028,107.034131362702,73.8081652577629,71.8847038128582,52.5864332820762,58.5540164460231,43.6794388607899,49.7012145350389,42.5621610247507,43.7642676484466,41.129864388768,40.8102441904528
116,"KHM","Cambodia",94.4072056975283,86.8183527641971,81.7121290101218,78.3752849052472,79.6138712580605,214.601151281638,213.652205830295,203.675764380811,218.861138525232,196.309743513007,182.786345115406,178.100437878457,164.268431633747,160.788432383206,145.801573477511,141.486013924287,133.722328013808,136.824855728249,143.046370101536,145.154269767891,121.74936449546
120,"CMR","Cameroon",166.071832679711,154.274560372171,149.694507507444,382.907560595852,420.776697552322,388.333736881693,325.884503900522,318.073460494613,306.156194168083,280.974908398669,271.693863550873,240.63173919285,221.303313980483,212.125279202742,214.308294891209,200.230433958722,197.600018015155,233.583201716782,217.518823074291,238.438592277834,112.777414664459
124,"CAN","Canada",799.800887242021,769.663487879775,769.068812352381,741.518118219677,710.992381081392,694.018662972297,688.075012718073,669.375918018787,653.214895726798,616.129689134432,605.689142715934,574.245368457149,547.671483820611,553.187233074726,519.865944585344,491.021466431095,453.019444560103,440.141901255098,411.588809509146,389.61926425602,402.425215037233
132,"CPV","Cape Verde",245.051773318984,243.553898648338,259.280635338721,236.433665396666,232.117805961408,218.135816340662,246.164786883592,230.332397695947,225.642759995166,222.442959987125,220.308954743125,226.750419828701,249.182278436213,240.055882806473,233.650991303612,235.880782745953,217.873449452686,197.158860662707,179.536346754554,175.67103953753,198.3389358322
136,"CYM","Cayman Islands",NA,NA,NA,NA,NA,NA,NA,NA,NA,NA,NA,NA,NA,NA,NA,NA,NA,NA,NA,NA,NA
140,"CAF","Central African Republic",109.450435041421,110.36750372008,121.703438809979,122.702401916152,120.278875821473,109.64950077438,112.230927482047,109.471307082809,104.662588497306,105.399040477581,107.296207145501,95.7145982094994,94.7535730856452,95.4152875012449,83.266680641232,78.702766091417,78.5331494557527,75.9621333850813,72.8614600413549,71.0193371757145,98.5387325660875
148,"TCD","Chad",41.205845733358,17.4321155656551,19.9639975536676,26.0771120892145,24.0726678951008,23.2380126550344,23.1445965087715,22.96776410762,21.1774076758045,22.3652995489208,32.1332636145153,27.5483668376344,24.4496291159073,47.2076738229918,34.0276687496849,29.7056194237777,29.2447546413925,32.1998862798492,33.8836451662519,28.4563443435111,15.2522484163678
152,"CHL","Chile",549.213036815667,467.972304554943,431.409577037734,400.681467905176,406.06047065938,384.997520328627,407.03369136456,429.524446893945,423.23735361584,443.291672602134,370.040903882538,330.635798072499,331.336623745606,321.018496276724,317.874322644271,296.474179281131,252.827595362767,256.33545838968,264.664010758597,246.525239877113,218.687748027544
156,"CHN","China",2743.58014512604,2401.40023554814,2163.5630297368,2005.9368113806,1839.32504851938,1762.60258631153,1639.02961280117,1465.21197349447,1340.06988422769,1236.76467644911,1121.0587526565,1008.38763971946,1003.14802853023,1050.2445759656,1103.26592779969,1054.69426294449,1008.78585827509,915.744071563962,883.25978115722,879.794069611455,712.831250925972
170,"COL","Colombia",357.760601915185,346.742469811333,348.63459821967,346.946776127663,328.956949753358,314.130208384992,307.217956798258,301.760901465606,315.893557398089,278.717503540915,270.874002629674,256.030956921442,234.146138942707,225.388290181699,210.644359872546,209.479566910099,197.37979033702,172.644763925061,171.179129209581,181.578520853341,139.293225210995
174,"COM","Comoros",201.278620736917,205.765548143779,185.68058631943,176.394769221719,182.505207710157,180.423806042548,147.070660489238,138.699056347268,149.982199660347,159.467431801693,160.973131225369,158.838461021134,156.390240755562,161.376722184946,163.227679742912,162.356835742157,170.902653039692,165.276097988931,165.039968408648,160.693185874051,162.243518397067
178,"COG","Congo",149.669708964465,123.312942578767,114.360835846094,455.091972919261,433.596592911106,423.582741774788,380.16365660095,442.992562688316,405.630277237179,360.492966208214,331.335875613617,335.767546047926,297.75053624596,318.20582254767,294.035767751012,435.706784518255,403.939342907745,406.685880632902,379.079433250221,365.594519943149,97.0484215664678
184,"COK","Cook Islands",120.087336244541,120.087336244541,120.087336244541,120.087336244541,120.087336244541,120.087336244541,120.087336244541,120.087336244541,120.087336244541,159.934497816594,159.934497816594,180.131004366812,159.934497816594,180.131004366812,300.218340611354,340.065502183406,360.262008733624,360.262008733624,379.912663755458,379.912663755458,399.017467248908
188,"CRI","Costa Rica",234.042248938996,237.052312038203,263.453200921534,246.169396486804,226.207097091396,219.263568595494,208.379141907259,201.401624964431,201.119088027781,190.773999581947,199.844891507917,192.417205241109,184.002418538881,184.320793424301,165.588030675795,161.601620614905,155.771482253269,157.776318544391,155.138370640896,150.841772402951,120.674337829381
384,"CIV","Cote d'Ivoire",180.009862379784,179.05963170605,224.899022724997,234.312061669591,248.759657211109,199.159084467073,245.279675415393,235.359458875173,197.308793492265,297.059610013158,259.14090224254,221.137163267562,265.117008519277,215.612352320598,229.018638986623,227.571670545396,185.953014160947,212.880108156117,206.166896860621,169.572121780535,156.616945116426
191,"HRV","Croatia",1243.52310471418,1043.31332672921,470.817551424742,520.205118671376,464.848988480715,450.499938551298,414.448731246393,426.96596162784,439.408973678231,438.180482434039,399.495177177531,394.211958335387,386.079744350287,386.13894309607,352.537679384581,334.091609424112,306.451453120592,290.586230535189,257.307988979097,252.633267564098,232.259597506167
192,"CUB","Cuba",278.966115702479,223.112396694215,183.856198347107,168.793388429752,177.261157024793,196.221487603306,206.161157024793,222.422314049587,215.998347107438,218.780165289256,233.185950413223,221.748760330579,215.137190082645,220.847933884298,216.048760330579,220.929752066116,231.752892561983,218.509917355372,230.017355371901,255.937190082645,248.181818181818
196,"CYP","Cyprus",655.147237031508,658.566266247966,637.745576875878,658.119737750244,702.399845940705,569.666885248874,604.007807648716,561.571473317331,552.370807024794,519.478367827828,519.314226077765,470.669415522331,464.187123173685,493.489772241405,428.853542998533,406.983210141415,385.509156175393,368.27768112116,340.070546331934,333.208646499364,282.645657146974
203,"CZE","Czech Republic",1263.20256506978,1261.27054459271,1191.23726984555,1117.65282987757,1003.81920194609,935.381987667545,897.115998532868,906.293328653108,854.381306067979,760.365925867446,797.327438837298,742.416955630289,702.326126116078,665.574292575963,627.025457880819,583.032174180714,541.418726893187,497.518313763117,457.862124682217,421.289482979791,430.133383430396
180,"COD","Dem. Rep. Congo",262.871116271243,262.572500130818,264.566754141972,280.707570425927,209.226074685099,246.935149253962,251.625485640641,225.465223103307,208.567319627014,191.855073631921,154.910244058176,135.165610089737,135.181815292049,141.268477342069,138.653709594217,143.350139606667,139.605583991961,138.234503165518,138.100025619524,127.967419144839,132.499353268391
208,"DNK","Denmark",547.155202919266,621.823153234183,543.28853236661,551.915014164306,547.774106180263,496.434939096529,576.463520670303,478.743523024663,436.926085764185,393.625411804121,342.570641295589,343.162192663226,325.38918389317,358.848481524144,307.312319800068,276.857822645201,293.435612911136,257.243412871133,228.681635581717,224.8753300088,208.820930056979
262,"DJI","Djibouti",359.516718400093,363.238557309033,368.815865279739,400.215983692645,395.941401326503,400.924751503271,417.8540169853,416.536884923288,383.013650703571,399.044342000819,353.612736866143,323.448860861415,322.01031676067,311.173856947921,328.280336314919,317.857119221269,302.895631077114,280.077624781041,301.171096624801,305.366800833505,666.599690582908
212,"DMA","Dominica",155.904591183331,149.8694422456,143.833034144832,147.160394561915,158.84974841257,176.291718671603,153.480698987168,163.141913500304,146.21754667564,150.0130238106,198.016687210155,214.527406170736,194.810850156629,196.706007432375,179.652587646194,181.216439376445,155.083047713599,194.400891738272,150.568249553608,150.962067016502,148.924523469254
214,"DOM","Dominican Republic",493.878025060832,482.702037709827,488.551667559922,440.125386273645,494.808779272362,489.724232292571,473.920045587933,489.143327453102,495.879109589675,467.452621263233,464.887116534511,454.938949390287,438.652069282988,428.837802612585,355.854411088423,330.319473883379,309.84882588924,284.243529152954,259.012564702202,237.096174139217,200.741952054898
218,"ECU","Ecuador",338.414416799074,328.984070230796,342.166288138119,287.677114413389,288.689755391361,337.017966032661,352.607302516269,341.37346004979,335.048435190653,318.541155965941,323.395501015546,334.764077573185,332.998843914425,345.077132030691,325.493740772501,320.759388816239,294.75837309273,284.754443026829,256.444694233455,258.338357258078,235.044236730933
818,"EGY","Egypt",697.515499909709,686.983002526943,659.657698410019,627.015209979904,559.428823878285,556.227251147333,556.631649104989,538.859563247455,547.725566451697,508.636125416344,451.220346348215,474.407195731809,464.285218560173,451.468992557104,471.058504935068,508.861165963423,488.060700554272,473.645753851548,438.46864903741,418.712279226061,355.877590933137
222,"SLV","El Salvador",188.000434190496,220.989790319489,209.165834848519,229.530139169373,237.249277645415,242.027147086098,209.08357522786,237.654053060968,238.836095297547,221.474701246317,215.088672286573,214.014880672824,213.354285589197,215.718676514928,200.353717830221,189.6834754069,187.319449273579,176.734133788227,162.428445914777,164.971032574007,142.870431775287
226,"GNQ","Equatorial Guinea",223.967132179794,365.161161323328,346.643271741117,1521.77139785397,1328.13512283086,1247.97748302958,1376.63401473833,897.917158358002,689.714156812806,593.702966490272,535.962899559347,369.314484937574,368.766112364072,525.823495703519,429.799292999127,326.361557741824,417.819846998819,321.504726455167,267.911480825215,286.30294228371,276.699357345212
232,"ERI","Eritrea",0,0,420.919321710071,481.426064693788,454.304338550411,488.38100753311,475.418775613497,386.291904598084,289.146479539762,303.861798481774,297.508360165482,280.39450044032,255.538522105389,306.694000090179,313.852545712962,296.14551590637,209.226539307166,207.48084495133,160.391519682728,189.331046735614,171.612963263455
233,"EST","Estonia",4290.54903545064,3833.85342129399,2871.47698084244,2201.15998701896,2194.799845839,2044.59249079669,1959.2549615308,1698.42138322456,1516.91822055542,1373.48412723018,1216.61648522125,1153.31337678051,993.969124811039,1023.96339159391,936.040366944259,814.481236604032,681.828387796917,708.822255541953,642.717028770157,610.115449103138,685.924748584765
231,"ETH","Ethiopia",134.949415596522,137.502836550032,99.7662258923688,109.919901702581,122.948245867847,130.672022221867,123.528837002882,118.59091660686,125.283471995617,114.765837017519,118.972288264115,131.76668586274,132.576456505676,146.340108855309,132.704769432098,110.726953379191,103.823154859559,98.7345038640065,93.782645890345,89.2672344233657,62.5696331162314
234,"FRO","Faeroe Islands",NA,NA,NA,NA,NA,NA,NA,NA,NA,NA,NA,NA,NA,NA,NA,NA,NA,NA,NA,NA,NA
238,"FLK","Falkland Islands",NA,NA,NA,NA,NA,NA,NA,NA,NA,NA,NA,NA,NA,NA,NA,NA,NA,NA,NA,NA,NA
242,"FJI","Fiji",450.309194727258,370.995728289592,366.630836857971,370.895931096189,370.816510449967,374.142926531044,362.681527692908,299.729368187951,278.709958151345,287.957642366742,308.996030530575,381.590500613521,271.67055329333,269.227952582548,332.302257280053,384.32076623812,364.548965104089,316.028137686748,274.399032336547,215.741497459037,335.418005669742
246,"FIN","Finland",604.016712982216,651.759429661324,581.431509930402,624.121992512575,668.987406278479,567.801478138238,647.302574603062,585.452635297837,510.941263505609,470.938068768754,411.647124343363,433.285399917206,448.297248219025,502.675378601137,449.155810050856,355.858892468513,394.666001135992,347.995564296774,290.892916273346,296.194406235672,325.6054647071
250,"FRA","France",380.093706293706,380.89157316782,342.535571160704,330.469296101121,298.794226582355,298.516254746519,307.597098736547,276.888717573141,283.020328358646,264.751606221255,241.769916699826,238.776255988208,226.8711692425,234.313261123776,226.804426326308,215.24888482829,196.16111862243,181.747269078586,173.460004381081,167.24955240325,160.524899057873
254,"GUF","French Guiana",NA,NA,NA,NA,NA,NA,NA,NA,NA,NA,NA,NA,NA,NA,NA,NA,NA,NA,NA,NA,NA
258,"PYF","French Polynesia",NA,NA,NA,NA,NA,NA,NA,NA,NA,NA,NA,NA,NA,NA,NA,NA,NA,NA,NA,NA,NA
266,"GAB","Gabon",430.296890065463,396.927001101327,436.270189669633,423.439775192415,353.229966226555,342.132976785442,341.34984146227,310.514935045432,311.22971286767,324.32467351278,311.090696607734,318.099350081537,308.878352648415,302.833968377626,290.640735477409,285.53683746168,229.701304940649,221.338407268653,210.576327390104,222.306079038969,119.764097181459
270,"GMB","Gambia",179.261449040586,174.67701212028,165.482498491521,165.855542378733,162.295563922652,162.791193038322,156.47936959236,146.348773952113,151.243662252039,153.235108298686,152.313517959517,144.511769984457,164.17301635766,150.450175645232,139.865703034314,136.659226563662,136.885986102869,149.274244388969,144.607146245001,143.061958362955,146.293687838561
268,"GEO","Georgia",1434.84249461003,1385.91479437774,2012.03925949111,2226.84882331971,1611.60541682599,1068.69156089458,806.450368336908,618.649968461864,543.531463356182,454.923652245262,466.176391308459,354.68221389996,297.505255462687,292.878979308145,279.196719387159,294.885804996997,300.534463465076,292.573020547429,241.619911216049,273.835713199944,219.88842729889
276,"DEU","Germany",673.345261825876,598.846978514856,551.047926615179,536.27870066033,506.536332140754,487.291996203733,486.736380600971,463.661379170964,448.630164622337,417.056684700492,407.057284533648,404.042284316801,380.932595337907,369.740798496144,351.432975630472,325.969329696025,303.904191486586,280.722431249145,268.819269913972,263.319912001754,247.344131106225
288,"GHA","Ghana",328.850357982248,289.44226144704,285.002565508326,303.6513214215,307.043743076704,314.799698416051,317.968439581676,340.047911841602,407.957279865986,384.374946211667,349.043702521016,383.867100501158,393.194900122084,355.142625952032,315.39321960305,273.426652946557,331.842460628135,312.14517796589,250.664835957303,214.874525914557,237.105813512613
292,"GIB","Gibraltar",NA,NA,NA,NA,NA,NA,NA,NA,NA,NA,NA,NA,NA,NA,NA,NA,NA,NA,NA,NA,NA
300,"GRC","Greece",591.288789314414,545.856196576525,540.8943112418,540.89228476635,534.056498700597,517.101700843297,503.537376937172,495.554412864622,501.739174611776,478.736633490864,466.801206845485,440.654534021343,404.61448175853,392.855127491999,375.323558384481,372.308443431818,331.779595616608,320.900357785786,298.929838273312,292.02679487413,270.64955250338
304,"GRL","Greenland",NA,NA,NA,NA,NA,NA,NA,NA,NA,NA,NA,NA,NA,NA,NA,NA,NA,NA,NA,NA,NA
308,"GRD","Grenada",253.705601449048,247.933117136295,259.190526581366,268.478966920861,301.284245118952,308.794962898319,298.251855069737,305.227034941389,288.29852643174,279.271472866744,264.359875173748,283.880742456565,260.091392390106,249.278401089023,232.517169912571,208.880040246025,226.665648713988,214.224267804768,213.983678968851,227.253031238625,247.046393302374
312,"GLP","Guadeloupe",NA,NA,NA,NA,NA,NA,NA,NA,NA,NA,NA,NA,NA,NA,NA,NA,NA,NA,NA,NA,NA
316,"GUM","Guam",NA,NA,NA,NA,NA,NA,NA,NA,NA,NA,NA,NA,NA,NA,NA,NA,NA,NA,NA,NA,NA
320,"GTM","Guatemala",207.049562344227,196.77139653184,204.850780310688,192.143602747954,212.705932029286,213.425172865382,213.194366019296,214.109239236636,242.634993879794,233.790784096258,251.761381298561,248.999899465825,246.678031851891,232.778043262157,233.310311590411,227.959052725333,209.406285215951,205.430834566909,175.797433319595,180.52316946865,150.317279661167
324,"GIN","Guinea",284.081376623352,272.416032335515,258.346057255654,247.232229918175,259.354072120294,246.636304728163,236.079491368715,221.468730343622,204.690139201287,198.908431174993,191.031984499507,182.797682626975,174.418753667064,170.588929089807,162.130046679449,134.40132709169,127.029483411204,124.331029471645,116.273037807073,116.975312843793,132.253191707792
624,"GNB","Guinea-Bissau",285.039954632247,266.133581382642,261.426038011254,268.280686432347,254.774626063897,241.571476558115,215.485334206508,213.787340779872,205.959263041099,228.15194040823,173.695054486739,158.400288797904,161.230596045445,198.246875671204,199.969228438877,189.712245652395,195.317759232075,186.17043320286,162.758176563895,165.776036278616,223.81489906691
328,"GUY","Guyana",1391.81123818767,1249.66223912885,1064.54013373697,965.928336171131,1102.53327948178,1139.10222940174,1070.8536480341,1036.46239492018,1073.18613394989,1045.38417674871,992.308017521632,940.286119378903,907.249904477794,889.201023740293,870.647478158555,756.893620644692,627.891387930963,768.184092202242,733.557727850877,702.137619995879,698.209958801749
332,"HTI","Haiti",144.311709959717,136.949645709348,128.415792158555,104.605882397435,30.2506242518423,127.422672097757,140.27043211657,178.655071754118,157.611664387527,163.072200932117,161.67342857526,186.109090306912,209.359045474742,194.482122311954,224.340514986548,222.721293500968,215.959666624598,229.167414571195,225.947877474788,202.910804957826,193.509745829311
336,"VAT","Holy See",NA,NA,NA,NA,NA,NA,NA,NA,NA,NA,NA,NA,NA,NA,NA,NA,NA,NA,NA,NA,NA
340,"HND","Honduras",264.866284289138,250.917061518927,255.602972112164,249.659262518142,277.421155042139,309.911255332316,298.745552880839,289.552915344497,322.499376067674,330.762276848254,320.213290524937,353.112589025582,349.557652489108,362.069951158699,360.298106820449,337.090655358596,289.451305538879,328.382167360733,304.077315912686,280.079608571864,244.420028306982
344,"HKG","Hong Kong",NA,NA,NA,NA,NA,NA,NA,NA,NA,NA,NA,NA,NA,NA,NA,NA,NA,NA,NA,NA,124.146808765417
348,"HUN","Hungary",756.568343597986,790.817547712298,721.243191577773,727.776356555897,660.180663668953,655.93030957638,649.741347100515,596.433712288123,545.496110464637,523.523904576006,466.569681184267,425.009707030821,384.281975573748,386.877021925227,360.449239044068,344.842106492702,317.252826662175,297.668283505615,269.713015241494,244.446251182592,237.332182631842
352,"ISL","Iceland",374.428691834758,321.813700956211,332.548714084141,349.567601683523,336.464802382474,319.559398814167,346.997133575219,303.208383702492,280.81988667314,265.364141286407,272.916687420875,246.816090634126,248.399646956741,248.591420659195,231.155404887846,216.945968844154,212.0789630132,201.748751208487,169.848278788878,173.810074248451,170.09637100126
356,"IND","India",818.876672927456,834.819935570403,815.335788238799,787.049582239328,763.764597756266,750.724761317022,721.147299034037,714.210180675324,677.980860688173,668.757760287122,636.805500347809,606.01869212963,595.399412499726,556.422590397391,542.903293795825,506.208357824837,478.86949846649,455.456423905455,458.352987790561,462.587452160457,389.226187341093
360,"IDN","Indonesia",602.961932436526,580.242260835494,562.476418670953,605.176268747579,525.523464156292,548.166816722597,530.653583376917,518.786792089567,561.934858626353,590.699863144398,603.586992420032,585.400279671386,580.398106436042,541.900361537252,559.071769816259,525.698743120346,500.144540848416,455.486272419177,413.350809201517,427.037639733975,397.250739516269
364,"IRN","Iran",797.252224021878,817.188089878214,797.263553341499,821.238230185575,894.526895116751,904.78157068575,801.600273723651,840.556609774338,806.202421703367,885.747911114624,813.628608742838,813.822874963674,766.410812184152,728.1072713216,733.311719835312,746.8836975119,709.691589874526,664.928380419839,685.634423465286,694.087148688784,607.370301382155
368,"IRQ","Iraq",1181.30480006699,869.139128263329,1213.39917221313,1534.88525234996,1738.57068816352,1715.02314065999,1653.76551347211,1961.44439987058,1065.96592748124,660.848639622827,791.332917857215,860.022336106547,963.156218868888,1507.81653318451,997.770275367708,1102.11558061494,854.9429750105,844.339680964408,953.318168139054,1026.6305852257,929.855939065517
372,"IRL","Ireland",699.687264879637,660.586430222227,616.995644994028,592.045913976509,572.52264159375,514.683554216714,500.666831551111,465.881339619639,440.081680173069,418.129131591237,381.612498408599,378.216133633824,341.539016177159,319.216090099951,300.290031749434,275.499733558053,246.432452210937,232.150021584013,237.410435494939,238.397574948551,210.673162331682
833,"IMN","Isle of Man",NA,NA,NA,NA,NA,NA,NA,NA,NA,NA,NA,NA,NA,NA,NA,NA,NA,NA,NA,NA,NA
376,"ISR","Israel",582.781633618174,537.04954290656,569.410104908525,568.80937173753,555.38462561396,488.946206975611,469.260347935741,464.298140422585,439.939073272407,410.062503820527,392.815468343305,405.174916004533,395.871960252819,430.832611454703,378.170874560726,363.617479041472,380.429495410944,349.976160547874,372.859723573238,337.846817980445,309.786071916249
380,"ITA","Italy",404.148304953336,389.06616933412,374.323836035654,361.688454645525,342.394776555562,357.030226009818,341.771042365671,333.364154950319,325.022165601343,321.560540123123,308.91207397406,292.174181514118,297.146911183121,302.262387294234,299.469793000094,288.961686979607,266.007790277242,247.154241618218,227.357579642716,210.972880429458,205.333402040606
388,"JAM","Jamaica",558.643912145098,538.041486476581,546.722396377569,528.374233128834,515.000961600103,531.060884478746,553.054953000723,551.32972322503,582.912609688664,583.433964476229,581.850756455466,581.021897810219,545.453570087442,537.940296994577,524.774118332848,574.874763959643,641.783849299201,720.593802206321,637.271747763962,456.968809674575,424.041655495928
392,"JPN","Japan",470.79868565909,441.940064894871,437.003296522799,422.042463478796,434.638974648867,421.576014848813,410.920882619352,396.516699410609,385.823502648598,393.781418485237,379.926651110577,364.41556247221,358.293996670258,354.409021983166,342.348833307143,324.975472930239,309.09973582525,298.759602540367,286.147747168078,276.559629968958,266.387788394314
400,"JOR","Jordan",1367.48622724102,1318.89768523712,1306.17606834269,1221.63214641401,1232.25229380473,1181.23790156545,1162.98344476267,1115.00365062826,1076.87072503474,1025.69173880344,1006.80279801425,939.301827155282,925.792610646997,875.539523191832,907.529615215583,869.081622602639,780.818758474756,732.711797948975,652.890952869446,647.735260034708,528.790994477462
398,"KAZ","Kazakhstan",2915.4340098525,3238.5881461617,3483.60991811636,3196.54067658448,3159.01701073839,2978.77217480759,2530.75912748967,2113.49073019424,2122.94985025918,1862.14673535466,1638.14898209278,1405.33391345314,1421.3977080274,1384.02279688288,1457.85765895954,1274.48260160134,1333.61825064754,1269.6451008748,1268.51795718119,1124.49895254276,1173.21795915067
404,"KEN","Kenya",268.07423899383,246.463004443106,247.247328867721,237.510060757706,215.312517457494,215.466543638293,223.055415706332,207.943977738305,200.021291311151,202.720444446922,203.525642387881,188.701403991665,178.539205846568,155.456606528481,162.482991573317,170.775075784722,177.924639061815,166.842434234326,169.141228314696,194.422184204526,162.982931356111
296,"KIR","Kiribati",219.28519626502,221.648036624957,210.379363690077,198.950802377584,185.880290162986,183.433966889047,282.57434299732,210.224656888104,210.387885526891,183.824544303346,188.967070763166,147.889239620288,137.042620328261,128.432799333049,123.79460216636,122.838582210596,136.760659581015,227.881397253108,228.336763642913,231.793779607885,274.38472387252
414,"KWT","Kuwait",645.392679326478,1466.59703448841,645.321544262121,638.377129095535,684.45779124131,729.161337626775,700.392264866927,675.110468130162,743.196899129819,815.501624758135,788.411818632763,824.398293815495,827.265315635205,737.330470923811,694.994778909276,681.003214269546,608.755502934899,571.919105659498,564.39270053979,644.614930881152,667.971168471822
417,"KGZ","Kyrgyzstan",2879.96052835452,2715.25836171615,2041.81323845705,1731.24950508908,1371.4951179095,1002.82579020371,1154.49425521874,1024.21357942453,1045.37603509327,788.095530513654,722.334680152453,562.193610225608,705.33448245716,704.614441128217,688.51481266165,619.314845695833,572.81142083828,582.372762597181,509.917934803622,582.784256229352,569.686892061985
418,"LAO","Laos",82.0311928287734,83.2031759129083,84.8993098308485,78.440105875691,75.6865547728617,86.8204799423156,106.883757590229,124.434652204089,132.183114732959,161.67314342218,151.874743444104,130.350770069439,158.022835119819,140.005024149457,161.290626535901,146.877476386445,144.401433619737,137.990039786098,130.42299254507,125.074197270241,89.5481102472542
428,"LVA","Latvia",914.896838353506,924.053612033846,1078.6688869576,940.49824705718,791.463816557578,690.567558541159,637.870408872543,542.493863279885,489.707680919618,390.445980081737,333.928304594469,332.334172057542,293.733822337915,293.763920029016,260.686390958999,234.641857018228,225.61973900095,206.777081250057,188.657289222485,188.510086789187,225.925293260853
422,"LBN","Lebanon",487.646467350629,419.166552061202,406.291093434831,571.285850433733,573.802940304976,597.231101345755,581.153314914783,639.665642276886,609.076916502035,620.700699139809,541.809757022463,550.05486101214,521.461570647085,506.262985850835,468.599342281251,431.37629241503,392.304415824976,323.510355216065,367.252982960698,395.418586559959,314.484355648822
426,"LSO","Lesotho",145.48799492444,135.41859708969,128.007493104247,121.223806550069,125.190806830772,119.81482164246,112.145863302812,105.412105869063,103.823328213108,101.913248189305,110.352087604452,103.28297836326,101.09438180049,94.5275011591558,90.1380320454901,90.9608262097939,87.3846238992438,82.3979047827592,76.6915486458357,71.7939600600725,154.312650057906
430,"LBR","Liberia",885.723624258586,590.202249587924,901.974033169571,1466.51894223642,1816.52600303355,1939.25870519113,1755.58811905312,861.643620627318,715.963358663918,601.190425631971,501.871309190838,462.778062999329,345.268239362855,532.816620898409,644.015319882482,672.580418525866,608.19451798017,456.610248379086,342.988057780147,272.267268815868,247.9041759702
434,"LBY","Libya",970.360740161058,888.711581432607,777.627735681328,825.345899769759,899.869753979739,1049.60236730165,963.833690678809,972.786276223776,995.974144288751,796.695302013079,785.709655672451,830.448500292319,823.281251978567,719.665182381787,700.876154224218,636.440567871684,599.637911918053,554.077750674578,581.568194259795,634.131850192669,489.835044892846
438,"LIE","Liechtenstein",NA,NA,NA,NA,NA,NA,NA,NA,NA,NA,NA,NA,NA,NA,NA,NA,NA,NA,NA,NA,NA
440,"LTU","Lithuania",999.989799922218,1104.66519080797,765.176365886541,720.760779161468,743.736518995796,657.701889204477,654.656603153744,583.622476540601,560.000474229461,470.576635961666,368.733245077995,385.236882187268,348.09718953941,308.361178537662,303.327689878608,295.087188844474,266.868676583861,245.690305461166,229.890845221545,230.398471656901,222.084616918934
442,"LUX","Luxembourg",927.145605194113,867.833554909854,824.899657682904,791.13533754655,700.529102693383,545.628923339621,525.573430662475,476.68494600591,408.908094196895,371.632489502357,360.738601728095,380.328564219477,377.651703707567,371.142677173721,389.184026048313,373.590662916062,313.913452306486,271.6815066982,265.490134691699,263.503694575165,246.909403061897
446,"MAC","Macao",NA,NA,NA,NA,NA,NA,NA,NA,NA,NA,NA,NA,NA,NA,NA,NA,NA,NA,NA,NA,NA
807,"MKD","Macedonia",1365.89356050072,1351.71757370916,910.660154812784,981.650122720615,902.239335318029,896.790483806199,978.608020607419,852.145972743082,944.110158011943,821.144965820136,739.001820029121,758.558353412926,690.505701029425,699.521914382572,626.671807125797,595.409014496107,524.777671064299,510.428359436354,439.25807486154,392.99552418133,351.746670328113
450,"MDG","Madagascar",116.712303387752,130.782637052531,123.542630781658,121.323993750379,146.691810618728,140.163386139373,144.993089550308,165.338454379178,160.597608097575,167.149817140733,151.710273877351,130.049487625866,104.193362339525,127.974090260151,125.651906029048,112.015801162594,99.8464905506198,98.2956895213374,96.3117505731121,93.3828960426778,94.6965471120494
454,"MWI","Malawi",158.006458230323,151.476487269668,160.091161281636,149.961395443385,169.788831065411,143.613615309881,128.829553962798,129.929646916647,134.058233402501,155.002656159328,136.191692257313,139.003423604971,131.765006791459,132.473134390857,125.240104304986,110.782218150095,109.778077650155,97.0600110113757,106.200668209304,88.5791626806343,74.7889064731385
458,"MYS","Malaysia",661.781293445916,680.764047577196,706.549903819972,660.050681620873,587.854967082637,566.866721208071,569.01968659872,599.881179434353,594.039030480688,542.998064399056,558.135571710872,581.943599375678,581.52103213483,581.68482672673,568.071442209224,569.957192436267,519.732324991293,516.720715803218,501.821173861797,476.583086597866,428.213977367155
462,"MDV","Maldives",357.906976744186,361.764705882353,487.090558766859,386.762075134168,357.980456026059,408.320950965825,426.20320855615,435.671819262782,357.341907824223,457.972440944882,458.417663293468,505.028950007524,560.903024684544,417.226962002174,453.763399332325,433.972577586553,450.414869309359,409.2877720453,386.0382335288,419.562514865632,400.183559554588
466,"MLI","Mali",101.157628577307,99.6126715938876,91.5611740321142,93.8274605077332,92.6083293745496,86.5593071690586,85.6164686817073,84.6031739083481,77.572812363251,74.6781568810052,71.3165652975467,62.6213429759449,59.9654437301067,53.2085988683054,53.0633591288255,48.7239612590799,43.4720962735693,41.2908588698423,39.4588717877699,38.600383485808,41.0316815069909
470,"MLT","Malta",591.852736659728,512.820714643391,470.935135072477,570.916090881489,474.150933430543,390.052577664304,397.526358344704,417.989396538865,350.003365013747,363.768942034712,290.563858721006,342.944465934206,299.204555165197,328.674588124765,322.439626928218,319.271131010465,286.051060184758,284.189312153988,246.554763794275,235.899243789561,222.612683687751
584,"MHL","Marshall Islands",NA,NA,NA,NA,NA,NA,NA,NA,NA,NA,NA,NA,NA,NA,NA,NA,NA,NA,NA,NA,NA
474,"MTQ","Martinique",NA,NA,NA,NA,NA,NA,NA,NA,NA,NA,NA,NA,NA,NA,NA,NA,NA,NA,NA,NA,NA
478,"MRT","Mauritania",1048.45789438086,1027.71291220964,1057.81742338046,983.778256523205,1047.5359082701,891.642528954216,832.03237521586,849.65431111156,297.308658890945,293.568994516851,297.433767970406,311.342817682032,323.349171613459,307.219016386305,312.813333129894,285.323672815428,232.530416304698,254.025842452185,261.250277751022,261.240994995,223.875329140459
480,"MUS","Mauritius",313.188174187301,302.390451673706,311.463629979385,301.864724010397,259.50273753222,274.456948287361,271.749254976037,258.435534536828,264.068876029839,284.544760851273,287.010171774847,293.535918405847,283.915962259867,283.432144167435,264.040280802413,269.829370395259,278.509513409455,263.087678358146,248.08372377647,230.9365317702,255.974225045327
175,"MYT","Mayotte",NA,NA,NA,NA,NA,NA,NA,NA,NA,NA,NA,NA,NA,NA,NA,NA,NA,NA,NA,NA,NA
484,"MEX","Mexico",586.508874819159,564.456893476091,534.751430949267,516.471453187074,511.415187903386,501.931051408646,489.533162882084,474.743071802995,467.447930442322,454.832930446262,411.727364404984,407.530906832082,403.12937220153,353.354710105711,339.664088341989,336.279705735085,303.961432545009,297.09147369586,296.679646061111,280.907454645887,242.530541012216
583,"FSM","Micronesia",NA,NA,NA,NA,NA,NA,NA,NA,NA,NA,NA,NA,NA,NA,NA,NA,NA,NA,NA,NA,NA
498,"MDA","Moldova",2486.70452354329,2310.31557610044,2616.67766603352,2133.67635275064,2410.22936661251,2064.39925027411,1796.93668268201,1614.53666633611,1510.69765523716,1258.41959999077,1093.23828203655,1055.59572207689,924.469601594396,932.82795803098,894.637442493877,852.461684582909,766.217969549266,717.507166275029,634.096384520014,603.208961708903,541.580038346863
492,"MCO","Monaco",NA,NA,NA,NA,NA,NA,NA,NA,NA,NA,NA,NA,NA,NA,NA,NA,NA,NA,NA,NA,NA
496,"MNG","Mongolia",3340.57814052583,3992.73595242698,3755.50648469792,3496.85129100823,2922.36388668045,2669.14795732293,2170.92886799508,2010.12095878777,1925.06916156972,1855.23535179725,1875.0244744028,1775.92819854377,1789.53098005863,1587.27851791347,1425.79208052348,1308.01590785215,1301.26412793301,1212.69417089045,1103.80813344568,1150.49529011562,1071.91972384627
499,"MNE","Montenegro",NA,NA,NA,NA,NA,NA,NA,NA,NA,NA,NA,NA,NA,NA,NA,271.142885702891,281.535808675323,196.407046937344,223.563005666603,153.576947443078,255.043669442888
500,"MSR","Montserrat",NA,NA,NA,NA,NA,NA,NA,NA,NA,NA,NA,NA,NA,NA,NA,NA,NA,NA,NA,NA,NA
504,"MAR","Morocco",458.655495911487,444.68384225369,480.106907524554,496.194917254853,468.885391621121,495.663148650313,456.688861506148,472.886588561169,445.520016355191,459.917063007746,451.699711066758,452.772876713449,442.50114712204,401.464342686928,411.646732501869,415.927559142469,375.826303760648,375.19502374886,359.239423483292,337.095261735341,301.655659572233
508,"MOZ","Mozambique",268.737789032965,226.329800576571,254.330351602095,259.22306856397,213.221988015986,218.363469250393,203.070833931009,218.827048156034,162.053903877227,157.940659754589,196.134760935552,175.316654072869,157.911475736343,177.008888470996,158.64173582495,126.240386803893,125.828845198262,149.536479035559,129.517543487901,134.487594766535,116.740872872537
104,"MMR","Myanmar",17.5349789557502,257.831873506996,242.765328176544,304.73780002275,360.852007735184,400.779206006143,420.475486292799,431.492435445342,468.843135024457,477.892290593109,450.378227980176,342.203130966018,316.209961428811,337.381694367498,316.40977115964,264.486374046603,231.49491494915,218.478023179532,179.217369500125,135.130587155453,104.219590677558
516,"NAM","Namibia",1.7918204349998,245.785996942761,244.618576387464,284.322692551692,300.063294374876,300.535569093375,309.794329272231,302.404810934875,301.58934618457,252.063590950573,233.110406641779,279.044396918189,227.182610629645,228.128611795073,206.442331059079,228.133321752005,205.569138992306,195.75388130513,258.931079910674,240.496367174414,226.027176241512
520,"NRU","Nauru",2638,2638,2712,2712,2712,2784,2784,2784,2784,2712,2712,2784,2784,2858,2858,2858,2858,2858,2858,2932,3630
524,"NPL","Nepal",98.7286574503873,111.255590852393,113.518719598587,117.553027848449,129.760023095504,136.214236638649,129.883058237933,135.418277794248,137.608998997152,177.847703259093,166.338860046669,164.881305666941,131.076554409551,133.392166663468,113.928103784617,122.316592315039,94.6057113424571,91.0597977915793,95.3997853765004,105.076954415034,101.706138124903
528,"NLD","Netherlands",610.35252340144,606.531939222103,573.042298807839,566.305266309591,546.532369091513,523.736284883529,514.017922952364,468.928314744323,443.233012209057,405.584313099192,376.704330685961,370.001376445774,352.984924155473,364.041240319117,348.825295295629,320.953009333201,291.498316362893,273.182136521034,261.341761139426,266.13840722176,270.068860338294
530,"ANT","Netherlands Antilles",NA,NA,NA,NA,NA,NA,NA,NA,NA,NA,NA,NA,NA,NA,NA,NA,NA,NA,NA,NA,NA
540,"NCL","New Caledonia",NA,NA,NA,NA,NA,NA,NA,NA,NA,NA,NA,NA,NA,NA,NA,NA,NA,NA,NA,NA,NA
554,"NZL","New Zealand",489.835579473312,479.710138603053,483.831174625205,477.650806139243,452.269544388252,431.804986512841,434.102444027181,447.053376711061,422.166967919823,412.522566673149,391.842783764806,393.457369164156,359.000776627835,357.999069112164,344.271200579981,323.993041616486,297.033636443895,275.640341296368,277.168628971042,251.755316659125,236.981746415709
558,"NIC","Nicaragua",322.282532047468,259.559589078781,295.842794940361,289.230037286305,299.179772971964,302.537312809059,288.642909984357,290.612663589909,309.635106960753,303.756141972148,296.65340818559,297.154035638339,296.777535362918,309.660695745528,283.168423310981,267.90838110308,250.886844011851,239.99744932734,216.91789976103,222.81187341155,212.003241096994
562,"NER","Niger",210.72902675699,195.333868143647,196.374868879547,212.438258847672,198.498317387924,199.400801869565,209.064532536138,198.905141292776,188.578920586709,183.71336952061,137.434566130011,120.266090421502,122.632643234552,123.312397623507,131.797134007378,104.503292489554,94.4164594605543,90.154802805433,89.3905175479836,112.571880387003,134.634535739583
566,"NGA","Nigeria",784.5553619413,783.943664576745,816.842077474084,777.846213474436,707.695861278161,653.612861109145,657.935061278324,594.234607925025,513.412035546177,502.017098584024,471.76653020717,510.029649500547,502.703195722315,432.341091078424,385.869192658835,417.247242910048,357.824088056646,315.153217186468,284.758145863513,209.568451340836,122.167068123445
570,"NIU","Niue",369.63036963037,369.63036963037,369.63036963037,369.63036963037,369.63036963037,369.63036963037,369.63036963037,369.63036963037,369.63036963037,369.63036963037,369.63036963037,369.63036963037,369.63036963037,369.63036963037,369.63036963037,369.63036963037,369.63036963037,369.63036963037,369.63036963037,369.63036963037,349.65034965035
574,"NFK","Norfolk Island",NA,NA,NA,NA,NA,NA,NA,NA,NA,NA,NA,NA,NA,NA,NA,NA,NA,NA,NA,NA,NA
408,"PRK","North Korea",3138.5725,3005.3225,2653.03,2448.78,2243.53,2106.03,1863.03,1677.2025,1506.345,1643.58,1774.0925,1839.3025,1761.8175,1800.225,1839.415,1919.49,1954.01,1628.895,1806.375,1726.9425,1574.75
580,"MNP","Northern Mariana Islands",NA,NA,NA,NA,NA,NA,NA,NA,NA,NA,NA,NA,NA,NA,NA,NA,NA,NA,NA,NA,NA
578,"NOR","Norway",398.991462427772,385.691882758173,367.857948023442,378.3703216698,338.1252189651,325.804974523348,282.771712920338,287.012987012987,302.945971314242,302.69839359846,241.783143519203,235.854860385247,211.025752323417,243.019183224979,206.495231258332,179.312866161043,165.743843858221,155.847491486083,159.228628475309,165.637557507003,139.447124370316
512,"OMN","Oman",634.302023919771,825.18594320286,660.916401201605,643.545173554095,593.598673084062,564.656071365461,554.914142188843,580.98789351889,544.509617087997,578.232593777117,584.324857630035,560.771124040726,561.267391765561,579.035171555981,562.302761220738,568.75304050927,693.243597901838,683.797863012548,618.485800110257,569.566851338087,522.989958602301
586,"PAK","Pakistan",508.038511499962,467.757410351279,465.399400052447,481.21636333442,473.858320791665,469.44101798351,470.492734223682,470.951459370553,458.761382955046,471.45648552519,452.152944209854,438.396631312742,416.757007359901,405.700551433438,408.315079868444,381.062828056027,376.98646152031,385.183376976906,363.52916593453,358.598603101895,291.539634146341
585,"PLW","Palau",527.593697967958,527.593697967958,552.04068486976,595.898533308379,544.275838575021,495.769998074182,455.237016849448,436.585619845965,422.095313303801,439.74164220994,429.140923056816,624.974132399123,598.527737485504,601.746498803699,548.014517585411,522.457612569598,543.642822942116,543.989334199128,562.009193223107,623.187395812387,619.686205625986
591,"PAN","Panama",256.727757599901,258.615940115951,278.962826759744,268.047892913366,280.922655600351,280.710141647439,277.760004949957,270.974084095863,313.051500985334,282.317593667684,273.970764877485,307.749476055765,261.267470283272,259.144013310687,224.61173094906,244.371807480083,232.266165372997,197.946574744501,168.22793193104,186.4327972006,170.276223858784
598,"PNG","Papua New Guinea",422.632890416831,359.734210567398,307.80920743544,247.557467932525,250.019553556677,236.559034210196,228.549440775881,275.648395987558,313.679614303342,263.915154485399,288.550642680325,339.538655085803,363.889935465101,393.982045263677,421.331037478233,405.561097231399,381.161790404257,368.710380360916,239.71732749719,225.474038359996,194.53971839793
600,"PRY","Paraguay",150.864237339663,137.625708306254,154.507333639093,170.851311613502,189.506392581495,193.133438295979,184.301993627708,193.212427868696,200.328930945825,200.16842816378,164.614653603,168.226060231035,169.200193519621,165.840751218505,155.973635777718,138.523092525536,137.16896295163,131.201983605259,118.356760508351,133.303174328602,123.129905812789
604,"PER","Peru",282.743552073621,258.279993357282,254.329395854009,264.311439453027,244.32760196152,243.262108814519,243.189800962664,217.939465288086,227.395903020654,237.351649533135,222.797112617359,202.952346609175,191.777316089516,174.87885760693,188.97946386581,184.190731577064,156.156294218912,151.944405191158,151.588913348984,148.263542373558,151.899284327645
608,"PHL","Philippines",367.342015127101,369.112041866879,404.581441816525,399.033023024787,423.389644382935,442.088336493224,437.942948032646,449.306556250722,438.269669155339,412.535532043705,396.683837559391,365.497012939648,368.166810536121,347.169339133284,313.737063691229,300.810002030752,262.340053327314,244.30038321074,241.436625928241,221.974997336364,207.387589305823
612,"PCN","Pitcairn",NA,NA,NA,NA,NA,NA,NA,NA,NA,NA,NA,NA,NA,NA,NA,NA,NA,NA,NA,NA,NA
616,"POL","Poland",1624.82651867618,1666.90417140534,1552.14553050744,1458.17029416836,1286.26255914397,1213.5411856889,1157.18886743887,1040.43084267759,902.632218106746,834.144275784912,747.289208775445,720.096289948752,673.28949332899,666.557636208011,614.201359738924,585.284149338788,562.303624798835,499.849161459891,463.909548996719,421.970782969561,398.807889886671
620,"PRT","Portugal",383.562915112365,367.938237200805,386.802307135361,375.492873047605,368.380637023021,395.71831695268,368.189811663263,362.781882385801,373.646726330664,389.954673023403,357.738661156389,339.114007745348,345.729268464693,311.730375560979,312.651318944844,299.899303553209,252.518803496256,244.099846060913,227.555188137948,226.65863123014,177.181652591489
630,"PRI","Puerto Rico",NA,NA,NA,NA,NA,NA,NA,NA,NA,NA,NA,NA,NA,NA,NA,NA,NA,NA,NA,NA,NA
634,"QAT","Qatar",1002.63665594855,1166.63125840946,1046.4406779661,1071.92431005218,1024.42632850242,1026.78235059079,994.50286309214,899.41855834329,862.895943944812,849.475388819541,712.168950792782,785.630908964523,744.302016912789,768.967760187494,751.790142017363,818.862882742049,694.877225827776,643.704508509695,567.558007368504,552.415270406216,475.876276566887
638,"REU","Reunion",NA,NA,NA,NA,NA,NA,NA,NA,NA,NA,NA,NA,NA,NA,NA,NA,NA,NA,NA,NA,NA
642,"ROU","Romania",1480.51028464575,1346.92843630323,1299.69861003708,1222.35102977015,1096.2388742748,1079.94742030891,1000.19386580779,937.84230425074,866.330938844819,749.711695497117,714.419164692643,669.742084442004,643.183854449378,614.168862275449,513.934768255645,476.641632967456,427.506645224188,374.653719311103,302.553928153707,259.804155340423,237.98125377948
643,"RUS","Russia",1966.7446439691,1955.16605956717,2062.81579619336,2041.0420481091,2009.78082146539,1970.42749945886,1982.53592851022,1817.01956513228,1855.11419198035,1762.82678856513,1561.8408732604,1453.56475362535,1340.51959406178,1203.9469731503,1102.28776431972,961.041650704591,790.616447680341,702.485036484078,601.704190118824,581.062764573292,534.70184075632
646,"RWA","Rwanda",183.96123261888,168.690884854194,157.889967776159,170.072590485454,321.644350081061,231.055245456076,207.391487847928,183.906848570488,164.725068274732,157.800072628701,146.487769459337,131.813520583263,114.268893210716,109.141446537991,99.800713007405,88.5978914275684,79.0672463351745,74.4428890863165,64.1715310931588,61.7562030669091,59.9011972093131
654,"SHN","Saint Helena",NA,NA,NA,NA,NA,NA,NA,NA,NA,NA,NA,NA,NA,NA,NA,NA,NA,NA,NA,NA,NA
659,"KNA","Saint Kitts and Nevis",201.219512195122,210.632183908046,199.727520435967,213.417721518987,206.823529411765,212.249443207127,211.546391752577,193.584905660377,189.648798521257,179.68476357268,165.217391304348,273.841554559043,285.982658959538,325.147928994083,309.115646258503,308.959156785244,285.975609756098,281.581920903955,265.106382978723,286.453744493392,293.478260869565
662,"LCA","Saint Lucia",197.959183673469,200,215.094339622642,227.2,254.387656702025,287.800369685767,294.201605709188,272.679509632224,255.647840531561,251.617995264404,257.65625,291.091492776886,257.786561264822,265.410199556541,237.408149632599,227.436374922408,202.207505518764,203.007915567282,194.351669941061,186.656962639495,197.181079789775
666,"SPM","Saint Pierre and Miquelon",NA,NA,NA,NA,NA,NA,NA,NA,NA,NA,NA,NA,NA,NA,NA,NA,NA,NA,NA,NA,NA
670,"VCT","Saint Vincent and the Grenadines",184.439359267735,167.538126361656,167.92828685259,196.175908221797,233.397683397683,230.191972076789,229.441624365482,218.709677419355,248.717948717949,241.750358680057,217.079889807163,237.748344370861,229.60687960688,217.713004484305,191.707798617966,185.126286248831,172.369546621044,162.5,159.79381443299,161.977491961415,158.813972380179
882,"WSM","Samoa",408.088065719,403.966798600386,407.8800450851,383.409786406137,363.605878486432,363.815097676431,333.243770596065,324.335162354311,312.362041701699,317.638797822831,290.50262413003,272.302684139065,256.638245260304,252.170523108406,239.824309703545,228.238042999872,216.796288041578,211.690448732248,198.571923742654,207.420333741193,212.846040981629
674,"SMR","San Marino",NA,NA,NA,NA,NA,NA,NA,NA,NA,NA,NA,NA,NA,NA,NA,NA,NA,NA,NA,NA,NA
678,"STP","Sao Tome and Principe",600,605.217391304348,615.966386554622,595.934959349593,572.65625,578.195488721805,557.246376811594,541.549295774648,548.299319727891,574.509803921569,559.872611464968,540.19450111107,604.833313591661,573.770689510627,551.773696802741,593.00370701743,545.969531311745,520.2052946615,466.607979393829,444.654793061289,441.458635397911
682,"SAU","Saudi Arabia",716.556115441597,806.648198340246,834.515291348291,819.806341245879,856.091415719461,862.80747057619,859.184999719602,712.989122891141,728.488539180363,737.119289149497,719.124339329025,728.904334832178,784.900270394122,736.920045468096,776.122648736986,701.475910693302,703.669952288104,582.750325418925,558.22761285565,559.727034576585,592.840449545748
686,"SEN","Senegal",1300.55133151756,1150.31456624688,323.022836177554,306.648199193431,298.092487544214,297.562969446074,296.450313873216,310.681864854535,317.872336604225,316.685367725053,335.19505958356,359.073925215938,353.777258696771,312.346955950694,344.826217682128,331.172281408869,320.079443258658,314.695215886329,299.304631312135,298.966464607307,228.067982798174
688,"SRB","Serbia",1406.52520269145,1179.94628078987,1093.38034187788,942.63226883852,862.690108893406,1014.35180661785,1155.50682046379,1238.87507297798,1225.52153266608,936.14131555502,966.06004066862,956.218939939995,967.653381825469,992.90568475018,968.639941670187,801.754900503412,802.17505646544,732.594658004628,643.278850065522,599.702919429284,573.064925853333
690,"SYC","Seychelles",161.28267303451,190.942264375572,201.3502913432,181.390363398594,207.772259206749,208.25149807855,203.03846309008,372.153298292745,359.594832945943,405.685979868092,419.183571334296,476.572598209953,391.538634802597,420.379173106844,582.043414968407,465.396352015629,440.265301929466,325.452259306199,355.006464258793,380.910086473541,467.600586380378
694,"SLE","Sierra Leone",135.088840266282,154.135715471435,85.924629627756,82.941177159997,109.588253911918,116.409147379969,125.391930512757,135.2116239539,120.791740293688,117.056887816743,155.776300991728,917.789196206517,1248.6548288121,5367.00790412721,1029.06217146382,172.359029748585,339.854428434971,1907.25203076559,154.470617255992,237.539924029781,219.855835462588
702,"SGP","Singapore",529.438884462754,560.502572495274,613.828372135165,668.973525491925,733.950150079306,555.084057319617,539.228996397722,508.476193811617,464.720886103879,393.792284380375,376.745998485417,411.454007229669,349.528480078026,391.095974117027,416.153233340402,234.711222017287,222.734184214164,170.168196660711,186.217900615329,231.519298536381,213.495001034737
703,"SVK","Slovakia",2102.8105207658,2155.17832521928,1341.347366446,1189.24682487084,1036.8208713995,982.197628841965,911.127179400718,842.802857308484,770.882175980187,744.44345522554,656.507530605681,623.800588928104,579.7405736671,553.968068805868,506.686444131563,465.902970017921,405.287410399606,338.663410301954,310.709305198065,288.376756787728,277.987371430841
705,"SVN","Slovenia",586.595139525202,585.445285678597,610.130732340112,610.529204267919,573.473998186969,567.669456031288,554.280119731884,547.794253251633,497.688185494425,465.207015301044,418.095236517087,420.942023500641,398.951059877927,386.406794136621,361.332991920444,345.743488135514,325.437649852084,302.049012835391,297.243431016149,289.019011384161,281.559122867915
90,"SLB","Solomon Islands",308.198134542155,281.185789520972,244.373216564607,224.849133924658,197.070685878957,186.396860990739,180.260210426654,179.434201310911,173.847143482217,176.11743863171,201.075917261962,223.124689953618,225.88405593751,216.527970903304,200.772320133927,184.329400657047,166.969983687898,161.607123541399,147.353910762181,147.844243601638,146.338379863117
706,"SOM","Somalia",NA,NA,NA,NA,NA,NA,NA,NA,NA,NA,NA,NA,NA,NA,NA,NA,NA,NA,NA,NA,NA
710,"ZAF","South Africa",1457.61581564202,1490.71815163067,1374.36599882315,1452.88657438704,1419.80269010662,1420.48758798312,1353.05411984131,1319.2061909402,1262.33997695298,1250.02925457906,1173.9465566955,1157.29006111085,1060.37257485574,1097.80019018529,1128.18253466153,1027.01419815308,943.587419006235,930.87505802565,951.980054992246,932.045932529672,656.883986606264
410,"KOR","South Korea",748.271042004888,687.82282688517,689.511475769141,721.92429438143,694.766633250255,680.943155213026,672.069253743016,673.756256681893,604.282820272165,593.50135367674,577.102166738413,550.83092809171,522.629540127473,509.239538411361,486.798644602959,446.995368090888,425.488169842691,413.776754672952,412.265556227467,413.915498753972,398.285423268447
724,"ESP","Spain",437.753000785759,424.580593184503,425.108620680531,393.800111276029,403.28070456472,401.24165798328,367.838262175466,375.92453649913,364.122270719072,370.156266384345,356.369948582643,336.169204156387,326.822841764603,322.402088019842,320.18238096957,308.924761936808,271.806347474536,257.894318166097,227.309721624574,204.134091141136,184.452938103225
144,"LKA","Sri Lanka",167.542357361193,163.43797929561,162.670049755417,183.305551693333,176.757974462251,170.174658956934,208.632217164629,200.208060009881,196.810498441473,203.432196354902,218.575206908979,213.794706613674,211.62692699079,218.731110543675,203.137695367923,189.094151110022,164.60837685538,159.269796782663,138.41438486129,135.192378615117,126.4910583907
275,"PSE","State of Palestine",NA,NA,NA,NA,NA,NA,NA,NA,NA,NA,NA,NA,NA,NA,NA,NA,NA,NA,NA,NA,NA
736,"SDN","Sudan",306.558726536075,252.888032709103,216.292832430102,147.14212995875,202.727283260364,183.673182826289,171.305488882263,167.994883712672,162.896299039275,267.560015326713,181.500797903128,168.375543213972,201.784926115352,211.608131099014,217.380074995015,187.558403257117,177.51759652434,168.679304502294,162.671808993263,174.706705147742,152.490151883655
740,"SUR","Suriname",1157.26532301479,1263.10387699865,1246.03879072909,1342.02847184915,1278.25994339787,1246.10922528434,1180.57095187416,1101.06510383797,1080.0800793494,1068.36142234566,1033.9492464534,1030.38671957072,965.810352170722,887.896630791062,808.56537780584,778.318058923128,746.218631293128,689.928809195769,648.146811426018,629.284003748982,484.833211753902
744,"SJM","Svalbard and Jan Mayen Islands",NA,NA,NA,NA,NA,NA,NA,NA,NA,NA,NA,NA,NA,NA,NA,NA,NA,NA,NA,NA,NA
748,"SWZ","Swaziland",175.111647684331,127.698134560628,98.0089891088076,46.5085671829019,163.199201478861,142.928552750464,101.456458155278,340.446844080446,330.204603781796,321.839033400657,297.615008764153,276.150748620663,263.548711028183,234.366086616775,218.421106627227,203.375933528324,190.72140933651,187.49025845981,184.1503731221,168.773405283041,158.39224960341
752,"SWE","Sweden",321.231224314134,311.621917646014,301.982603198389,303.797231465616,303.640919730139,290.560210130709,284.755777770008,257.101566564541,248.098570687995,227.193630540031,204.773080102421,205.49619414631,222.673208217249,206.026947019357,190.762266165264,178.257600899443,155.778300065784,137.117478184247,136.387431688004,128.304876816719,129.231889333819
756,"CHE","Switzerland",266.655280655363,262.855683181503,256.591273714561,240.688101126683,235.423200825032,218.275016714954,215.548665394895,213.94967019673,208.755426244899,200.785012324192,183.123533542277,194.471836246825,176.560877183246,173.836432369787,167.6525573857,165.892572625881,151.823622273718,125.794333316558,122.352068464272,126.094190761636,114.970870373819
760,"SYR","Syria",1219.62452927848,1179.01289559662,1000.53510203662,917.839450289379,868.968979916437,842.811797046235,807.162877803263,816.051638421766,828.961799478341,855.23067273171,819.29006823792,762.269985665422,745.077416335932,720.112408848585,704.714459777808,767.428946609703,743.406889120864,722.409036743524,690.243872603697,593.513298079166,536.882807852469
999,"TWN","Taiwan",698.923057799876,662.30521691525,591.865212505356,596.857757965843,556.241841639261,540.076283715787,526.125192056652,527.161995269858,535.591150105686,519.521200657147,526.252093552191,532.400724205673,522.903868657723,511.953960010336,493.156015147205,459.426719692651,434.315298434042,407.946139348198,374.447688446411,355.542460533479,327.64106195377
762,"TJK","Tajikistan",970.45232545185,923.458566370846,955.411248118918,746.266148626197,543.549321684545,505.430665548986,537.40299013302,576.764867220575,593.981895130013,518.771782426445,407.750598175151,355.38040028289,313.376077432227,282.048867973581,295.517160310523,255.596220766922,251.477841112977,274.96038541864,234.42604541882,212.024367408612,183.968914118919
834,"TZA","Tanzania",150.208881916323,142.323099588483,128.368022008723,138.053464101093,127.613095568775,174.825268897677,158.646637587455,138.3426416326,117.245642571134,109.189353569212,106.563344673723,116.161997412783,122.496572161758,118.85040715738,122.28053554959,144.881414355062,142.400106267764,127.766726800312,124.474967302819,112.137196843381,95.7482328303022
764,"THA","Thailand",556.907154179696,542.377435626916,543.160724955188,559.588708152922,570.82759960498,574.300994286294,600.021165443214,605.668158257946,590.884752066876,593.065236880694,557.374323806555,563.762112237478,582.65630262837,570.310198296524,564.598167142077,540.557059266164,503.777522869294,473.561199313452,458.283272162697,458.381358055625,422.076763778016
626,"TLS","Timor-Leste",NA,NA,NA,NA,NA,NA,NA,NA,NA,NA,NA,NA,NA,NA,NA,NA,NA,NA,NA,NA,NA
768,"TGO","Togo",300.581361147156,272.279026214855,212.27369399507,190.872407953036,276.139652851897,258.190277077953,357.885678525772,232.889625110799,289.291351083858,364.384808955308,335.790484287933,308.592035759831,326.760880757451,354.573266960882,321.954132840728,297.202684061011,250.624100900456,255.261251711484,271.661310730655,268.89574759793,193.924112417977
772,"TKL","Tokelau",NA,NA,NA,NA,NA,NA,NA,NA,NA,NA,NA,NA,NA,NA,NA,NA,NA,NA,NA,NA,NA
776,"TON","Tonga",375.376578857809,406.368507160446,380.949847312918,419.439887235066,405.797345170009,395.327679921369,388.409618358364,394.411838089113,366.319984022582,405.405893808656,362.02429923985,393.411937375685,384.287758976654,453.493111346955,427.585267428238,404.215646192852,397.983220538379,412.132859136249,398.330673007544,383.804876062249,389.783760262986
780,"TTO","Trinidad and Tobago",1994.31631899368,1742.88043680334,1767.0414571797,1761.92545955333,1670.76100933722,1557.32682047157,1635.13734359175,1429.42776463227,1442.15347733891,1529.07199037947,1636.94855976968,1587.24917656129,1511.87349782263,1274.10809853171,1153.50282532337,1355.21758959035,1352.63291135529,1300.32712204063,1158.1729871923,1247.10975866393,1238.02554231214
788,"TUN","Tunisia",531.154846855573,509.669417272278,508.502559347345,499.012692836033,498.351789932025,479.694345063349,449.707224557049,425.598950490507,433.279614628532,416.162037780834,407.758381681254,394.220092870342,386.289553722944,368.081608434859,357.427323185391,327.614366775943,318.658655028601,294.252062964274,286.123345193409,270.778418186456,220.701544995491
792,"TUR","Turkey",712.156805352289,675.182458386684,564.919643318115,531.325796162389,547.914986971913,550.083016815253,551.429124217433,531.617736149231,381.904555484762,386.772343700808,375.962587579307,354.838859146998,364.483284215531,375.680432320663,332.444859617569,308.452299732606,297.86238263239,297.779520214832,271.429293780549,272.57584948535,230.868753527547
795,"TKM","Turkmenistan",2848.90589072109,2492.7495370953,2148.71662307254,1933.95061526764,2796.5463139152,2988.20455256681,2468.90200630768,2735.63720067898,2448.05285184641,2438.8198676812,2284.47947094266,2233.10488396076,2227.65416027688,2359.12771561914,2245.84788194989,2014.83350384148,1793.59659087662,1818.13107576255,1593.48106123689,1309.17092566724,1281.91788134085
796,"TCA","Turks and Caicos Islands",NA,NA,NA,NA,NA,NA,NA,NA,NA,NA,NA,NA,NA,NA,NA,NA,NA,NA,NA,NA,NA
798,"TUV","Tuvalu",NA,NA,NA,NA,NA,NA,NA,NA,NA,NA,NA,NA,NA,NA,NA,NA,NA,NA,NA,NA,NA
800,"UGA","Uganda",122.554821378412,113.283756739395,101.223831858909,90.6323700748107,76.492453386737,87.329070897047,88.2597962121763,84.8221274986375,93.7527933047338,89.2271721073035,92.1757120189111,90.6082815207406,84.4097646802206,79.5192911214277,78.4760764150589,88.1244422786285,89.5502286344571,94.5787308318163,86.0184046429644,87.5265071504014,79.5473762933272
804,"UKR","Ukraine",2313.61361891398,2426.79768939645,2308.93317364543,2283.50182035162,2415.9483564461,2647.70548993206,2461.52016304166,2379.96539698846,2284.81768586395,2239.80785100402,2036.43432965398,1825.49128486471,1737.74320885057,1672.88853550571,1391.83870251952,1298.1829380967,1141.61683430023,1026.9561829852,979.545051331788,915.878378378378,868.481663794423
784,"ARE","United Arab Emirates",565.436591024618,601.50307606264,549.925702982292,552.244020670417,562.340885840307,547.159536062678,564.35246615018,516.63637010538,527.897361524566,509.437272688505,461.057138861096,487.243026772422,502.535506054717,449.705063046979,418.797163143161,394.10009005532,369.77297983807,392.519638199539,422.665071715035,441.888127156019,450.575654285589
826,"GBR","United Kingdom",608.632238985322,611.966104096936,578.044628255222,542.346202758982,508.941604176727,477.609414493958,461.369696772249,411.163823589806,397.349490075666,380.718879901135,361.107328938188,342.901079048275,316.440032890873,310.606961022559,289.868212967844,277.65549033932,260.041367820636,245.835668027111,239.058470155153,226.906805179163,220.003822038603
840,"USA","United States of America",852.822459483898,826.152831874821,794.787026094733,775.678667456592,739.858764817754,704.986046004579,683.600792145631,658.221377096833,622.970541128017,596.194688743146,578.442296035883,553.809007318813,539.357472002417,518.994598396653,496.95517808405,469.653979927254,437.218243268617,423.203777449899,402.386144184313,384.178359943302,372.319930094179
850,"VIR","United States Virgin Islands",NA,NA,NA,NA,NA,NA,NA,NA,NA,NA,NA,NA,NA,NA,NA,NA,NA,NA,NA,NA,NA
858,"URY","Uruguay",280.99965577222,293.644997680652,284.288716098247,238.464789718204,201.300851388399,223.214592171376,246.396751567844,224.863738272802,220.933322906126,260.003843967759,227.737216437698,191.385125169638,183.013992927679,176.896593147131,201.105930886844,186.131081036924,199.090359913497,165.15941855893,204.994419064464,191.00028539803,137.119648076978
860,"UZB","Uzbekistan",4065.62032491942,4091.69474889715,4266.89078553723,4378.3768795987,4439.59483325852,3894.25183966039,3869.93887399652,3672.25446718705,3830.10950033327,3726.23262155177,3479.25999109551,3292.81714127835,3238.45568289104,3006.61913765916,2642.51833996328,2202.370513984,2066.76236562111,1841.91908364555,1695.59971732251,1397.42885581198,1148.13753002466
548,"VUT","Vanuatu",189.7679338053,168.740607490317,161.0843604795,156.453972866882,140.598908527307,136.026055302848,166.834723162265,162.676541816033,147.507635168863,144.890917466845,128.016380709242,141.450480928739,140.680036002922,126.30766689931,80.6206441859682,74.1011298286974,57.2782593172804,105.96385579728,123.550477579195,114.925040774635,118.822058890216
862,"VEN","Venezuela",839.813858805094,761.188702869461,765.394471792794,692.501090464974,804.390511545376,701.476099804101,765.036170224261,703.642026060742,714.527468973998,697.309621991362,675.372309482257,655.338443763869,713.143657593712,691.144954726282,599.380325998652,644.696734177023,544.054487715193,475.676959336139,510.008577829226,519.362917898567,521.246846149027
704,"VNM","Viet Nam",427.550540086072,389.160130950409,386.622049484891,422.827727904702,419.137733134107,432.796452832033,436.551797529031,460.971773632069,480.608817636388,459.296213278321,466.446967699706,477.259686151236,519.537041282651,510.964377104847,546.967037253755,537.147830970097,501.498899198778,499.085238148857,509.071691481248,541.243777600924,470.326120656712
876,"WLF","Wallis and Futuna Islands",NA,NA,NA,NA,NA,NA,NA,NA,NA,NA,NA,NA,NA,NA,NA,NA,NA,NA,NA,NA,NA
732,"ESH","Western Sahara",NA,NA,NA,NA,NA,NA,NA,NA,NA,NA,NA,NA,NA,NA,NA,NA,NA,NA,NA,NA,NA
887,"YEM","Yemen",482.986345931883,536.084047774769,523.34405079562,428.006749075604,409.87895177543,438.096102846687,418.544815554019,418.308226000509,415.237516297444,449.943925778524,437.895080485779,458.212092155922,420.788171100205,436.436770805245,446.323862945885,434.96209905648,423.666509583806,415.798129269171,404.110318090051,428.403821213161,341.768387070421
894,"ZMB","Zambia",415.669832518037,418.123851904889,404.331962475167,329.803124256195,307.382586416556,303.024786847973,239.911693404689,291.010612116871,282.44102793311,213.69128335523,204.240753448427,190.975335982967,194.035904936456,196.079762211894,182.441583400725,179.082310417072,163.024917924068,114.00820229684,117.698019307243,116.114299314771,96.5000922105885
716,"ZWE","Zimbabwe",1470.71262226362,1650.89892873777,1695.10945505356,1556.43223102003,1475.07219375873,1473.08802980904,1416.70237540755,1335.7801583605,1359.06846762925,1483.77270610154,1237.84816022357,1137.65465303927,1172.21789883268,1228.99530301295,2579.69072164948,1826.48984388115,1757.55177639333,1751.55480033985,1661.188599151,1585.76158940397,1502.1530308049
