"code","iso","country","CO2KWH.1990","CO2KWH.1991","CO2KWH.1992","CO2KWH.1993","CO2KWH.1994","CO2KWH.1995","CO2KWH.1996","CO2KWH.1997","CO2KWH.1998","CO2KWH.1999","CO2KWH.2000","CO2KWH.2001","CO2KWH.2002","CO2KWH.2003","CO2KWH.2004","CO2KWH.2005","CO2KWH.2006","CO2KWH.2007","CO2KWH.2008","CO2KWH.2009","CO2KWH.2010"
4,"AFG","Afghanistan",NA,NA,NA,NA,NA,NA,NA,NA,NA,NA,NA,NA,NA,NA,NA,NA,NA,NA,NA,NA,NA
8,"ALB","Albania",133.676092544987,78.9473684210526,50.1392757660167,81.2182741116751,85.9030837004405,37.4449339207048,23.2945091514143,20.9923664122137,17.6470588235294,33.1491712707182,46.218487394958,59.1397849462366,46.070460704607,34.0681362725451,30.3030303030303,25.7352941176471,25.3623188405797,31.4685314685315,0,1.91938579654511,2.63852242744063
12,"DZA","Algeria",586.335403726708,572.664359861592,565.882996172772,564.657393096342,587.525150905433,606.997971602434,583.050847457627,590.697674418605,610.49011177988,607.835218093699,605.273514364423,608.711978971085,623.508137432188,620.561379776801,620.16,594.514892362135,609.99148453023,585.752688172043,584.990059642147,635.602094240838,536.874451273046
16,"ASM","American Samoa",NA,NA,NA,NA,NA,NA,NA,NA,NA,NA,NA,NA,NA,NA,NA,NA,NA,NA,NA,NA,NA
20,"AND","Andorra",NA,NA,NA,NA,NA,NA,NA,NA,NA,NA,NA,NA,NA,NA,NA,NA,NA,NA,NA,NA,NA
24,"AGO","Angola",261.904761904762,182.795698924731,126.315789473684,105.263157894737,157.894736842105,145.833333333333,155.339805825243,200,166.666666666667,305.970149253731,351.724137931034,353.658536585366,329.545454545455,335,192.825112107623,179.21146953405,172.205438066465,198.757763975155,216.346153846154,305.907172995781,290.874524714829
660,"AIA","Anguilla",NA,NA,NA,NA,NA,NA,NA,NA,NA,NA,NA,NA,NA,NA,NA,NA,NA,NA,NA,NA,NA
28,"ATG","Antigua and Barbuda",NA,NA,NA,NA,NA,NA,NA,NA,NA,NA,NA,NA,NA,NA,NA,NA,NA,NA,NA,NA,NA
32,"ARG","Argentina",301.734331888057,334.576650503543,305.833929849678,273.790191620656,250.27861805445,193.225902715607,301.047496053953,261.825726141079,279.151466018106,311.544675034174,277.1341806321,208.522916435468,189.816459443458,208.953602086276,240.015974440895,248.364773912219,294.105586878524,312.391430225825,296.299342105263,290.600393700787,290.67539517803
51,"ARM","Armenia",418.395573997234,569.63890935888,398.018166804294,109.607577807848,126.934984520124,213.292117465224,220.461095100865,263.235294117647,258.720930232558,224.806201550388,235.555555555556,242.857142857143,152.941176470588,147.457627118644,119.309262166405,137.628111273792,138.461538461538,164.133738601824,163.751987281399,107.744107744108,95.0226244343891
533,"ABW","Aruba",NA,NA,NA,NA,NA,NA,NA,NA,NA,NA,NA,NA,NA,NA,NA,NA,NA,NA,NA,NA,NA
36,"AUS","Australia",781.629227988639,784.504710975299,792.182492301892,778.301886792453,772.387390081953,780.97332330305,793.434115523466,791.621029572837,829.19700543534,833.570691941266,820.642332983894,828.547221974494,899.815287184449,882.248939179632,867.408692708113,841.830924222514,841.118279569892,830.479170097151,827.3748302958,832.044198895028,820.229371092618
40,"AUT","Austria",182.692307692308,187.846231324492,140.89521871821,131.446233935253,135.423400129282,143.765133171913,158.58181278742,157.201405152225,142.629827860553,132.778384279476,129.697963646303,147.38255033557,139.908256880734,174.845360824742,160.28862260018,155.457009115546,146.041798606713,128.9592760181,122.147489791016,106.867554309741,118.365534088386
31,"AZE","Azerbaijan",1146.98275862069,907.534246575343,1073.71631926792,886.792452830189,496.983169260083,520.422535211268,538.102643856921,549.608892548374,560.154738878143,636.593591905565,671.507902605724,569.558101472995,496.489859594384,532.182668104998,551.209103840683,532.387190684134,559.243279123797,442.516268980477,403.940886699507,396.818572656922,352.258064516129
44,"BHS","Bahamas",NA,NA,NA,NA,NA,NA,NA,NA,NA,NA,NA,NA,NA,NA,NA,NA,NA,NA,NA,NA,NA
48,"BHR","Bahrain",1060.34482758621,1075.30120481928,1053.84615384615,889.411764705882,723.076923076923,618.22125813449,623.505976095618,559.52380952381,641.247833622184,672.818791946309,707.936507936508,688.790560471976,682.692307692308,752.895752895753,881.656804733728,856.820744081173,824.435318275154,836.846929422548,651.299245599329,665.008291873963,640.21164021164
50,"BGD","Bangladesh",554.980595084088,536.880290205562,565.804274465692,606.948968512486,602.249488752556,601.295097132285,567.567567567567,583.473861720067,588.509316770186,592.387543252595,555.485098287888,602.070155261645,603.429796355841,573.820395738204,478.525121555916,475.66955865711,468.875502008032,446.148929370406,423.627002288329,425.779186476492,418.890200708383
52,"BRB","Barbados",NA,NA,NA,NA,NA,NA,NA,NA,NA,NA,NA,NA,NA,NA,NA,NA,NA,NA,NA,NA,NA
112,"BLR","Belarus",262.171573282684,253.110934604183,255.852510113403,242.784885450759,248.699009568575,235.084427767355,225.430367064396,224.391525126948,217.544493630861,216.08040201005,226.759339704605,218.368298368298,226.331221034711,224.946396942295,239.496176338282,237.346039737481,239.755188930282,235.920425889605,248.319641523525,243.508703685695,236.405776430736
56,"BEL","Belgium",300.821917808219,300.391521533684,285.560344827586,299.299161742476,314.644690624156,309.870232009438,295.823221356495,274.235164025064,275.730180806676,243.408396514654,262.638717632552,252.024885549947,254.782907549547,262.309658775147,270.305965221219,258.159268929504,242.837362871445,233.166039314095,210.554833116602,207.843534657479,207.068288478115
84,"BLZ","Belize",NA,NA,NA,NA,NA,NA,NA,NA,NA,NA,NA,NA,NA,NA,NA,NA,NA,NA,NA,NA,NA
204,"BEN","Benin",1500,1500,1000,1000,600,1000,600,666.666666666667,375,428.571428571429,375,714.285714285714,833.333333333333,625,625,545.454545454545,600,590.909090909091,608.695652173913,615.384615384615,600
60,"BMU","Bermuda",NA,NA,NA,NA,NA,NA,NA,NA,NA,NA,NA,NA,NA,NA,NA,NA,NA,NA,NA,NA,NA
64,"BTN","Bhutan",NA,NA,NA,NA,NA,NA,NA,NA,NA,NA,NA,NA,NA,NA,NA,NA,NA,NA,NA,NA,NA
68,"BOL","Bolivia",277.056277056277,276.315789473684,344.398340248963,286.792452830189,365.248226950355,400.662251655629,361.111111111111,406.340057636888,439.353099730458,293.814432989691,314.432989690722,253.768844221106,258.373205741627,318.706697459584,296.46017699115,328.571428571429,326.415094339623,335.078534031414,374.570446735395,393.790849673203,422.96511627907
70,"BIH","Bosnia and Herzegovina",633.821571238349,539.60396039604,987.748851454824,1678.67867867868,141.509433962264,161.363636363636,245.679012345679,612.798264642082,802.919708029197,708.411214953271,802.228412256267,767.272727272727,823.318385650224,848.122866894198,744.874715261959,768.994627782041,821.220930232558,964.955175224124,760.467980295567,729.227193492156,653.006918573709
72,"BWA","Botswana",1406.59340659341,1244.68085106383,1223.21428571429,1223.21428571429,1275.22935779816,1403.84615384615,1434.21052631579,1519.48051948052,973.451327433628,1300.88495575221,1547.36842105263,1118.81188118812,1322.22222222222,1736.11111111111,1645.56962025316,1586.20689655172,1459.77011494253,1575.34246575342,1793.65079365079,1945.45454545455,2500
76,"BRA","Brazil",28.6778565658379,31.1886679750832,32.7224589417946,27.5021827129137,29.0724503922473,33.2728592162554,34.9835210107113,38.6713422949542,38.3838383838384,56.919775897008,54.0355090488035,64.6698227725176,48.4089663329775,43.2414680204713,51.0175203889989,50.4259785158662,47.9775787948602,42.3804226918799,55.7566356428818,35.0693255734338,50.4317187439501
92,"VGB","British Virgin Islands",NA,NA,NA,NA,NA,NA,NA,NA,NA,NA,NA,NA,NA,NA,NA,NA,NA,NA,NA,NA,NA
96,"BRN","Brunei Darussalam",923.076923076923,913.385826771654,914.893617021277,929.032258064516,981.927710843374,878.172588832487,853.77358490566,854.771784232365,868,831.275720164609,795.275590551181,798.449612403101,818.518518518518,714.733542319749,723.926380368098,705.521472392638,742.424242424242,647.058823529412,698.830409356725,703.601108033241,634.715025906736
100,"BGR","Bulgaria",362.424121803164,302.067464635473,350.945857795173,359.609807540206,336.19749045281,315.369008369262,305.120039196472,440.059691593434,442.503890714162,410.640689396778,402.265253927658,441.446116588825,409.001607429898,434.031413612565,448.306916426513,426.17621899059,421.370967741935,494.166811770851,484.369912080755,465.132024373731,467.2
854,"BFA","Burkina Faso",NA,NA,NA,NA,NA,NA,NA,NA,NA,NA,NA,NA,NA,NA,NA,NA,NA,NA,NA,NA,NA
108,"BDI","Burundi",NA,NA,NA,NA,NA,NA,NA,NA,NA,NA,NA,NA,NA,NA,NA,NA,NA,NA,NA,NA,NA
116,"KHM","Cambodia",NA,NA,NA,NA,NA,800,800,812.5,815.789473684211,850,822.222222222222,823.529411764706,794.520547945206,789.473684210526,814.814814814815,791.666666666667,796.610169491525,805.369127516779,817.567567567568,817.460317460317,808.080808080808
120,"CMR","Cameroon",11.1111111111111,11.070110701107,10.9489051094891,10.6007067137809,11.0294117647059,10.752688172043,10.3448275862069,9.58466453674122,15.7728706624606,11.8343195266272,8.62068965517241,16.9491525423729,27.2727272727273,29.8913043478261,26.7639902676399,40,33.2681017612524,49.618320610687,31.6901408450704,41.522491349481,42.3728813559322
124,"CAN","Canada",196.987632148251,189.153158026934,198.402913450048,176.852644508133,173.038300897538,176.336146272855,170.961194440622,190.000860511144,213.493984355817,203.366797465559,213.047645348365,222.103755039483,207.699852869053,219.406685190423,204.714619902174,192.632916555543,192.431600711641,188.658013996362,179.201328556271,163.332266325224,171.258012428439
132,"CPV","Cape Verde",NA,NA,NA,NA,NA,NA,NA,NA,NA,NA,NA,NA,NA,NA,NA,NA,NA,NA,NA,NA,NA
136,"CYM","Cayman Islands",NA,NA,NA,NA,NA,NA,NA,NA,NA,NA,NA,NA,NA,NA,NA,NA,NA,NA,NA,NA,NA
140,"CAF","Central African Republic",NA,NA,NA,NA,NA,NA,NA,NA,NA,NA,NA,NA,NA,NA,NA,NA,NA,NA,NA,NA,NA
148,"TCD","Chad",NA,NA,NA,NA,NA,NA,NA,NA,NA,NA,NA,NA,NA,NA,NA,NA,NA,NA,NA,NA,NA
152,"CHL","Chile",299.945563418617,129.258517034068,29.0697674418605,57.5,99.2879746835443,214.76988940421,327.041978522616,369.66966966967,402.421852999155,437.092992966918,330.838323353293,258.640959322831,266.773528738264,284.005979073244,312.829525483304,292.49237804878,291.937816341287,399.077080840882,399.832495812395,362.154150197628,399.801423134205
156,"CHN","China",775.58822419799,779.412610581292,774.812283154679,777.098959043593,752.152754799816,784.731690130057,795.532842541634,788.444298452716,800.960810766345,776.367254086421,743.65696839692,718.245521601686,728.950931594103,757.041886888325,783.724908258893,767.282840266881,768.911800332404,744.447504130576,732.322337092432,731.363635339168,694.331468478202
170,"COL","Colombia",160.06600660066,170.316301703163,208.56102003643,187.5,149.23931417532,164.794007490637,112.315498154982,172.869955156951,179.287305122494,102.522185894442,146.301878043125,147.790055248619,137.65541740675,138.59045981951,101.769911504425,115.017878426698,111.937523242841,108.9592760181,88.4718498659517,159.643294282217,170.452544462053
174,"COM","Comoros",NA,NA,NA,NA,NA,NA,NA,NA,NA,NA,NA,NA,NA,NA,NA,NA,NA,NA,NA,NA,NA
178,"COG","Congo",0,0,23.2558139534884,0,0,0,0,0,0,181.818181818182,0,0,0,75,100,93.0232558139535,111.111111111111,97.5609756097561,108.695652173913,240.740740740741,142.857142857143
184,"COK","Cook Islands",NA,NA,NA,NA,NA,NA,NA,NA,NA,NA,NA,NA,NA,NA,NA,NA,NA,NA,NA,NA,NA
188,"CRI","Costa Rica",11.5273775216138,41.4507772020725,112.016293279022,81.4663951120163,158.859470468432,156.05749486653,87.5,33.8680926916221,66.543438077634,21.0355987055016,8.67052023121387,20.7407407407407,14.6082337317397,20.1342281879195,7.30816077953715,27.8450363196126,55.1724137931035,71.8232044198895,63.3579725448786,39.7422126745435,55.3235908141962
384,"CIV","Cote d'Ivoire",202.020202020202,241.758241758242,243.243243243243,283.10502283105,317.796610169492,271.186440677966,337.423312883436,419.354838709677,514.925373134328,412.863070539419,379.166666666667,393.44262295082,410.207939508507,383.104125736739,355.716878402904,457.746478873239,385.159010600707,408.525754884547,448.275862068966,387.478849407783,445.742904841402
191,"HRV","Croatia",340.498710232158,228.523769808173,299.679487179487,298.054474708171,216.006884681584,237.829209896249,226.480836236934,270.007479431563,297.353760445682,283.449587824984,276.487663280116,290.570878768441,332.689832689833,355.953115360888,280,293.897882938979,301.923076923077,364.882506527415,326.254826254826,272.15587680704,226.674298797939
192,"CUB","Cuba",703.728362183755,704.905660377358,697.573656845754,752.727272727273,789.473684210526,793.739967897271,777.945619335347,681.272084805654,674.911660777385,641.821946169772,642.049234863606,538.562091503268,753.503184713376,776.723592662872,777.351247600768,786.831812255541,704.310868245295,666.288308740068,660.067873303167,1009.58826847152,964.942528735632
196,"CYP","Cyprus",837.56345177665,826.923076923077,827.16049382716,826.254826254826,828.996282527881,820,831.417624521073,842.490842490843,842.809364548495,856.687898089172,836.795252225519,777.464788732394,754.617414248021,832.098765432099,769.047619047619,783.10502283105,754.838709677419,749.486652977413,750,736.137667304015,691.449814126394
203,"CZE","Czech Republic",501.139384732245,495.944269491364,481.779053084649,498.050033292115,516.907276426703,530.835998172682,512.574850299401,513.296011196641,517.6448908136,503.625954198473,518.641333572325,509.464949433832,488.231221876082,462.296936878687,462.71186440678,463.228588010944,461.250312161825,491.825833603108,466.733786391476,451.805663808782,461.981566820276
180,"COD","Dem. Rep. Congo",5.30973451327434,3.78787878787879,3.29489291598023,3.6101083032491,3.76647834274953,3.23624595469256,3.27332242225859,3.96825396825397,4.22832980972516,3.7593984962406,0,1.67224080267559,1.63398692810458,1.62074554294976,1.41043723554302,1.35135135135135,1.3262599469496,1.27226463104326,1.32802124833997,1.27713920817369,1.26903553299492
208,"DNK","Denmark",462.342691190707,495.129375951294,458.402940193786,446.772454167309,457.146825948048,418.028088277443,456.562742704982,408.888888888889,374.066797642436,346.406121891227,321.330441070137,319.945541184479,315.916398713826,342.517295788324,291.67211400183,266.787154177673,330.700888450148,300.433252098565,280.772436787997,279.421885753613,252.050708426547
262,"DJI","Djibouti",NA,NA,NA,NA,NA,NA,NA,NA,NA,NA,NA,NA,NA,NA,NA,NA,NA,NA,NA,NA,NA
212,"DMA","Dominica",NA,NA,NA,NA,NA,NA,NA,NA,NA,NA,NA,NA,NA,NA,NA,NA,NA,NA,NA,NA,NA
214,"DOM","Dominican Republic",481.081081081081,571.794871794872,431.899641577061,442.990654205607,470.796460176991,490.875912408759,404.833836858006,417.127071823204,459.037711313394,455.019556714472,395.784543325527,359.84481086324,437.250199840128,552.373775433308,538.135593220339,436.608557844691,506.531204644412,485.773768216516,448.25313117996,421.228304405874,463.859208045255
218,"ECU","Ecuador",187.40157480315,230.989956958393,277.777777777778,194.331983805668,171.990171990172,314.35349940688,226.980728051392,295.366795366795,287.419651056015,235.693501454898,214.891611687088,272.398190045249,256.518082422204,244.155844155844,230.59866962306,300.715990453461,289.544235924933,230.724299065421,164.124145186744,213.651498335183,285.472018089316
818,"EGY","Egypt",521.29673450071,529.79683972912,529.553415061296,503.138075313808,466.531440162272,443.269230769231,432.716721073631,442.238576073935,467.524217881531,454.598540145985,343.358075249552,379.923150816523,391.972194192174,397.457449043917,488.548864758144,474.008648449719,473.442509314617,450.411571965156,459.783272283272,465.539568345324,449.894406975952
222,"SLV","El Salvador",67.5675675675676,265.217391304348,256.302521008403,287.769784172662,365.079365079365,389.728096676737,254.437869822485,373.259052924791,368.700265251989,279.891304347826,325.443786982249,297.709923664122,303.614457831325,288.939051918736,268.888888888889,260.869565217391,243.816254416961,261.617900172117,215.946843853821,221.070811744387,180.602006688963
226,"GNQ","Equatorial Guinea",NA,NA,NA,NA,NA,NA,NA,NA,NA,NA,NA,NA,NA,NA,NA,NA,NA,NA,NA,NA,NA
232,"ERI","Eritrea",NA,NA,466.666666666667,466.666666666667,500,647.058823529412,578.947368421053,571.428571428571,600,666.666666666667,666.666666666667,739.130434782609,615.384615384615,642.857142857143,678.571428571429,655.172413793103,666.666666666667,620.689655172414,620.689655172414,655.172413793103,612.903225806452
233,"EST","Estonia",549.64308890331,538.886332259549,611.760883690708,587.281263337601,573.048408198866,659.2082616179,655.978260869565,643.31550802139,696.951583980873,682.733374008542,671.660424469413,665.833853841349,644.361833952912,704.192992533027,689.713322091062,695.011337868481,640.162507254788,737.899073120494,737.051792828685,690.095846645367,727.318045862413
231,"ETH","Ethiopia",75,115.702479338843,16.1290322580645,14.4927536231884,20.6896551724138,19.6078431372549,18.75,24.8447204968944,24.2424242424242,12.1951219512195,11.9760479041916,9.95024875621891,9.80392156862745,4.34782608695652,7.8740157480315,3.50877192982456,3.05810397553517,45.0704225352113,119.047619047619,122.80701754386,6.02409638554217
234,"FRO","Faeroe Islands",NA,NA,NA,NA,NA,NA,NA,NA,NA,NA,NA,NA,NA,NA,NA,NA,NA,NA,NA,NA,NA
238,"FLK","Falkland Islands",NA,NA,NA,NA,NA,NA,NA,NA,NA,NA,NA,NA,NA,NA,NA,NA,NA,NA,NA,NA,NA
242,"FJI","Fiji",NA,NA,NA,NA,NA,NA,NA,NA,NA,NA,NA,NA,NA,NA,NA,NA,NA,NA,NA,NA,NA
246,"FIN","Finland",199.745222929936,207.449994011259,179.493336534998,201.34687821025,235.484917288356,220.686629373697,250.721292556261,230.018362810476,177.206529176034,179.151841523223,167.8165038975,202.03463931394,213.518280949326,249.120492524186,221.057230231542,158.739397971063,221.040189125295,208.818448133403,164.829234446072,181.708299758259,200.316023845436
250,"FRA","France",58.2836597596745,73.0029052622381,58.068944805543,34.6371298261838,32.5734254097679,42.4146179669126,47.1919254538058,41.9146336657076,62.0974176348104,64.267449569088,57.5407892901966,46.6583237502537,52.2631281386145,55.5080284285338,52.4520948359857,60.0883985030326,50.0975927130774,51.9503982918617,57.8257894222309,68.1862389701332,70.9966552979751
254,"GUF","French Guiana",NA,NA,NA,NA,NA,NA,NA,NA,NA,NA,NA,NA,NA,NA,NA,NA,NA,NA,NA,NA,NA
258,"PYF","French Polynesia",NA,NA,NA,NA,NA,NA,NA,NA,NA,NA,NA,NA,NA,NA,NA,NA,NA,NA,NA,NA,NA
266,"GAB","Gabon",214.285714285714,224.489795918367,222.222222222222,240,149.532710280374,157.894736842105,181.818181818182,190.47619047619,231.34328358209,203.007518796992,206.106870229008,159.420289855072,170.068027210884,198.675496688742,215.686274509804,269.230769230769,248.484848484848,316.091954022988,260.869565217391,268.817204301075,286.486486486486
270,"GMB","Gambia",NA,NA,NA,NA,NA,NA,NA,NA,NA,NA,NA,NA,NA,NA,NA,NA,NA,NA,NA,NA,NA
268,"GEO","Georgia",517.083587553386,481.318681318681,416.388756550738,366.163141993958,303.93487109905,598.425196850394,219.749652294854,199.720670391061,198.174706649283,184.895833333333,225.067385444744,136.887608069164,74.3494423791822,79.0123456790124,104.534005037783,110.552763819095,149.93481095176,164.196123147092,87.5831485587583,129.139072847682,76.9230769230769
276,"DEU","Germany",460.041654269563,460.242618448157,450.652345503227,447.047163578013,450.827546022897,434.36025534277,450.139417743531,440.565749235474,439.093913940019,427.459801209763,438.120199372794,452.344052692755,458.292897773929,383.117857410788,374.267779846835,351.683814423169,352.918447397693,416.72040958686,390.108308915864,397.331543173618,383.227509079982
288,"GHA","Ghana",0,0,0,3.16957210776545,3.27332242225859,3.26797385620915,0,4.35413642960813,231.536926147705,179.054054054054,65.0969529085873,108.142493638677,255.494505494505,277.683134582623,83.8926174496644,147.275405007364,275.207591933571,359.598853868195,215.144230769231,186.800894854586,259.259259259259
292,"GIB","Gibraltar",750,777.777777777778,700,800,727.272727272727,727.272727272727,727.272727272727,727.272727272727,750,750,692.307692307692,692.307692307692,769.230769230769,769.230769230769,714.285714285714,785.714285714286,733.333333333333,750,764.705882352941,764.705882352941,722.222222222222
300,"GRC","Greece",976.128846706931,925.853385562395,950.30889067956,930.781331934976,909.113422486379,931.476997578693,828.578165526998,805.644791188619,784.80740262535,766.197183098591,805.023255813953,821.161048689139,803.75898286346,768.480492813142,767.194875252866,768.166666666667,721.847772480684,740.148757714828,728.949858088931,705.319493999351,694.698670350544
304,"GRL","Greenland",NA,NA,NA,NA,NA,NA,NA,NA,NA,NA,NA,NA,NA,NA,NA,NA,NA,NA,NA,NA,NA
308,"GRD","Grenada",NA,NA,NA,NA,NA,NA,NA,NA,NA,NA,NA,NA,NA,NA,NA,NA,NA,NA,NA,NA,NA
312,"GLP","Guadeloupe",NA,NA,NA,NA,NA,NA,NA,NA,NA,NA,NA,NA,NA,NA,NA,NA,NA,NA,NA,NA,NA
316,"GUM","Guam",NA,NA,NA,NA,NA,NA,NA,NA,NA,NA,NA,NA,NA,NA,NA,NA,NA,NA,NA,NA,NA
320,"GTM","Guatemala",73.0593607305936,91.703056768559,280.276816608997,156.25,170.967741935484,152.974504249292,130.563798219585,135.446685878963,171.62471395881,341.796875,391.735537190083,419.795221843003,484.652665589661,402.266288951841,300.268096514745,269.820971867008,327.205882352941,350.456621004566,323.394495412844,334.070796460177,278.595696489241
324,"GIN","Guinea",NA,NA,NA,NA,NA,NA,NA,NA,NA,NA,NA,NA,NA,NA,NA,NA,NA,NA,NA,NA,NA
624,"GNB","Guinea-Bissau",NA,NA,NA,NA,NA,NA,NA,NA,NA,NA,NA,NA,NA,NA,NA,NA,NA,NA,NA,NA,NA
328,"GUY","Guyana",NA,NA,NA,NA,NA,NA,NA,NA,NA,NA,NA,NA,NA,NA,NA,NA,NA,NA,NA,NA,NA
332,"HTI","Haiti",366.666666666667,404.255319148936,238.095238095238,222.222222222222,107.142857142857,320,400,566.666666666667,378.787878787879,285.714285714286,345.454545454545,338.983050847458,400,314.814814814815,290.909090909091,303.571428571429,298.245614035088,510.63829787234,469.387755102041,541.666666666667,542.372881355932
336,"VAT","Holy See",NA,NA,NA,NA,NA,NA,NA,NA,NA,NA,NA,NA,NA,NA,NA,NA,NA,NA,NA,NA,NA
340,"HND","Honduras",8.62068965517241,4.25531914893617,38.4615384615385,62.5,136.752136752137,326.007326007326,234.527687296417,273.885350318471,380.116959064327,241.279069767442,282.191780821918,332.474226804124,286.063569682152,352.422907488987,450.819672131148,410.394265232975,265.886287625418,419.968304278922,409.785932721713,346.564885496183,331.352154531946
344,"HKG","Hong Kong",827.919834139599,836.215026721157,820.681753079347,862.030598052851,864.248317127898,855.300859598854,823.136427566807,723.316062176166,739.656269891789,715.932203389831,711.777848707309,720.012334258403,725.153016613232,794.987327513377,749.259359008888,755.526657997399,753.754531330917,774.839537869063,757.567780994999,762.97443841983,723.237597911227
348,"HUN","Hungary",366.700715015322,368.441583772186,386.480094599921,388.007054673721,383.373205741627,385.700293829579,378.074356530029,401.654411764706,416.725228390724,401.827271160145,392.463235294118,386.706948640483,381.300356005246,417.372881355932,386.64839467502,335.267690003744,339.569160997732,341.935483870968,326.681049982021,298.796131833432,303.071017274472
352,"ISL","Iceland",0,0,0,1.45772594752187,1.45560407569141,1.3869625520111,1.38504155124654,1.27551020408163,2.44200244200244,4.15368639667705,1.00908173562059,0.978473581213307,0.881057268722467,0.892857142857143,0.877963125548727,0.887311446317658,0.783085356303837,1.3745704467354,0.512820512820513,0,0
356,"IND","India",756.046158098397,772.771916484491,796.128760782664,822.383745404541,792.600664176007,841.746084957617,877.661766726199,848.972757132737,827.842955748295,826.894765285776,846.271714922049,850.153485324044,839.525188769275,827.723802914643,841.266031650791,841.818832796276,833.136408894789,837.64789718765,840.883439664492,815.98332634922,806.619301608467
360,"IDN","Indonesia",678.910315273952,660.685591858597,603.709949409781,690.969162995595,612.928348909657,582.699780368305,591.11045481394,648.934744740721,599.179907739621,591.131284916201,581.913639772849,560.79012345679,553.132507854371,553.769546606098,552.430093209055,552.406375127581,570.956351889415,588.090551181102,569.19164882227,548.852040816327,539.077684198127
364,"IRN","Iran",553.637901861252,546.546078278497,512.66744321491,540.944881889764,549.340498290181,564.721110849612,560.471002531088,556.510176945893,528.126812294607,551.776198934281,540.331218587789,549.700414810263,533.924140375753,496.230829217572,511.382698298586,514.515132798024,523.873780361221,521.103975685083,558.103761711649,550.345575281203,539.019574175824
368,"IRQ","Iraq",568.75,571.840461316675,1056.91699604743,1639.16349809886,1859.28571428571,1677.87491593813,1637.48335552597,2186.22280817403,1098.86914378029,483.523447401774,641.379310344828,614.263565891473,729.769639692853,1000.35285815102,578.947368421053,573.026315789474,386.75340035482,423.285198555957,672.095548317047,931.593948695462,1002.79051225832
372,"IRL","Ireland",730.147575544624,734.092431346283,739.543726235741,723.219814241486,719.548425430778,717.045454545455,698.202959830867,694.768918232605,689.176245210728,683.509416628388,629.066328686101,655.298416565164,621.578099838969,587.288817377313,563.04520222046,572.376121732345,518.06784660767,487.612208258528,450.016716817118,428.264758497317,434.048540274358
833,"IMN","Isle of Man",NA,NA,NA,NA,NA,NA,NA,NA,NA,NA,NA,NA,NA,NA,NA,NA,NA,NA,NA,NA,NA
376,"ISR","Israel",805.263157894737,795.443979544398,785.998408910103,800.53804765565,799.0851513019,797.896812356227,798.647402397787,790.02849002849,734.123847167325,735.084140744518,756.446319737459,743.344709897611,790.10989010989,783.801020408163,797.377326565144,766.666666666667,766.811708860759,765.569808514594,693.630461484471,675.331757862207,666.552842752262
380,"ITA","Italy",501.946985690828,467.246509498741,458.436250954327,440.364050056883,433.242983299816,456.226828446242,432.03842940685,406.741846503326,395.568871718048,372.020365656098,497.684756436377,481.518261061459,503.044715886571,481.312002235574,403.283205142923,392.701229777156,414.634146341463,387.287671232877,371.999023411008,336.277173913043,326.831736038897
388,"JAM","Jamaica",756.09756097561,886.792452830189,482.5,538.258575197889,447.698744769874,331.046312178388,276.490066225166,264,296.296296296296,296.520423600605,296.520423600605,298.798798798799,401.154401154401,400,389.196675900277,342.318059299191,218.206157965194,218.508997429306,287.853577371048,317.689530685921,412.887828162291
392,"JPN","Japan",367.539117046797,357.691109084823,362.883741168657,340.066690862898,358.676578502377,338.239104524019,333.272487577325,319.752010458345,307.474234415143,322.910321489002,325.318098702972,323.987268518519,344.562015099988,363.892131906831,347.792128092834,356.147402769043,348.270447387291,385.553230747499,373.88315516174,350.204781407753,353.120134576496
400,"JOR","Jordan",730.769230769231,782.258064516129,821.266968325792,796.218487394958,755.905511811024,763.345195729537,737.623762376238,747.603833865815,751.111111111111,692.090395480226,653.116531165312,652.980132450331,685.116851168512,625.782227784731,633.221850613155,613.471502590674,588.129496402878,561.538461538462,567.919075144509,564.821303433777,549.391069012179
398,"KAZ","Kazakhstan",460.452581597296,457.777014553729,452.451969471006,435.338484179544,545.454545454545,448.20607175713,448.278190411884,432.44320446393,438.789979517883,438.253260690111,497.350433914446,439.163082306627,476.832182687201,473.767982858892,455.218575998104,448.549267451882,569.920531372316,489.445554175889,442.938921275143,397.554986120009,385.299866268902
404,"KEN","Kenya",30.9597523219814,34.9854227405248,43.731778425656,44.1988950276243,43.7158469945355,73.3496332518337,91.1214953271028,102.449888641425,209.95670995671,302.483069977427,453.46062052506,286.624203821656,190.082644628099,140.926640926641,217.625899280576,247.078464106845,258.114374034003,247.747747747748,322.008862629247,395.924308588064,274.666666666667
296,"KIR","Kiribati",NA,NA,NA,NA,NA,NA,NA,NA,NA,NA,NA,NA,NA,NA,NA,NA,NA,NA,NA,NA,NA
414,"KWT","Kuwait",887.445887445887,427.643784786642,610.420367081113,576.313181367691,624.561403508772,577.993254637437,565.934065934066,569.98502994012,640.426951300867,728.942368587714,780.631188118812,851.603498542274,849.009900990099,721.356783919598,726.611730489578,799.22250171507,785.969334173493,782.153846153846,777.971014492754,869.597895527997,842.012975626863
417,"KGZ","Kyrgyzstan",189.638318670577,190.382728164868,156.851311953353,106.758832565284,76.6550522648084,122.603137710633,125.198098256735,134.948096885813,120.02743484225,101.694915254237,104.644954618259,101.390498261877,105.781865965834,94.017094017094,89.3246187363834,81.7984832069339,79.3733681462141,86.2723819858926,96.7078189300412,100.502512562814,95.7910014513788
418,"LAO","Laos",NA,NA,NA,NA,NA,NA,NA,NA,NA,NA,NA,NA,NA,NA,NA,NA,NA,NA,NA,NA,NA
428,"LVA","Latvia",179.165450831631,174.706246134818,191.206131504639,201.461377870564,208.595988538682,197.736748064324,212.700369913687,187.100522951772,178.994918125353,195.621468926554,182.448036951501,177.242888402626,177.186311787072,170.805116629044,155.288822205551,152.654867256637,157.85498489426,153.846153846154,153.053132434576,145.962732919255,155.586017820425
422,"LBN","Lebanon",1833.33333333333,1026.66666666667,671.087533156499,705.357142857143,673.745173745174,678.030303030303,706.896551724138,688.967136150235,638.671875,661.706349206349,589.139344262295,601.769911504425,593.856655290102,547.750591949487,460.737179487179,451.327433628319,555.555555555556,506.213753106877,560.62874251497,554.103122730574,492.679821769573
426,"LSO","Lesotho",NA,NA,NA,NA,NA,NA,NA,NA,NA,NA,NA,NA,NA,NA,NA,NA,NA,NA,NA,NA,NA
430,"LBR","Liberia",NA,NA,NA,NA,NA,NA,NA,NA,NA,NA,NA,NA,NA,NA,NA,NA,NA,NA,NA,NA,NA
434,"LBY","Libya",778.761061946903,757.17017208413,736.059479553903,725.749559082892,877.673224978614,1131.46362839614,1070.30603804797,1061.01426307448,1069.47524020695,1055.51700208189,1021.93548387097,996.275605214153,970.336565887051,978.352692713833,888.613861386139,906.362007168459,878.699458107545,845.854418061503,885.245901639344,871.508379888268,885.479278709269
438,"LIE","Liechtenstein",NA,NA,NA,NA,NA,NA,NA,NA,NA,NA,NA,NA,NA,NA,NA,NA,NA,NA,NA,NA,NA
440,"LTU","Lithuania",194.021931376017,200.542005420054,170.139740132385,169.230769230769,200.823892893924,163.551401869159,164.828951088493,159.888233467867,169.208211143695,172.574292875045,154.567699836868,143.218806509946,120.882635113527,111.480362537764,110.393603936039,131.895332390382,133.834586466165,113.158864725396,108.820160366552,103.63440086362,191.913746630728
442,"LUX","Luxembourg",80.6451612903226,71.4285714285714,75.7575757575758,74.6268656716418,86.2068965517241,81.6326530612245,90.9090909090909,121.951219512195,216.216216216216,277.777777777778,235.294117647059,278.350515463918,332.203389830508,328.859060402685,325.966850828729,322.222222222222,321.899736147757,325.581395348837,313.333333333333,323.615160349854,370.786516853933
446,"MAC","Macao",NA,NA,NA,NA,NA,NA,NA,NA,NA,NA,NA,NA,NA,NA,NA,NA,NA,NA,NA,NA,NA
807,"MKD","Macedonia",728.045325779037,764.367816091954,732.782369146006,689.973614775726,711.664482306684,725.260416666667,672.749391727494,612.51504211793,686.615886833515,625.692137320044,630.925507900677,735.688185140073,678.030303030303,666.666666666667,663.855421686747,662.804171494786,667.054714784633,733.082706766917,755.154639175258,684.019370460048,592.592592592593
450,"MDG","Madagascar",NA,NA,NA,NA,NA,NA,NA,NA,NA,NA,NA,NA,NA,NA,NA,NA,NA,NA,NA,NA,NA
454,"MWI","Malawi",NA,NA,NA,NA,NA,NA,NA,NA,NA,NA,NA,NA,NA,NA,NA,NA,NA,NA,NA,NA,NA
458,"MYS","Malaysia",677.237185056473,685.122410546139,627.557980900409,591.53713298791,547.058823529412,542.454905411351,541.812524309607,480.131306150656,495.799703508483,461.59742449793,471.335740072202,506.471581316826,564.040404040404,519.943927615649,541.565386485173,593.927664207088,563.954135589447,583.36751435603,629.038854805726,563.466162830642,699.896240721526
462,"MDV","Maldives",NA,NA,NA,NA,NA,NA,NA,NA,NA,NA,NA,NA,NA,NA,NA,NA,NA,NA,NA,NA,NA
466,"MLI","Mali",NA,NA,NA,NA,NA,NA,NA,NA,NA,NA,NA,NA,NA,NA,NA,NA,NA,NA,NA,NA,NA
470,"MLT","Malta",1590.90909090909,1112.67605633803,1020.13422818792,1386.66666666667,1162.33766233766,957.055214723926,969.879518072289,934.91124260355,930.232558139535,908.108108108108,817.708333333333,1010.30927835052,936.585365853659,946.428571428571,909.90990990991,1035.71428571429,955.752212389381,1008.69565217391,848.484848484848,847.926267281106,872.037914691943
584,"MHL","Marshall Islands",NA,NA,NA,NA,NA,NA,NA,NA,NA,NA,NA,NA,NA,NA,NA,NA,NA,NA,NA,NA,NA
474,"MTQ","Martinique",NA,NA,NA,NA,NA,NA,NA,NA,NA,NA,NA,NA,NA,NA,NA,NA,NA,NA,NA,NA,NA
478,"MRT","Mauritania",NA,NA,NA,NA,NA,NA,NA,NA,NA,NA,NA,NA,NA,NA,NA,NA,NA,NA,NA,NA,NA
480,"MUS","Mauritius",NA,NA,NA,NA,NA,NA,NA,NA,NA,NA,NA,NA,NA,NA,NA,NA,NA,NA,NA,NA,NA
175,"MYT","Mayotte",NA,NA,NA,NA,NA,NA,NA,NA,NA,NA,NA,NA,NA,NA,NA,NA,NA,NA,NA,NA,NA
484,"MEX","Mexico",549.292127071823,509.450105001167,483.215414722264,489.643989091177,539.930673554,488.07881773399,488.253067768391,509.723763359224,530.841018278204,506.869505711428,518.023312763248,523.384775119166,519.640541041319,522.481635708604,440.465955983494,458.001804609958,432.464929859719,431.137026239067,383.334606278164,408.397823921539,407.388271764402
583,"FSM","Micronesia",NA,NA,NA,NA,NA,NA,NA,NA,NA,NA,NA,NA,NA,NA,NA,NA,NA,NA,NA,NA,NA
498,"MDA","Moldova",670.640834575261,660.337552742616,701.19305856833,609.924623115578,578.112609040444,513.725490196078,501.96463654224,495.060373216246,470.588235294118,484.396200814111,590.825688073395,581.35593220339,544.921875,563.088512241055,339.310344827586,341.176470588235,323.67758186398,344.327176781003,337.142857142857,365.17719568567,350.724637681159
492,"MCO","Monaco",NA,NA,NA,NA,NA,NA,NA,NA,NA,NA,NA,NA,NA,NA,NA,NA,NA,NA,NA,NA,NA
496,"MNG","Mongolia",468.637346791637,637.509850275808,641.109298531811,710.843373493976,617.64705882353,609.802073515551,570.29702970297,528.893241919686,596.116504854369,559.479553903346,586.739327883742,585.116279069767,613.799283154122,553.431798436142,525.806451612903,532.96266878475,523.474178403756,562.402496099844,539.104024297646,535.353535353535,570.021111893033
499,"MNE","Montenegro",NA,NA,NA,NA,NA,NA,NA,NA,NA,NA,NA,NA,NA,NA,NA,340.557275541796,388.379204892966,352.517985611511,457.317073170732,273.972602739726,405.275779376499
500,"MSR","Montserrat",NA,NA,NA,NA,NA,NA,NA,NA,NA,NA,NA,NA,NA,NA,NA,NA,NA,NA,NA,NA,NA
504,"MAR","Morocco",673.935617860851,698.154180238871,710.905349794239,780.020181634712,729.72972972973,808.105872622002,671.451355661882,643.855776306107,736.314572089437,749.612403100775,790.0466562986,772.093023255814,771.624144368388,736.962750716332,760.799136069115,776.996484178805,765.051395007342,745.49000487567,743.515850144092,657.931679925129,681.757059614523
508,"MOZ","Mozambique",244.444444444444,255.31914893617,214.285714285714,153.846153846154,75,73.1707317073171,62.5,30,2.91545189504373,2.59403372243839,5.15463917525773,4.20521446593776,3.147128245476,2.74977085242896,3.41588385994876,1.50489089541008,1.35685210312076,0.621890547263682,0.660938532716457,0.589622641509434,0.599880023995201
104,"MMR","Myanmar",508.064516129032,477.611940298507,440,455.621301775148,484.679665738162,508.641975308642,576.142131979695,523.595505617978,601.449275362319,573.275862068966,457.03125,405.117270788913,429.980276134122,485.239852398524,436.720142602496,395.348837209302,373.376623376623,356.25,308.157099697885,199.712643678161,262.599469496021
516,"NAM","Namibia",NA,43.1654676258993,25.6410256410256,179.48717948718,264.367816091954,34.1880341880342,44.9438202247191,62.5,49.0196078431373,33.0578512396694,7.5187969924812,7.19424460431655,0,12.7388535031847,0,31.4465408805031,93.9597315436242,100.591715976331,423.809523809524,235.632183908046,194.630872483221
520,"NRU","Nauru",NA,NA,NA,NA,NA,NA,NA,NA,NA,NA,NA,NA,NA,NA,NA,NA,NA,NA,NA,NA,NA
524,"NPL","Nepal",0,32.258064516129,44.9438202247191,53.763440860215,69.3069306930693,25,24.5901639344262,68.3760683760684,72,33.7837837837838,12.0481927710843,5.3475935828877,0,0,4.13223140495868,7.90513833992095,3.63636363636364,3.584229390681,3.55871886120996,3.2051282051282,0
528,"NLD","Netherlands",495.401996847084,481.672754755007,468.2920970454,475.831538645609,456.799319004043,408.836284784966,387.066857769159,371.280724450194,359.520740122848,358.090390251427,342.426525998493,357.722982366284,346.379238174969,349.638688160089,341.104213446044,330.647345612134,336.625036305547,343.708747307719,326.953419770872,318.405028481634,319.17971944392
530,"ANT","Netherlands Antilles",354.430379746835,350,352.941176470588,351.648351648352,350.515463917526,346.534653465347,352.941176470588,355.769230769231,351.351351351351,351.351351351351,348.214285714286,345.454545454545,347.826086956522,355.932203389831,347.107438016529,352,352.459016393443,349.206349206349,346.774193548387,346.153846153846,348.837209302326
540,"NCL","New Caledonia",NA,NA,NA,NA,NA,NA,NA,NA,NA,NA,NA,NA,NA,NA,NA,NA,NA,NA,NA,NA,NA
554,"NZL","New Zealand",102.1094466524,110.551274451689,143.971205758848,113.479262672811,89.5184135977337,79.7041906327034,102.925243770314,151.264980026631,111.403047819233,140.057486281683,127.991937515747,165.372087196191,141.438604989101,170.130497825036,156.14849187935,199.954033555504,192.700068011789,161.341491049173,181.735985533454,135.295459730778,115.095174856131
558,"NIC","Nicaragua",328.767123287671,350.993377483444,420.731707317073,373.563218390805,428.571428571429,462.365591397849,467.336683417085,495.098039215686,599.118942731278,562.21198156682,582.978723404255,591.269841269841,557.251908396947,534.296028880866,527.397260273973,472.131147540984,511.182108626198,523.364485981308,470.238095238095,495.652173913043,450.819672131148
562,"NER","Niger",NA,NA,NA,NA,NA,NA,NA,NA,NA,NA,NA,NA,NA,NA,NA,NA,NA,NA,NA,NA,NA
566,"NGA","Nigeria",420.505200594354,352.858151023289,363.452461227242,392.143349414197,317.45009658725,371.374527112232,378.07881773399,366.625310173697,329.583057577763,331.261653200746,338.085539714868,326.002587322122,358.402971216342,329.534192269574,361.763494025546,359.388275276126,385.11466897447,385.117493472585,385.599242065372,415.571284125379,405.053598774885
570,"NIU","Niue",NA,NA,NA,NA,NA,NA,NA,NA,NA,NA,NA,NA,NA,NA,NA,NA,NA,NA,NA,NA,NA
574,"NFK","Norfolk Island",NA,NA,NA,NA,NA,NA,NA,NA,NA,NA,NA,NA,NA,NA,NA,NA,NA,NA,NA,NA,NA
408,"PRK","North Korea",565.703971119134,552.091254752852,542.914979757085,504.977375565611,507.792207792208,481.304347826087,520.657276995305,558.031088082902,499.411764705882,552.150537634409,583.505154639175,582.673267326733,567.745197168857,541.904761904762,528.447883477469,522.042776080314,532.976827094474,468.866171003717,481.258078414477,498.814604077762,465.159206275958
580,"MNP","Northern Mariana Islands",NA,NA,NA,NA,NA,NA,NA,NA,NA,NA,NA,NA,NA,NA,NA,NA,NA,NA,NA,NA,NA
578,"NOR","Norway",3.40328984685196,4.08779880920643,3.52733686067019,3.77730333388077,4.3694835270471,4.01929260450161,5.51556511171356,4.96630010642072,4.96883948121947,5.28803781748257,3.52234270322536,4.91143317230274,4.50619601952685,7.09606986899563,5.81651537851414,4.68816593266089,5.68409254663358,5.42314828029114,5.29682878172938,5.98183295177609,8.79901204075332
512,"OMN","Oman",762.222222222222,773.218142548596,855.18590998043,849.056603773585,850,830.769230769231,785.294117647059,756.830601092896,751.219512195122,809.75029726516,795.82875960483,816.221765913758,829.622458857696,853.408029878618,884.347826086957,861.660079051383,884.875846501129,873.676781933663,852.811118130133,842.873176206509,793.64278506559
586,"PAK","Pakistan",407.751526413592,413.826679649464,392.132759680393,384.00789733465,390.963405526512,404.669943820225,442.584136648064,453.024453024453,411.126394620205,467.467315293402,479.377660355203,462.653596576004,442.668428005284,370.778176419646,396.616102683781,378.343813279335,412.099644128114,432.438081304212,450.944013969224,457.337526205451,424.139756484913
585,"PLW","Palau",NA,NA,NA,NA,NA,NA,NA,NA,NA,NA,NA,NA,NA,NA,NA,NA,NA,NA,NA,NA,NA
591,"PAN","Panama",154.135338345865,254.480286738351,344.827586206897,266.666666666667,267.857142857143,289.772727272727,209.424083769634,264.197530864198,429.594272076372,209.606986899563,218.81390593047,398.4375,268.431001890359,354.838709677419,263.888888888889,252.144082332762,285.475792988314,312.404287901991,271.186440677966,300,297.730307076101
598,"PNG","Papua New Guinea",NA,NA,NA,NA,NA,NA,NA,NA,NA,NA,NA,NA,NA,NA,NA,NA,NA,NA,NA,NA,NA
600,"PRY","Paraguay",0,0,0,0,0,0,0,0,0,0,0,0,0,0,0,0,0,0,0,0,0
604,"PER","Peru",58.6531498913831,44.1988950276243,82.3170731707317,51.3166779203241,49.1493383742911,79.3060718711276,73.5379270411118,133.704735376045,134.087237479806,116.596638655462,106.479156202913,78.4408084696824,104.640582347589,113.874345549738,174.845360824742,170.588235294118,160.453216374269,178.416304710992,218.933086648165,230.488915882174,262.190025076623
608,"PHL","Philippines",340.676034941132,405.847953216374,427.908774642443,419.112114371708,437.151296357073,463.211200476616,477.266539613395,500.502512562814,508.658008658009,454.501568911417,492.603223669684,477.78958554729,446.461728904477,448.621080468455,447.998570407434,491.426551175535,429.552659387108,443.21422580104,483.558040118382,475.129198966408,481.027609626458
612,"PCN","Pitcairn",NA,NA,NA,NA,NA,NA,NA,NA,NA,NA,NA,NA,NA,NA,NA,NA,NA,NA,NA,NA,NA
616,"POL","Poland",466.23510372223,468.159676844481,475.723317449936,515.961892027411,526.5442519034,613.909345095105,613.843488739926,618.857076259663,620.78223932035,622.820723684211,631.218199402885,617.187816847143,613.818090954523,607.475524198343,614.125407231629,611.92,613.954762463802,622.756423183963,632.969034608379,618.078620979609,600.498733375554
620,"PRT","Portugal",495.81589958159,499.168606584636,594.405594405594,511.302133078637,481.574803149606,522.63251935676,387.492861222159,406.071019473081,419.322459222083,484.979517523896,425.328288448698,396.045785639958,463.526469362234,362.36012207528,399.623588456713,447.6,365.318580694391,324.675324675325,323.906408952187,309.417871709307,189.084802686818
630,"PRI","Puerto Rico",NA,NA,NA,NA,NA,NA,NA,NA,NA,NA,NA,NA,NA,NA,NA,NA,NA,NA,NA,NA,NA
634,"QAT","Qatar",248.96265560166,262.931034482759,332.038834951456,396.739130434783,467.353951890034,448.160535117057,335.866261398176,294.032023289665,236.453201970443,196.969696969697,170.865279299014,208.040201005025,254.113345521024,240.632805995004,181.40589569161,183.333333333333,183.255269320843,168.036998972251,137.835337650324,137.903225806452,137.882018479033
638,"REU","Reunion",NA,NA,NA,NA,NA,NA,NA,NA,NA,NA,NA,NA,NA,NA,NA,NA,NA,NA,NA,NA,NA
642,"ROU","Romania",493.713697522241,559.550163818294,289.310451772976,274.453073448048,396.354323591443,397.078926541478,407.239819004525,357.90323764775,316.221926598325,329.927667269439,361.097874773659,370.88194120392,374.032586558045,430.544105523495,393.115172120697,391.441821247892,406.269333883275,418.498862774829,403.744754116001,386.925168459629,343.774917416562
643,"RUS","Russia",226.171327061704,231.190351280162,229.11157715571,188.66708875941,183.765267426333,179.678995836442,201.761896677714,197.06933332312,190.531177829099,190.176888196063,190.313511576071,188.810090806794,189.145347735456,194.389950223749,191.234686028405,195.445651566256,196.897808249729,196.635078407011,206.332947193158,196.5163054091,182.167765004876
646,"RWA","Rwanda",NA,NA,NA,NA,NA,NA,NA,NA,NA,NA,NA,NA,NA,NA,NA,NA,NA,NA,NA,NA,NA
654,"SHN","Saint Helena",NA,NA,NA,NA,NA,NA,NA,NA,NA,NA,NA,NA,NA,NA,NA,NA,NA,NA,NA,NA,NA
659,"KNA","Saint Kitts and Nevis",NA,NA,NA,NA,NA,NA,NA,NA,NA,NA,NA,NA,NA,NA,NA,NA,NA,NA,NA,NA,NA
662,"LCA","Saint Lucia",NA,NA,NA,NA,NA,NA,NA,NA,NA,NA,NA,NA,NA,NA,NA,NA,NA,NA,NA,NA,NA
666,"SPM","Saint Pierre and Miquelon",NA,NA,NA,NA,NA,NA,NA,NA,NA,NA,NA,NA,NA,NA,NA,NA,NA,NA,NA,NA,NA
670,"VCT","Saint Vincent and the Grenadines",NA,NA,NA,NA,NA,NA,NA,NA,NA,NA,NA,NA,NA,NA,NA,NA,NA,NA,NA,NA,NA
882,"WSM","Samoa",NA,NA,NA,NA,NA,NA,NA,NA,NA,NA,NA,NA,NA,NA,NA,NA,NA,NA,NA,NA,NA
674,"SMR","San Marino",NA,NA,NA,NA,NA,NA,NA,NA,NA,NA,NA,NA,NA,NA,NA,NA,NA,NA,NA,NA,NA
678,"STP","Sao Tome and Principe",NA,NA,NA,NA,NA,NA,NA,NA,NA,NA,NA,NA,NA,NA,NA,NA,NA,NA,NA,NA,NA
682,"SAU","Saudi Arabia",575.494870683427,575.733009052831,586.202701058523,608.194200351494,600.617546848382,608.993357179356,619.62219365048,629.28870292887,646.833013435701,643.505293228029,644.66281004834,624.149023715119,597.220262452378,591.764705882353,619.589692269202,608.903020667727,618.530562751474,606.276897239425,622.722820763957,640.455131748664,588.703294872329
686,"SEN","Senegal",882.978723404255,835.051546391753,866.666666666667,894.230769230769,925.233644859813,876.106194690266,858.333333333333,875.968992248062,881.481481481481,907.142857142857,694.300518134715,716.89497716895,572,453.488372093023,498.181818181818,535.353535353535,654.761904761905,530.465949820789,492.063492063492,566.666666666667,552.715654952077
688,"SRB","Serbia",821.605960264901,766.230936819172,799.952426260704,814.805057955743,750.796178343949,899.874213836478,859.328726554788,876.85873605948,863.909426987061,730.287206266319,806.559057135537,763.967511690869,794.965786901271,825.096899224806,780.617915092243,596.442134719169,643.939393939394,597.279472382523,645.931984502798,637.267343485618,581.044806937848
690,"SYC","Seychelles",NA,NA,NA,NA,NA,NA,NA,NA,NA,NA,NA,NA,NA,NA,NA,NA,NA,NA,NA,NA,NA
694,"SLE","Sierra Leone",NA,NA,NA,NA,NA,NA,NA,NA,NA,NA,NA,NA,NA,NA,NA,NA,NA,NA,NA,NA,NA
702,"SGP","Singapore",898.790579248886,812.056737588652,852.857951329938,1014.76793248945,975.059952038369,933.453237410072,888.796680497925,779.182156133829,731.501057082452,755.420054200542,761.844598862918,724.085826533696,663.877668782458,592.131333144636,560.988861722358,538.864171682806,527.6369168357,524.434719183078,514.621284755513,456.937799043062,472.558959664977
703,"SVK","Slovakia",311.889718552556,324.10135533294,301.818181818182,363.58398156151,311.429373771413,327.997900813435,316.636387230729,323.072732225552,308.398950131234,301.086394205898,226.663417011942,199.958428601122,177.624488036215,214.347264110297,199.031263760458,188.465723612622,185.126582278481,190.488173125315,179.558011049724,193.94261424017,189.208984375
705,"SVN","Slovenia",322.471147318398,279.054497701904,315.284441398218,331.460674157303,293.729372937294,299.545159194282,283.174603174603,349.044585987261,349.323493234932,329.516539440204,326.555760936537,342.907385697538,364.967779730521,361.043689320388,335.002782415136,339.285714285714,349.634626194491,361.142857142857,323.328067403897,311.146328578975,316.81602530311
90,"SLB","Solomon Islands",NA,NA,NA,NA,NA,NA,NA,NA,NA,NA,NA,NA,NA,NA,NA,NA,NA,NA,NA,NA,NA
706,"SOM","Somalia",NA,NA,NA,NA,NA,NA,NA,NA,NA,NA,NA,NA,NA,NA,NA,NA,NA,NA,NA,NA,NA
710,"ZAF","South Africa",798.282742774217,789.141793285689,793.655552890381,830.699123211813,819.72581450852,831.912827705254,814.486215538847,823.922984356197,877.260408967726,837.191897016266,841.272132409546,781.909016669069,772.510980966325,803.32972972973,830.033619723571,809.427414690573,796.491927446681,792.821497120921,908.852536005009,868.730248764282,890.200662380674
410,"KOR","South Korea",326.943152700009,357.672611689917,386.897106109325,379.963646532438,397.566648774378,405.658894419701,413.778548984664,444.983679780107,380.682321665928,378.601319813295,393.354507696066,396.732251754689,370.519543709791,374.352805815595,387.093687961922,380.446357765945,386.3576391943,374.407582938389,382.698269826983,428.330790115138,430.033819411615
724,"ESP","Spain",413.822751322751,405.993670477298,458.008934269304,398.584298584299,386.384830587504,407.655617943609,323.912792709655,357.614843791299,343.157023938783,389.255877210025,390.703743700504,347.798121864414,395.09954058193,341.748099891422,346.486798441783,363.110895749688,330.513349802037,351.338812301167,287.32122770368,253.812673498064,192.010137388289
144,"LKA","Sri Lanka",3.17460317460317,53.2544378698225,189.265536723164,72.8643216080402,63.7813211845103,50,231.788079470199,262.645914396887,204.225352112676,228.155339805825,447.142857142857,429.203539823009,469.675599435825,488.341968911917,513.973268529769,476.394849785408,335.789473684211,393.939393939394,420.995670995671,432.186234817814,379.182156133829
275,"PSE","State of Palestine",NA,NA,NA,NA,NA,NA,NA,NA,NA,NA,NA,NA,NA,NA,NA,NA,NA,NA,NA,NA,NA
736,"SDN","Sudan",324.503311258278,337.349397590361,300.613496932515,514.792899408284,354.838709677419,467.741935483871,485.436893203883,511.627906976744,467.005076142132,429.752066115703,509.727626459144,482.394366197183,592.233009708738,602.985074626866,605.187319884726,548.302872062663,530.973451327434,503.98406374502,488.203266787659,368.78453038674,343.112244897959
740,"SUR","Suriname",NA,NA,NA,NA,NA,NA,NA,NA,NA,NA,NA,NA,NA,NA,NA,NA,NA,NA,NA,NA,NA
744,"SJM","Svalbard and Jan Mayen Islands",NA,NA,NA,NA,NA,NA,NA,NA,NA,NA,NA,NA,NA,NA,NA,NA,NA,NA,NA,NA,NA
748,"SWZ","Swaziland",NA,NA,NA,NA,NA,NA,NA,NA,NA,NA,NA,NA,NA,NA,NA,NA,NA,NA,NA,NA,NA
752,"SWE","Sweden",46.3355000298169,56.0812772133527,48.6422920675647,48.9121804033667,52.4169751596116,46.0251046025105,68.7947745469869,45.2451208779831,47.7237202032044,42.5553069848372,37.0703331570598,37.2011050776412,47.2501539092961,53.9601541718691,46.1691542288557,39.394229847599,44.1449814126394,36.1397133050676,35.6856053001405,41.6777135585132,46.8824143494353
756,"CHE","Switzerland",9.97763633235851,13.7099438387843,15.9883720930233,7.46616892207186,6.68022073772872,8.04370921232357,9.47630922693267,8.3421811011679,12.5131916176692,6.32563256325633,4.85090597802825,4.91237387148168,4.88295275025133,5.72737686139748,5.8428279287175,6.08779237423903,5.08601346297681,3.66300366300366,4.04012259682363,3.92211794368959,4.20698359276399
760,"SYR","Syria",471.14556416882,455.665024630542,468.152866242038,477.848101265823,507.905138339921,517.448856799037,525.627044711014,530.497180932855,538.2797731569,546.01226993865,519.825535289453,516.66042680644,541.949303820064,526.244497121571,521.197007481297,558.672009158558,575.375536480687,578.933747412008,586.786933203315,595.705379819903,563.671622495152
999,"TWN","Taiwan",405.203619909502,425.510099456577,425.101214574899,439.786856127886,441.436967138482,446.656852870535,446.970797617318,469.384962714647,479.6573875803,485.928252204372,483.245638327333,490.079149951209,482.587319471474,485.112811266507,474.354801209021,487.383679312813,498.33729216152,492.119235754003,500.872897594209,485.754671142718,481.388866114618
762,"TJK","Tajikistan",78.6632390745501,79.0289256198347,87.5455966649296,65.3394589076059,39.2916436081904,35.691523263225,36.3636363636364,45.8471760797342,44.5448676565526,41.1449016100179,37.6734963648381,36.0183366077276,28.3076923076923,28.5225328009127,33.6950314106225,32.5248070562293,32.8142380422692,31.7716747442111,31.5052508751459,29.2226767971946,26.406429391504
834,"TZA","Tanzania",153.374233128834,137.362637362637,137.362637362637,141.361256544503,179.775280898876,239.583333333333,152.709359605911,363.636363636364,18.6046511627907,100.840336134454,161.290322580645,32.7272727272727,13.986013986014,18.796992481203,86.5051903114187,332.409972299169,399.43342776204,217.703349282297,213.151927437642,271.634615384615,295.045045045045
764,"THA","Thailand",626.301493888637,673.839410241084,646.234676007005,629.869105819271,623.208766507446,605.519480519481,601.513802315227,618.684972648289,589.561354802887,550.422034651266,507.188997707856,499.511814098809,483.808824878452,469.140023935715,482.621490495506,480.937972768533,452.212772091682,497.27995536337,479.685274367496,464.451782465126,468.15446339017
626,"TLS","Timor-Leste",NA,NA,NA,NA,NA,NA,NA,NA,NA,NA,NA,NA,NA,NA,NA,NA,NA,NA,NA,NA,NA
768,"TGO","Togo",375,321.428571428571,235.294117647059,206.896551724138,360,161.290322580645,166.666666666667,285.714285714286,300,380.952380952381,588.235294117647,1500,333.333333333333,222.222222222222,421.052631578947,315.789473684211,409.090909090909,350,166.666666666667,153.846153846154,153.846153846154
772,"TKL","Tokelau",NA,NA,NA,NA,NA,NA,NA,NA,NA,NA,NA,NA,NA,NA,NA,NA,NA,NA,NA,NA,NA
776,"TON","Tonga",NA,NA,NA,NA,NA,NA,NA,NA,NA,NA,NA,NA,NA,NA,NA,NA,NA,NA,NA,NA,NA
780,"TTO","Trinidad and Tobago",673.184357541899,706.989247311828,695.979899497487,725.130890052356,692.874692874693,698.375870069606,676.211453744493,665.330661322645,700.193423597679,695.238095238095,677.655677655678,684.397163120567,760.63829787234,745.341614906832,746.500777604977,754.957507082153,749.275362318841,750,700.520833333333,714.470284237726,696.113074204947
788,"TUN","Tunisia",550.774526678141,597.014925373134,585.516178736518,591.251885369532,554.609929078014,504.563233376793,522.068095838588,533.018867924528,531.353135313531,512,494.339622641509,507.462686567164,487.331081081081,399.468556244464,383.58458961474,378.357030015798,402.756508422665,412.663755458515,397.632311977716,386.229508196721,379.503105590062
792,"TUR","Turkey",466.979492526938,473.360995850622,478.764478764479,420.132773336946,468.462717058223,437.217391304348,445.287792536369,444.917715392062,443.163393983066,458.605290278255,441.740071086385,460.624306765964,381.360351635253,350.638591646531,330.212274738665,359.869646182495,381.061616431048,424.936136765573,440.327260619322,425.060357315307,395.324076127945
795,"TKM","Turkmenistan",685.831622176591,602.013422818792,340.667678300455,504.746835443038,824.761904761905,930.612244897959,730.693069306931,630.343671416597,610.445205479452,790.571169537625,795.698924731183,795.511221945137,795.548227535037,795.102040816327,795.118343195266,795.048143053645,795.219638242894,795.023696682464,844.079718640094,789.735099337748,867.125463208047
796,"TCA","Turks and Caicos Islands",NA,NA,NA,NA,NA,NA,NA,NA,NA,NA,NA,NA,NA,NA,NA,NA,NA,NA,NA,NA,NA
798,"TUV","Tuvalu",NA,NA,NA,NA,NA,NA,NA,NA,NA,NA,NA,NA,NA,NA,NA,NA,NA,NA,NA,NA,NA
800,"UGA","Uganda",NA,NA,NA,NA,NA,NA,NA,NA,NA,NA,NA,NA,NA,NA,NA,NA,NA,NA,NA,NA,NA
804,"UKR","Ukraine",384.983058271815,376.910794862895,351.992222509152,365.415388718496,339.241166176416,341.746705383069,290.305880322706,282.228236355435,290.959974908924,295.067623309417,301.338755248079,285.015608740895,281.612737544941,330.97703263783,274.375695880388,267.334239698808,296.305325315564,306.487947735977,316.344155273866,295.53202401424,291.935260755291
784,"ARE","United Arab Emirates",743.559718969555,743.515850144092,743.178170144462,743.212149102623,743.470935130581,737.389911929544,740.308618742943,749.295774647887,710.392333033842,707.51413950983,728.592889334001,746.351633078527,764.19120785318,804.853387259858,913.201068294544,843.492586490939,819.979032499626,720.273288661148,729.538604219801,631.224467262891,597.769364575872
826,"GBR","United Kingdom",629.940835850957,614.594678699238,605.135431344919,531.414182236453,512.460771644822,486.571024692472,457.215653717328,418.380205051836,416.47280381079,360.34364435859,381.089536673785,398.816220711246,384.617265835168,403.192894010323,410.268406796356,411.417179256522,435.80518844836,426.271165734112,420.145100377658,382.065021381833,390.142382173041
840,"USA","United States of America",548.949999226234,526.742719130281,533.328395573792,531.640514691411,527.76865028211,524.825785158175,526.33465373873,548.563434559396,538.481970236013,520.706267292918,552.771987113139,587.363247993964,544.645062550551,549.581020707176,549.98742186128,549.566993294562,526.534854818665,534.999865986474,522.054141191035,495.034779743758,499.155831878191
850,"VIR","United States Virgin Islands",NA,NA,NA,NA,NA,NA,NA,NA,NA,NA,NA,NA,NA,NA,NA,NA,NA,NA,NA,NA,NA
858,"URY","Uruguay",40.3225806451613,89.7435897435898,86.5168539325843,65.1629072681704,10.498687664042,49.1283676703645,100.449775112444,67.1328671328671,29.2580982236155,184.979137691238,56.6534914361001,2.16216216216216,3.12174817898023,1.16550116550117,149.659863945578,102.864583333333,295.373665480427,103.923647932132,303.306727480046,251.40924464487,79.5559666975023
860,"UZB","Uzbekistan",477.195296186394,496.114285714286,538.072897870805,547.779441117764,490.876837303599,432.453316162267,444.149641814805,459.247224478744,483.721545791424,478.534171459141,479.074025634319,478.997027271552,477.241551315625,472.246919852661,467.117864895926,469.921875,465.751699823722,480.025773195876,442.375309285063,466.335468688718,460.120343105876
548,"VUT","Vanuatu",NA,NA,NA,NA,NA,NA,NA,NA,NA,NA,NA,NA,NA,NA,NA,NA,NA,NA,NA,NA,NA
862,"VEN","Venezuela",256.911665542819,205.241553520682,192.615658362989,216.77716921303,182.813816343724,187.338325391423,168.143934382855,172.047143223162,191.59456118665,167.948399900769,174.035416910989,219.485130936529,249.210669569951,253.186621636344,210.451547437849,199.829367712579,210.535682505784,197.974860335196,194.048616932104,195.852149188828,255.009723513993
704,"VNM","Viet Nam",551.84331797235,387.622149837134,308.959835221421,257.03564727955,297.80309194467,301.023890784983,327.036599763872,418.191322530058,442.600276625173,348.896434634975,368.222891566265,332.244364586736,377.374301675978,347.018572825024,365.072495130924,396.011926947447,390.643081501075,375.615579764214,373.569482288828,357.580858482626,402.528977871444
876,"WLF","Wallis and Futuna Islands",NA,NA,NA,NA,NA,NA,NA,NA,NA,NA,NA,NA,NA,NA,NA,NA,NA,NA,NA,NA,NA
732,"ESH","Western Sahara",NA,NA,NA,NA,NA,NA,NA,NA,NA,NA,NA,NA,NA,NA,NA,NA,NA,NA,NA,NA,NA
887,"YEM","Yemen",554.21686746988,741.116751269035,736.111111111111,638.297872340426,699.074074074074,855.371900826446,878.048780487805,817.543859649123,886.59793814433,828.025477707006,832.844574780059,796.703296703297,766.57824933687,782.926829268293,771.16704805492,714.884696016771,680.890538033395,615.257048092869,577.099236641221,568.249258160237,610.824742268041
894,"ZMB","Zambia",2.49687890137328,2.20994475138122,3.03951367781155,2.4390243902439,3.68550368550369,3.78787878787879,2.78940027894003,3.77833753148615,3.94736842105263,3.8659793814433,3.84615384615385,3.77833753148615,3.68098159509202,3.6101083032491,3.52526439482961,3.35570469798658,3.03030303030303,2.03458799593082,3.09278350515464,1.92122958693564,2.6525198938992
716,"ZWE","Zimbabwe",713.675213675214,939.461883408072,1029.12621359223,1034.80589022758,1090.18567639257,919.334186939821,879.781420765027,786.301369863014,908.814589665653,812.411847672779,738.571428571429,848.293299620733,717.112922002328,514.772727272727,572.01646090535,572.541382667965,658.049353701528,659.224441833137,660,660.377358490566,660.074165636588
