"code","iso","country","MPAEEZ.1990","MPAEEZ.1991","MPAEEZ.1992","MPAEEZ.1993","MPAEEZ.1994","MPAEEZ.1995","MPAEEZ.1996","MPAEEZ.1997","MPAEEZ.1998","MPAEEZ.1999","MPAEEZ.2000","MPAEEZ.2001","MPAEEZ.2002","MPAEEZ.2003","MPAEEZ.2004","MPAEEZ.2005","MPAEEZ.2006","MPAEEZ.2007","MPAEEZ.2008","MPAEEZ.2009","MPAEEZ.2010","MPAEEZ.2011","MPAEEZ.2012"
4,"AFG","Afghanistan",NA,NA,NA,NA,NA,NA,NA,NA,NA,NA,NA,NA,NA,NA,NA,NA,NA,NA,NA,NA,NA,NA,NA
8,"ALB","Albania",0.153569041897352,0.153569041897352,0.153569041897352,0.153569041897352,0.619940962218475,0.619940962218475,0.619940962218475,0.619940962218475,0.619940962218475,0.619940962218475,0.619940962218475,0.619940962218475,0.619940962218475,0.619940962218475,0.619940962218475,0.619940962218475,0.619940962218475,0.619940962218475,0.619940962218475,0.619940962218475,0.619940962218475,0.619940962218475,0.619940962218475
12,"DZA","Algeria",0.0196315642123936,0.0196315642123936,0.0196315642123936,0.0196315642123936,0.0196315642123936,0.0196315642123936,0.0196315642123936,0.0196315642123936,0.0196315642123936,0.0196315642123936,0.0196315642123936,0.0196315642123936,0.0196315642123936,0.0408339630858498,0.0408339630858498,0.0408339630858498,0.0408339630858498,0.0408339630858498,0.0408339630858498,0.0408339630858498,0.0408339630858498,0.0408339630858498,0.0408339630858498
16,"ASM","American Samoa",0.0121343423344985,0.0121343423344985,0.0121343423344985,0.0121343423344985,0.0127021027313527,0.0127021027313527,0.0127021027313527,0.0127021027313527,0.0127021027313527,0.0127021027313527,0.0127021027313527,0.0141399375026068,0.0141571423631176,0.0142308774795921,0.0142308774795921,0.0142308774795921,0.0142308774795921,0.0142308774795921,0.0142308774795921,8.61348560716334,8.61348560716334,8.61348560716334,8.61348560716334
20,"AND","Andorra",NA,NA,NA,NA,NA,NA,NA,NA,NA,NA,NA,NA,NA,NA,NA,NA,NA,NA,NA,NA,NA,NA,NA
24,"AGO","Angola",0.0153448661003296,0.0153448661003296,0.0153448661003296,0.0153448661003296,0.0153448661003296,0.0153448661003296,0.0153448661003296,0.0153448661003296,0.0153448661003296,0.0153448661003296,0.0153448661003296,0.0153448661003296,0.0153448661003296,0.0153448661003296,0.0153448661003296,0.0153448661003296,0.0153448661003296,0.0153448661003296,0.0153448661003296,0.0153448661003296,0.0153448661003296,0.0153448661003296,0.0153448661003296
660,"AIA","Anguilla",0,0,0,0,0,0,0,0,0,0,0,0,0,0,0,0,0,0,0,0,0,0,0
28,"ATG","Antigua and Barbuda",0.0246476502173735,0.0246476502173735,0.0246476502173735,0.0248874851371533,0.0248874851371533,0.0248874851371533,0.0248874851371533,0.0248874851371533,0.0248874851371533,0.0296841835327499,0.0296841835327499,0.0296841835327499,0.0296841835327499,0.0296841835327499,0.0296841835327499,0.0296841835327499,0.0296841835327499,0.0296841835327499,0.0296841835327499,0.0296841835327499,0.0296841835327499,0.0296841835327499,0.0296841835327499
32,"ARG","Argentina",0.116736278789058,0.140756495274383,0.163737486300805,0.232589169832216,0.232589169832216,0.232589169832216,0.234763520881101,0.234763520881101,0.234763520881101,0.234763520881101,0.234763520881101,0.234763520881101,0.234763520881101,0.234763520881101,0.234763520881101,0.234763520881101,0.234763520881101,0.234763520881101,0.234763520881101,0.234763520881101,0.234763520881101,0.234763520881101,0.234763520881101
51,"ARM","Armenia",NA,NA,NA,NA,NA,NA,NA,NA,NA,NA,NA,NA,NA,NA,NA,NA,NA,NA,NA,NA,NA,NA,NA
533,"ABW","Aruba",NA,NA,NA,NA,NA,NA,NA,NA,NA,NA,NA,NA,NA,NA,NA,NA,NA,NA,NA,NA,NA,NA,NA
36,"AUS","Australia",1.24621497041614,1.25250080373193,1.26303707339579,1.29656217819675,1.29656217819675,1.29657593757271,1.29660862985,1.29660862985,1.50966144909039,3.3151353918247,3.3501954926083,3.35019659335837,3.3614382236717,3.36930946732367,6.50225696199739,6.51100099038557,6.51816698346309,9.02705071629919,9.0274659192283,9.28075236461508,9.28075236461508,9.28075236461508,9.28075236461508
40,"AUT","Austria",NA,NA,NA,NA,NA,NA,NA,NA,NA,NA,NA,NA,NA,NA,NA,NA,NA,NA,NA,NA,NA,NA,NA
31,"AZE","Azerbaijan",NA,NA,NA,NA,NA,NA,NA,NA,NA,NA,NA,NA,NA,NA,NA,NA,NA,NA,NA,NA,NA,NA,NA
44,"BHS","Bahamas",0.098497867042621,0.098497867042621,0.098497867042621,0.098497867042621,0.103259234469282,0.103259234469282,0.103259234469282,0.103259234469282,0.103259234469282,0.103259234469282,0.103259234469282,0.103259234469282,0.25361293378382,0.25361293378382,0.25361293378382,0.25361293378382,0.25361293378382,0.25361293378382,0.25361293378382,0.25361293378382,0.25361293378382,0.25361293378382,0.25361293378382
48,"BHR","Bahrain",0,0,0,0,0,0,0,0,0,0,0,0,0,0,0,0,0,0,0,0,0,0,0
50,"BGD","Bangladesh",0.0727376796091286,0.0727376796091286,0.0727376796091286,0.0727376796091286,0.0727376796091286,0.0727376796091286,0.903275425953982,0.903275425953982,0.903275425953982,0.903275425953982,0.903275425953982,0.903275425953982,0.903275425953982,0.903275425953982,0.903275425953982,0.903275425953982,0.903275425953982,0.903275425953982,0.903275425953982,0.903275425953982,0.903275425953982,0.903275425953982,0.903275425953982
52,"BRB","Barbados",0.00034181928185478,0.00034181928185478,0.00034181928185478,0.00034181928185478,0.00034181928185478,0.00034181928185478,0.00034181928185478,0.00034181928185478,0.00034181928185478,0.00034181928185478,0.00034181928185478,0.00034181928185478,0.00034181928185478,0.00034181928185478,0.00034181928185478,0.00034181928185478,0.00034181928185478,0.00034181928185478,0.00034181928185478,0.00034181928185478,0.00034181928185478,0.00034181928185478,0.00034181928185478
112,"BLR","Belarus",NA,NA,NA,NA,NA,NA,NA,NA,NA,NA,NA,NA,NA,NA,NA,NA,NA,NA,NA,NA,NA,NA,NA
56,"BEL","Belgium",0,0,0,0,0,0,0,0,0,0,0,0,0,0,0,0,0,0,0,0,0,0,0
84,"BLZ","Belize",0.26371175398987,0.26371175398987,0.26371175398987,1.17164391287012,1.20184476650706,1.20184476650706,3.27838141108446,3.27838141108446,4.98582107223807,4.98582107223807,6.38086288232195,6.40208361022054,6.50600438838022,6.65692576309655,6.65692576309655,6.65711918118937,6.65711918118937,6.65711918118937,6.65711918118937,6.65711918118937,6.65745075506279,6.65745075506279,6.65745075506279
204,"BEN","Benin",0,0,0,0,0,0,0,0,0,0,0,0,0,0,0,0,0,0,0,0,0,0,0
60,"BMU","Bermuda",0.0321300650181631,0.0321300650181631,0.0321300650181631,0.0321300650181631,0.0321300650181631,0.0321300650181631,0.0321300650181631,0.0321610593618725,0.0321610593618725,0.0321610593618725,0.0334428968624249,0.0334428968624249,0.0334428968624249,0.0334428968624249,0.0334428968624249,0.0334428968624249,0.0334428968624249,0.0334428968624249,0.0334428968624249,0.0334428968624249,0.0334428968624249,0.0334428968624249,0.0334428968624249
64,"BTN","Bhutan",NA,NA,NA,NA,NA,NA,NA,NA,NA,NA,NA,NA,NA,NA,NA,NA,NA,NA,NA,NA,NA,NA,NA
68,"BOL","Bolivia",NA,NA,NA,NA,NA,NA,NA,NA,NA,NA,NA,NA,NA,NA,NA,NA,NA,NA,NA,NA,NA,NA,NA
70,"BIH","Bosnia and Herzegovina",NA,NA,NA,NA,NA,NA,NA,NA,NA,NA,NA,NA,NA,NA,NA,NA,NA,NA,NA,NA,NA,NA,NA
72,"BWA","Botswana",NA,NA,NA,NA,NA,NA,NA,NA,NA,NA,NA,NA,NA,NA,NA,NA,NA,NA,NA,NA,NA,NA,NA
76,"BRA","Brazil",0.696304760685708,0.772416044832404,0.870602214083951,0.959200854486468,0.961320953547838,0.961320953547838,0.978941453371887,1.1010333044402,1.10244742956509,1.13083852250258,1.1849103018882,1.18688017056679,1.19534369310985,1.29036685962825,1.32161913375087,1.32166757760619,1.34527524806581,1.34601986822395,1.34601986822395,1.34601986822395,1.34601986822395,1.34601986822395,1.34601986822395
92,"VGB","British Virgin Islands",0.0596595706769239,0.0596719790734874,0.0596719790734874,0.0596719790734874,0.0596719790734874,0.0596719790734874,0.0596719790734874,0.0596719790734874,0.0596719790734874,0.0496584030468073,0.0596719790734874,0.0596719790734874,0.0596719790734874,0.0596719790734874,0.0596719790734874,0.0596719790734874,0.0596719790734874,0.0596719790734874,0.0596719790734874,0.0596719790734874,0.0596719790734874,0.0596719790734874,0.0596719790734874
96,"BRN","Brunei Darussalam",NA,NA,NA,NA,NA,NA,NA,NA,NA,NA,NA,NA,NA,NA,NA,NA,NA,NA,NA,NA,NA,NA,NA
100,"BGR","Bulgaria",0.000255309226279716,0.000255309226279716,0.000255309226279716,0.000255309226279716,0.000255309226279716,0.000255309226279716,0.000255309226279716,0.000255309226279716,0.000255309226279716,0.000255309226279716,0.000255309226279716,0.000255309226279716,0.000255309226279716,0.000255309226279716,0.000255309226279716,0.000255309226279716,0.000255309226279716,0.000255309226279716,0.000255309226279716,0.000255309226279716,0.000255309226279716,0.000255309226279716,0.000255309226279716
854,"BFA","Burkina Faso",NA,NA,NA,NA,NA,NA,NA,NA,NA,NA,NA,NA,NA,NA,NA,NA,NA,NA,NA,NA,NA,NA,NA
108,"BDI","Burundi",NA,NA,NA,NA,NA,NA,NA,NA,NA,NA,NA,NA,NA,NA,NA,NA,NA,NA,NA,NA,NA,NA,NA
116,"KHM","Cambodia",0,0,0,0,0,0.0122333299662352,0.0122333299662352,0.0122333299662352,0.0122333299662352,0.0122333299662352,0.0122333299662352,0.0122333299662352,0.0122333299662352,0.0122333299662352,0.0122333299662352,0.0122333299662352,0.0122333299662352,0.0122333299662352,0.0122333299662352,0.0122333299662352,0.0122333299662352,0.0122333299662352,0.0122333299662352
120,"CMR","Cameroon",0,0,0,0,0,0,0,0,0,0,0,0,0,0,0,0,0,0,0,0,0,0,0
124,"CAN","Canada",0.334276961093047,0.337822324123857,0.355178772500406,0.356404543413879,0.356444512307398,0.387596861340882,0.401445646603652,0.401687205331296,0.424453766338476,0.430842156908737,0.430842156908737,0.442139390842437,0.442177090759468,0.501315344869119,0.54434892747698,0.554472227883125,0.562137528606165,0.564537233047193,0.688635062251412,0.690449719831845,0.813518655467087,0.813518655467087,0.813518655467087
132,"CPV","Cape Verde",0,0,0,0,0,0,0,0,0,0,0,0,0,0,0,0,0,0,0,0,0,0,0
136,"CYM","Cayman Islands",0.0593056724480367,0.0593056724480367,0.0593056724480367,0.0593056724480367,0.0593056724480367,0.0593056724480367,0.0593056724480367,0.0593056724480367,0.0593056724480367,0.0593056724480367,0.0593056724480367,0.0593056724480367,0.0646112658552646,0.0694907407368726,0.0694907407368726,0.0694907407368726,0.0694907407368726,0.0694907407368726,0.0694907407368726,0.0694907407368726,0.0694907407368726,0.0694907407368726,0.0694907407368726
140,"CAF","Central African Republic",NA,NA,NA,NA,NA,NA,NA,NA,NA,NA,NA,NA,NA,NA,NA,NA,NA,NA,NA,NA,NA,NA,NA
148,"TCD","Chad",NA,NA,NA,NA,NA,NA,NA,NA,NA,NA,NA,NA,NA,NA,NA,NA,NA,NA,NA,NA,NA,NA,NA
152,"CHL","Chile",0.481531745061295,0.481531745061295,0.48156943626845,0.48156943626845,0.48156943626845,0.48156943626845,0.483835789573494,0.483928255052917,0.483928255052917,0.483992519916915,0.483992519916915,0.484065461893352,0.484065461893352,0.497507393699719,0.498227322872355,0.499999080768401,0.499999080768401,0.500002063525802,0.500002063525802,0.500002063525802,4.57973683066375,4.57973683066375,4.57973683066375
156,"CHN","China",0.129029691925362,0.129029691925362,0.221855967279374,0.221855967279374,0.221855967279374,0.221855967279374,0.221855967279374,0.237349938334179,0.237349938334179,0.237349938334179,0.253721943111553,0.253721943111553,0.281189726524018,0.281189726524018,0.281189726524018,0.281189726524018,0.281189726524018,0.281189726524018,0.33022894156187,0.33022894156187,0.33022894156187,0.33022894156187,0.33022894156187
170,"COL","Colombia",0.224965617169664,0.224965617169664,0.224965617169664,0.224965617169664,0.224965617169664,1.4979699441676,1.4979699441676,1.4979699441676,1.4979699441676,1.4979699441676,1.4979699441676,1.4979699441676,1.4979699441676,1.4979699441676,1.4979699441676,9.07364425335798,9.07364425335798,9.07364425335798,9.07364425335798,9.07364425335798,9.13093345682781,9.13093345682781,9.13093345682781
174,"COM","Comoros",0,0,0,0,0,0,0,0,0,0,0,0,0,0,0,0,0,0,0,0,0,0,0
178,"COG","Congo",0,0,0,0,0,0,0,0,0,2.97194629910796,2.97194629910796,2.97194629910796,2.97194629910796,2.97194629910796,2.97194629910796,2.97194629910796,2.97194629910796,2.97194629910796,2.97194629910796,2.97194629910796,2.97194629910796,2.97194629910796,2.97194629910796
184,"COK","Cook Islands",NA,NA,NA,NA,NA,NA,NA,NA,NA,NA,NA,NA,NA,NA,NA,NA,NA,NA,NA,NA,NA,NA,NA
188,"CRI","Costa Rica",0.659508912951243,0.661618536484759,0.670754455504084,0.670754455504084,0.670790888147344,0.670835995229475,0.670835995229475,0.671245428744204,0.671245428744204,0.671245428744204,0.671245428744204,0.671245428744204,0.671245428744204,0.671245428744204,0.671245428744204,0.671245428744204,0.671245428744204,0.671245428744204,0.671245428744204,0.671245428744204,0.671245428744204,0.671245428744204,0.671245428744204
384,"CIV","Cote d'Ivoire",0.11671976490345,0.11671976490345,0.11671976490345,0.11671976490345,0.11671976490345,0.11671976490345,0.11671976490345,0.11671976490345,0.11671976490345,0.11671976490345,0.11671976490345,0.11671976490345,0.11671976490345,0.11671976490345,0.11671976490345,0.11671976490345,0.11671976490345,0.11671976490345,0.11671976490345,0.11671976490345,0.11671976490345,0.11671976490345,0.11671976490345
191,"HRV","Croatia",0.91107500567028,0.91107500567028,0.91107500567028,0.91107500567028,0.91107500567028,0.91107500567028,0.91107500567028,0.91107500567028,0.91107500567028,0.91107500567028,0.91107500567028,0.91107500567028,0.91107500567028,0.91107500567028,0.91107500567028,0.91107500567028,2.15772468650191,2.15772468650191,2.15772468650191,2.15772468650191,2.15772468650191,2.15772468650191,2.15772468650191
192,"CUB","Cuba",0.407757269468651,0.407757269468651,0.407757269468651,0.407757269468651,0.407757269468651,0.407757269468651,0.407757269468651,0.407757269468651,0.407757269468651,0.409614952153383,0.409614952153383,1.03789520363194,1.0387682872949,1.0387682872949,1.0387682872949,1.0387682872949,1.0387682872949,1.0387682872949,1.0387682872949,1.0387682872949,1.6287688519434,1.6287688519434,1.6287688519434
196,"CYP","Cyprus",0.00657498440970043,0.00657498440970043,0.00657498440970043,0.00657498440970043,0.00657498440970043,0.00657498440970043,0.00657498440970043,0.00657498440970043,0.00657498440970043,0.00657498440970043,0.00657498440970043,0.00657498440970043,0.00657498440970043,0.00657498440970043,0.00657498440970043,0.00657498440970043,0.00657498440970043,0.00657498440970043,0.00657498440970043,0.00657498440970043,0.00657498440970043,0.00657498440970043,0.00657498440970043
203,"CZE","Czech Republic",NA,NA,NA,NA,NA,NA,NA,NA,NA,NA,NA,NA,NA,NA,NA,NA,NA,NA,NA,NA,NA,NA,NA
180,"COD","Dem. Rep. Congo",0,0,19.7841695687691,19.7841695687691,19.7841695687691,19.7841695687691,19.7841695687691,19.7841695687691,19.7841695687691,19.7841695687691,19.7841695687691,19.7841695687691,19.7841695687691,19.7841695687691,19.7841695687691,19.7841695687691,19.7841695687691,19.7841695687691,19.7841695687691,19.7841695687691,19.7841695687691,19.7841695687691,19.7841695687691
208,"DNK","Denmark",0.0530913604752635,0.0530913604752635,0.0552012822139918,0.0552012822139918,0.0552012822139918,0.0552012822139918,0.0552012822139918,0.0552012822139918,0.0552012822139918,0.0552012822139918,0.0552012822139918,0.0552012822139918,0.0567401457522417,0.0567401457522417,0.0567401457522417,0.0567401457522417,0.0567401457522417,0.0572361744081317,0.0572361744081317,0.0747877827225027,0.0747877827225027,0.0747877827225027,0.0747877827225027
262,"DJI","Djibouti",0.175440088201867,0.175440088201867,0.175440088201867,0.175440088201867,0.175440088201867,0.175440088201867,0.175440088201867,0.175440088201867,0.175440088201867,0.175440088201867,0.175440088201867,0.175440088201867,0.175440088201867,0.175440088201867,0.175440088201867,0.175440088201867,0.175440088201867,0.175440088201867,0.175440088201867,0.175440088201867,0.175440088201867,0.175440088201867,0.175440088201867
212,"DMA","Dominica",0,0,0,0,0,0,0,0,0,0,0,0,0,0,0,0,0,0,0,0,0,0,0
214,"DOM","Dominican Republic",0.635196345374415,0.635196345374415,0.635196345374415,0.635196345374415,0.635196345374415,0.657514534166191,0.663138422136569,0.663138422136569,0.663138422136569,0.663138422136569,8.96150659302945,8.96150659302945,8.96150659302945,8.96150659302945,8.96150659302945,8.96150659302945,8.96150659302945,8.96150659302945,8.96150659302945,8.96150659302945,8.96150659302945,8.96150659302945,8.96150659302945
218,"ECU","Ecuador",0.0816929573300545,0.0816929573300545,0.0816929573300545,0.0816929573300545,0.0816929573300545,0.11202851622164,12.9394088992787,12.9394088992787,12.9394088992787,12.9394088992787,12.9394088992787,12.9394088992787,12.9394088992787,12.9394088992787,12.9394088992787,12.9394088992787,12.9394088992787,12.9394088992787,12.9795035397782,12.9795035397782,12.9795035397782,12.9795035397782,12.9795035397782
818,"EGY","Egypt",0.12906265661341,0.12906265661341,0.12906265661341,0.12906265661341,0.12906265661341,2.39132276339566,2.50024693304221,2.50024693304221,2.76726905660861,2.76726905660861,2.76726905660861,2.76726905660861,2.76726905660861,3.53293440709714,3.53293440709714,3.53293440709714,4.17317411399873,4.17317411399873,4.17317411399873,4.17317411399873,4.29725060437313,4.29725060437313,4.29725060437313
222,"SLV","El Salvador",0,0,0,0,0,0,0,0,0,0,0,0,0,0,0,0,0,0.222157493075452,0.22266591110099,0.22266591110099,0.22266591110099,0.22266591110099,0.22266591110099
226,"GNQ","Equatorial Guinea",0,0,0,0,0,0,0,0,0,0,0.254302068143097,0.254302068143097,0.254302068143097,0.254302068143097,0.254302068143097,0.254302068143097,0.254302068143097,0.254302068143097,0.254302068143097,0.254302068143097,0.254302068143097,0.254302068143097,0.254302068143097
232,"ERI","Eritrea",0,0,0,0,0,0,0,0,0,0,0,0,0,0,0,0,0,0,0,0,0,0,0
233,"EST","Estonia",0.249238229580286,0.249238229580286,0.249238229580286,0.249238229580286,0.249238229580286,0.249238229580286,0.249238229580286,0.356998833708989,0.404381149033696,0.404381149033696,0.404381149033696,0.404381149033696,0.404381149033696,0.404381149033696,0.404381149033696,1.05445870654925,1.57923388457456,15.3246232422667,16.576308396124,16.576308396124,16.9856815607216,16.9856815607216,16.9856815607216
231,"ETH","Ethiopia",NA,NA,NA,NA,NA,NA,NA,NA,NA,NA,NA,NA,NA,NA,NA,NA,NA,NA,NA,NA,NA,NA,NA
234,"FRO","Faeroe Islands",NA,NA,NA,NA,NA,NA,NA,NA,NA,NA,NA,NA,NA,NA,NA,NA,NA,NA,NA,NA,NA,NA,NA
238,"FLK","Falkland Islands",0,0,0,0,0,0,0,0,0,0,0,0,0,0,0,0,0,0,0,0,0,0,0
242,"FJI","Fiji",0.023390264555296,0.023390264555296,0.023390264555296,0.023390264555296,0.023390264555296,0.023390264555296,0.023390264555296,0.0290102944282967,0.0290102944282967,0.0294954990970132,0.0549641084912385,0.172521164484715,0.183106816023068,0.505487460059176,0.790026775648786,0.809608029030877,0.869805085326602,0.897470250251339,0.897470250251339,0.897470250251339,0.897470250251339,0.897470250251339,0.897470250251339
246,"FIN","Finland",1.1865810960861,1.36419298223703,1.36419298223703,1.36419298223703,1.36419298223703,1.36419298223703,1.36419298223703,1.36419298223703,1.38123810900198,1.38123810900198,1.38123810900198,1.67510894072209,1.71594349772424,1.77765327975954,1.88176772119264,1.90540252013329,1.95857189671343,1.99910908583762,2.01601147602115,2.01997241615564,2.01997241615564,2.01997241615564,2.01997241615564
250,"FRA","France",0.00434787608959048,0.00434787608959048,0.0044660195678739,0.0044660195678739,0.00468720768987174,0.00468720768987174,0.00493849543662726,0.00547528841886936,0.00547528841886936,0.0137208208036292,0.0137208208036292,0.0137208208036292,0.0137208208036292,0.0179815354391168,0.018666865657541,0.018666865657541,0.018666865657541,0.0517429217129251,0.052362856329677,0.052362856329677,0.052362856329677,0.052362856329677,0.052362856329677
254,"GUF","French Guiana",NA,NA,NA,NA,NA,NA,NA,NA,NA,NA,NA,NA,NA,NA,NA,NA,NA,NA,NA,NA,NA,NA,NA
258,"PYF","French Polynesia",NA,NA,NA,NA,NA,NA,NA,NA,NA,NA,NA,NA,NA,NA,NA,NA,NA,NA,NA,NA,NA,NA,NA
266,"GAB","Gabon",0.230568461607749,0.230568461607749,0.230568461607749,0.230568461607749,0.230568461607749,0.230568461607749,0.230568461607749,0.230568461607749,0.230568461607749,0.230568461607749,0.230568461607749,0.230568461607749,0.409568537327509,0.924375749027088,0.924375749027088,0.924375749027088,0.924375749027088,0.924375749027088,0.924375749027088,0.924375749027088,0.924375749027088,0.924375749027088,0.924375749027088
270,"GMB","Gambia",0.0659512381523312,0.0659512381523312,0.0659512381523312,0.0659512381523312,0.0659512381523312,0.0659512381523312,0.0659512381523312,0.0659512381523312,0.0659512381523312,0.0659512381523312,0.0659512381523312,0.0659512381523312,0.0659512381523312,0.0659512381523312,0.0659512381523312,0.0659512381523312,0.0659512381523312,0.0659512381523312,0.0659512381523312,0.0659512381523312,0.0659512381523312,0.0659512381523312,0.0659512381523312
268,"GEO","Georgia",0,0,0,0,0,0,0,0,0,0,0,0,0,0,0,0,0,0,0,0,0,0,0
276,"DEU","Germany",16.4032909018085,16.4557222425985,16.4557222425985,16.4557222425985,16.4557222425985,16.4557222425985,16.4557222425985,16.4557222425985,16.4992040352792,16.4992040352792,16.4992040352792,17.0498386092297,17.0498386092297,17.0498386092297,17.0498386092297,17.0498386092297,17.0498386092297,26.0594313291855,26.0594313291855,26.0950888607489,26.0950888607489,26.0950888607489,26.0950888607489
288,"GHA","Ghana",0,0,0,0,0,0,0,0,0,0,0,0,0,0,0,0,0,0,0,0,0,0,0
292,"GIB","Gibraltar",0,0,0,0,0,0,0,0,0,0,0,0,0,0,0,0,0,0,0,0,0,0,0
300,"GRC","Greece",0.116833251053421,0.116833251053421,0.579926038797216,0.579926038797216,0.579926038797216,0.579926038797216,0.579926038797216,0.579926038797216,0.579926038797216,0.579926038797216,0.579926038797216,0.580010521288552,0.580010521288552,0.580024601703774,0.580024601703774,0.580024601703774,0.596860755334219,0.596860755334219,0.646097955879743,0.646097955879743,0.646097955879743,0.646097955879743,0.646097955879743
304,"GRL","Greenland",NA,NA,NA,NA,NA,NA,NA,NA,NA,NA,NA,NA,NA,NA,NA,NA,NA,NA,NA,NA,NA,NA,NA
308,"GRD","Grenada",0,0,0,0,0,0,0,0,0,0,0,0,0,0,0,0,0,0,0,0,0,0,0
312,"GLP","Guadeloupe",NA,NA,NA,NA,NA,NA,NA,NA,NA,NA,NA,NA,NA,NA,NA,NA,NA,NA,NA,NA,NA,NA,NA
316,"GUM","Guam",NA,NA,NA,NA,NA,NA,NA,NA,NA,NA,NA,NA,NA,NA,NA,NA,NA,NA,NA,NA,NA,NA,NA
320,"GTM","Guatemala",0.0189693964061263,0.0189693964061263,0.0189693964061263,0.0189693964061263,0.0189693964061263,0.0189693964061263,0.0189693964061263,0.0189693964061263,0.0189693964061263,0.0189693964061263,0.0189693964061263,0.0189693964061263,0.0189693964061263,0.0189693964061263,0.0189693964061263,0.812004927655127,0.812004927655127,0.812004927655127,0.812004927655127,0.812004927655127,0.812004927655127,0.812004927655127,0.812004927655127
324,"GIN","Guinea",0,0,0,0,0,0,0,0,0,0,0,0,0,0,0,0,0,0,0,0,0,0,0
624,"GNB","Guinea-Bissau",NA,NA,NA,NA,NA,NA,NA,NA,NA,NA,NA,NA,NA,NA,NA,NA,NA,NA,NA,NA,NA,NA,NA
328,"GUY","Guyana",0,0,0,0,0,0,0,0,0,0,0,0,0,0,0,0,0,0,0,0,0,0,0
332,"HTI","Haiti",0,0,0,0,0,0,0,0,0,0,0,0,0,0,0,0,0,0,0,0,0,0,0
336,"VAT","Holy See",NA,NA,NA,NA,NA,NA,NA,NA,NA,NA,NA,NA,NA,NA,NA,NA,NA,NA,NA,NA,NA,NA,NA
340,"HND","Honduras",0.00716401705063384,0.00716401705063384,0.0347361462461439,0.0347361462461439,0.0347361462461439,0.0347361462461439,0.0347361462461439,0.0347361462461439,0.0347361462461439,0.0347361462461439,0.0347361462461439,0.0347361462461439,0.0347361462461439,0.257476503458699,0.257476503458699,0.257476503458699,0.257476503458699,0.257476503458699,0.257476503458699,0.257476503458699,0.257476503458699,0.257476503458699,0.257476503458699
344,"HKG","Hong Kong",NA,NA,NA,NA,NA,NA,NA,NA,NA,NA,NA,NA,NA,NA,NA,NA,NA,NA,NA,NA,NA,NA,NA
348,"HUN","Hungary",NA,NA,NA,NA,NA,NA,NA,NA,NA,NA,NA,NA,NA,NA,NA,NA,NA,NA,NA,NA,NA,NA,NA
352,"ISL","Iceland",0.0127920771239871,0.0127920771239871,0.0127920771239871,0.0128186525413009,0.0128186525413009,0.344170257005546,0.344170257005546,0.344170257005546,0.344170257005546,0.344170257005546,0.344170257005546,0.344170257005546,0.344170257005546,0.344170257005546,0.344170257005546,0.344170257005546,0.352844473216763,0.352844473216763,0.352844473216763,0.352844473216763,0.352844473216763,0.352844473216763,0.352844473216763
356,"IND","India",0.14064980410045,0.14064980410045,0.14064980410045,0.14064980410045,0.14064980410045,0.14064980410045,0.151610634057447,0.151610634057447,0.15789368565339,0.15789368565339,0.15789368565339,0.15789368565339,0.15789368565339,0.15789368565339,0.15789368565339,0.15789368565339,0.15789368565339,0.15789368565339,0.15789368565339,0.15789368565339,0.15789368565339,0.15789368565339,0.15789368565339
360,"IDN","Indonesia",0.262276559464151,0.300493123724897,0.312522992951527,0.324352855138703,0.324352855138703,0.343387933700045,0.343387933700045,0.377383174862578,0.378363523676311,0.378414476668992,0.378414476668992,0.458892247132258,1.25197408933122,1.27297764081437,1.34372223165294,1.59657331463001,1.65829624799168,2.13663599514877,2.22003893060097,2.90338672035709,2.90338672035709,3.10810558817948,3.10810558817948
364,"IRN","Iran",0.37233447428417,0.37233447428417,0.37233447428417,0.37233447428417,0.37233447428417,0.37233447428417,0.37233447428417,0.37233447428417,0.37233447428417,0.37233447428417,0.37233447428417,0.585364728169282,0.585364728169282,0.608608165514759,0.608608165514759,0.608608165514759,0.608608165514759,0.608608165514759,0.608608165514759,0.608608165514759,0.608608165514759,0.608608165514759,0.608608165514759
368,"IRQ","Iraq",0,0,0,0,0,0,0,0,0,0,0,0,0,0,0,0,0,0,0,0,0,0,0
372,"IRL","Ireland",0.010640471671258,0.010640471671258,0.010640471671258,0.010640471671258,0.010640471671258,0.010640471671258,0.010640471671258,0.010640471671258,0.010640471671258,0.010640471671258,0.010640471671258,0.010640471671258,0.010640471671258,0.010640471671258,0.010640471671258,0.010640471671258,0.010640471671258,0.010640471671258,0.010640471671258,0.010640471671258,0.010640471671258,0.010640471671258,0.010640471671258
833,"IMN","Isle of Man",NA,NA,NA,NA,NA,NA,NA,NA,NA,NA,NA,NA,NA,NA,NA,NA,NA,NA,NA,NA,NA,NA,NA
376,"ISR","Israel",0.0219729204707817,0.0219729204707817,0.0219729204707817,0.0219729204707817,0.0219729204707817,0.0219729204707817,0.0219729204707817,0.0219729204707817,0.0219729204707817,0.0219729204707817,0.0219729204707817,0.0219729204707817,0.0219729204707817,0.0227381465568288,0.0227381465568288,0.024268598728923,0.024268598728923,0.024268598728923,0.0295523026563913,0.0295523026563913,0.0295523026563913,0.0295523026563913,0.0295523026563913
380,"ITA","Italy",0.161089621544703,0.292589614357089,0.292589614357089,0.298726873481246,0.33422034912835,0.33422034912835,0.339379499946575,0.471183299126712,0.489291270131433,0.489291270131433,0.491860656912358,4.75697602404605,4.79715626865908,4.79724704007384,4.80088160161975,4.80088160161975,4.80323610096982,4.82449884175675,4.82449884175675,4.86481061229728,4.86481061229728,4.86481061229728,4.86481061229728
388,"JAM","Jamaica",0,0,0.000247536072599976,0.000247536072599976,0.000247536072599976,0.000247536072599976,0.0545837329924964,0.0545837329924964,0.143104255741609,0.714283598345047,0.714283598345047,0.714283598345047,0.714283598345047,0.714283598345047,0.714283598345047,0.714283598345047,0.714283598345047,0.714283598345047,0.714283598345047,0.719928232394007,0.720309681423915,0.720309681423915,0.720309681423915
392,"JPN","Japan",0.195331142753859,0.195331142753859,0.195331142753859,0.212063557600156,0.42168970255366,0.453635045145748,0.460563144478006,0.476354629985165,0.4803535796765,0.490489842396933,0.490489842396933,0.50436459250741,0.539796617529699,0.548810146740577,0.548810146740577,0.548810146740577,0.548810146740577,0.548810146740577,0.548810146740577,0.548810146740577,0.548810146740577,0.548810146740577,0.548810146740577
400,"JOR","Jordan",0,0,0,0,0,0,0,0,0,0,0,0,0,0,0,0,0,0,0,0,0,0,0
398,"KAZ","Kazakhstan",NA,NA,NA,NA,NA,NA,NA,NA,NA,NA,NA,NA,NA,NA,NA,NA,NA,NA,NA,NA,NA,NA,NA
404,"KEN","Kenya",0.564257871315064,0.564257871315064,0.564257871315064,0.564257871315064,0.564257871315064,0.658829855513888,0.658829855513888,0.658829855513888,0.658829855513888,0.658829855513888,0.658829855513888,0.658829855513888,0.658829855513888,0.658829855513888,0.661701600451015,0.661959435135773,0.661959435135773,0.661959435135773,0.661959435135773,0.661959435135773,0.661959435135773,0.674379954260127,0.674379954260127
296,"KIR","Kiribati",0.00835809582740951,0.00835809582740951,0.00835809582740951,0.00835809582740951,0.00835809582740951,0.00835809582740951,0.00872510992397303,0.00872510992397303,0.00872510992397303,0.0215081820085326,0.0215081820085326,0.0215081820085326,0.0215081820085326,0.0215081820085326,0.0215081820085326,0.0215081820085326,11.8066796305486,11.8066796305486,11.8066796305486,11.8066796305486,11.8066796305486,11.8066796305486,11.8066796305486
414,"KWT","Kuwait",0,0,0,0,0,0,0,0,0,0,0,0,0,0,0,0,0,0,0,0,1.04352480198751,1.04352480198751,1.04352480198751
417,"KGZ","Kyrgyzstan",NA,NA,NA,NA,NA,NA,NA,NA,NA,NA,NA,NA,NA,NA,NA,NA,NA,NA,NA,NA,NA,NA,NA
418,"LAO","Laos",NA,NA,NA,NA,NA,NA,NA,NA,NA,NA,NA,NA,NA,NA,NA,NA,NA,NA,NA,NA,NA,NA,NA
428,"LVA","Latvia",1.59279929716079,1.59279929716079,1.59279929716079,1.59279929716079,1.59279929716079,1.59279929716079,1.59279929716079,2.02374961110419,2.02374961110419,2.1568326175107,2.1568326175107,2.1568326175107,2.1568326175107,2.1568326175107,2.1568326175107,2.1568326175107,2.1568326175107,2.1568326175107,2.1568326175107,2.1568326175107,2.1568326175107,2.1568326175107,2.1568326175107
422,"LBN","Lebanon",0,0,0,0,0,0,0,0,0,0,0,0,0,0,0,0,0,0,0,0,0,0,0
426,"LSO","Lesotho",NA,NA,NA,NA,NA,NA,NA,NA,NA,NA,NA,NA,NA,NA,NA,NA,NA,NA,NA,NA,NA,NA,NA
430,"LBR","Liberia",0,0,0,0,0,0,0,0,0,0,0,0,0,0,0,0,0,0,0,0,0,0,0
434,"LBY","Libya",0,0,0,0,0,0,0,0,0,0,0,0,0,0,0,0,0,0,0,0,0,0,0
438,"LIE","Liechtenstein",NA,NA,NA,NA,NA,NA,NA,NA,NA,NA,NA,NA,NA,NA,NA,NA,NA,NA,NA,NA,NA,NA,NA
440,"LTU","Lithuania",0,2.3408245829951,3.51966534866061,3.51966534866061,3.51966534866061,3.51966534866061,3.51966534866061,3.51966534866061,3.51966534866061,3.51966534866061,3.51966534866061,3.51966534866061,3.51966534866061,3.51966534866061,3.51966534866061,5.75983922071801,5.75983922071801,5.75983922071801,5.75983922071801,10.5755256749326,10.5755256749326,10.5755256749326,10.5755256749326
442,"LUX","Luxembourg",NA,NA,NA,NA,NA,NA,NA,NA,NA,NA,NA,NA,NA,NA,NA,NA,NA,NA,NA,NA,NA,NA,NA
446,"MAC","Macao",NA,NA,NA,NA,NA,NA,NA,NA,NA,NA,NA,NA,NA,NA,NA,NA,NA,NA,NA,NA,NA,NA,NA
807,"MKD","Macedonia",NA,NA,NA,NA,NA,NA,NA,NA,NA,NA,NA,NA,NA,NA,NA,NA,NA,NA,NA,NA,NA,NA,NA
450,"MDG","Madagascar",0.00384741433705825,0.00384741433705825,0.00384741433705825,0.00384741433705825,0.00384741433705825,0.00384741433705825,0.00384741433705825,0.0189514630249658,0.0189514630249658,0.0189514630249658,0.0189514630249658,0.0189514630249658,0.0189514630249658,0.0189514630249658,0.0189514630249658,0.0189514630249658,0.111722801651253,0.111722801651253,0.162488080508631,0.204717479607853,0.233509987548044,0.363163865469786,0.363263496397806
454,"MWI","Malawi",NA,NA,NA,NA,NA,NA,NA,NA,NA,NA,NA,NA,NA,NA,NA,NA,NA,NA,NA,NA,NA,NA,NA
458,"MYS","Malaysia",0.452101877865764,0.452101877865764,0.45279088568761,0.45279088568761,0.540839821612117,0.540839821612117,0.552648998098067,0.552648998098067,0.552648998098067,0.602652174841706,0.605690072965302,0.605690072965302,0.605690072965302,0.605690072965302,0.605690072965302,0.605690072965302,0.605690072965302,0.605690072965302,0.605690072965302,0.605690072965302,0.605690072965302,0.605690072965302,0.605690072965302
462,"MDV","Maldives",NA,NA,NA,NA,NA,NA,NA,NA,NA,NA,NA,NA,NA,NA,NA,NA,NA,NA,NA,NA,NA,NA,NA
466,"MLI","Mali",NA,NA,NA,NA,NA,NA,NA,NA,NA,NA,NA,NA,NA,NA,NA,NA,NA,NA,NA,NA,NA,NA,NA
470,"MLT","Malta",0.0234705601478861,0.0234705601478861,0.0234705601478861,0.0234705601478861,0.0234705601478861,0.0234705601478861,0.0235243917078583,0.0235243917078583,0.0235243917078583,0.0235243917078583,0.0235243917078583,0.0235243917078583,0.0235423355611823,0.0235423355611823,0.0235423355611823,0.0235423355611823,0.0235423355611823,0.0235423355611823,0.0235423355611823,0.0235423355611823,0.0235423355611823,0.0235423355611823,0.0235423355611823
584,"MHL","Marshall Islands",0,0,0,0,0,0,0,0,0,0,0,0,0,0,0,0,0,0,0,0,0,0,0
474,"MTQ","Martinique",NA,NA,NA,NA,NA,NA,NA,NA,NA,NA,NA,NA,NA,NA,NA,NA,NA,NA,NA,NA,NA,NA,NA
478,"MRT","Mauritania",4.38072531780312,4.38072531780312,4.38072531780312,4.38072531780312,4.38072531780312,4.38072531780312,4.38072531780312,4.38072531780312,4.38072531780312,4.38072531780312,4.38072531780312,4.38072531780312,4.38072531780312,4.38072531780312,4.38072531780312,4.38072531780312,4.38072531780312,4.38072531780312,4.38072531780312,4.38072531780312,4.38072531780312,4.38072531780312,4.38072531780312
480,"MUS","Mauritius",0.00146096369462249,0.00146096369462249,0.00146096369462249,0.00146096369462249,0.00146096369462249,0.00146096369462249,0.00146096369462249,0.00146096369462249,0.00146096369462249,0.00146096369462249,0.001489089198904,0.001489089198904,0.001489089198904,0.001489089198904,0.001489089198904,0.001489089198904,0.001489089198904,0.001489089198904,0.001489089198904,0.001489089198904,0.001489089198904,0.001489089198904,0.001489089198904
175,"MYT","Mayotte",NA,NA,NA,NA,NA,NA,NA,NA,NA,NA,NA,NA,NA,NA,NA,NA,NA,NA,NA,NA,NA,NA,NA
484,"MEX","Mexico",0.108169003345769,0.108169003345769,0.108169003345769,0.277014832016158,0.566286505075904,0.577895798818398,0.735784445525543,0.735784445525543,0.75268153506273,0.75637663227945,1.22041700086508,1.22041700086508,1.23016733480382,1.23016733480382,1.23016733480382,1.39001627272979,1.39001627272979,1.51341450529446,1.53978562569267,1.63794929292004,1.63794929292004,1.63794929292004,1.63794929292004
583,"FSM","Micronesia",0,0,0,0,0,0,0,0,0,0,0,0,0,0,0,0,0,0,0,0,0,0,0
498,"MDA","Moldova",0,0,0,0,0,0,0,0,0,0,0,0,0,0,0,0,0,0,0,0,0,0,0
492,"MCO","Monaco",0,0,0,0,0,0,0,0,0,0,0,0,0,0,0,0,0,0,0,0,0,0,0
496,"MNG","Mongolia",NA,NA,NA,NA,NA,NA,NA,NA,NA,NA,NA,NA,NA,NA,NA,NA,NA,NA,NA,NA,NA,NA,NA
499,"MNE","Montenegro",0,0,0,0,0,0,0,0,0,0,0,0,0,0,0,0,0,0,0,0,0,0,0
500,"MSR","Montserrat",0,0,0,0,0,0,0,0,0,0,0,0,0,0,0,0,0,0,0,0,0,0,0
504,"MAR","Morocco",0.0184449944635457,0.0435182241170459,0.0435182241170459,0.0435182241170459,0.0435182241170459,0.0435182241170459,0.0435182241170459,0.0435182241170459,0.0435182241170459,0.0435182241170459,0.0435182241170459,0.0435182241170459,0.0435182241170459,0.0435182241170459,0.078290377141366,0.150197687288419,0.162277002572945,0.162277002572945,0.162277002572945,0.162277002572945,0.162277002572945,0.162277002572945,0.162277002572945
508,"MOZ","Mozambique",0.23995708737279,0.23995708737279,0.23995708737279,0.23995708737279,0.23995708737279,0.23995708737279,0.23995708737279,0.23995708737279,0.23995708737279,0.23995708737279,0.23995708737279,0.23995708737279,0.285432608127641,0.285432608127641,0.285432608127641,0.285432608127641,0.285432608127641,0.285432608127641,0.285432608127641,0.285432608127641,0.285432608127641,0.285432608127641,0.285432608127641
104,"MMR","Myanmar",0.0506635636927397,0.0506635636927397,0.0506635636927397,0.0522931325750266,0.0522931325750266,0.0522931325750266,0.0663314677822688,0.0663314677822688,0.0663314677822688,0.0663314677822688,0.0663314677822688,0.0663314677822688,0.0663314677822688,0.0663314677822688,0.0663314677822688,0.0663314677822688,0.0663314677822688,0.0663314677822688,0.0663314677822688,0.0663314677822688,0.0663314677822688,0.0663314677822688,0.0663314677822688
516,"NAM","Namibia",0.0197583407859082,0.0197583407859082,0.0197583407859082,0.0197583407859082,0.0197583407859082,0.0197583407859082,0.0197583407859082,0.0197583407859082,0.0197583407859082,0.0197583407859082,0.0197583407859082,0.0197583407859082,0.0197583407859082,0.0197583407859082,0.0197583407859082,0.0197583407859082,0.0197583407859082,0.0197583407859082,0.0197583407859082,1.68382105931843,1.68382105931843,1.68382105931843,1.68382105931843
520,"NRU","Nauru",0,0,0,0,0,0,0,0,0,0,0,0,0,0,0,0,0,0,0,0,0,0,0
524,"NPL","Nepal",NA,NA,NA,NA,NA,NA,NA,NA,NA,NA,NA,NA,NA,NA,NA,NA,NA,NA,NA,NA,NA,NA,NA
528,"NLD","Netherlands",1.13205546440495,1.13294943489718,1.13294943489718,1.78172445120011,1.78172445120011,1.78172445120011,1.78172445120011,1.78172445120011,1.78172445120011,1.78172445120011,1.78172445120011,1.78172445120011,1.8575400256377,1.8575400256377,1.8575400256377,1.8575400256377,1.8575400256377,1.8575400256377,1.8575400256377,1.8575400256377,1.8575400256377,1.8575400256377,1.8575400256377
530,"ANT","Netherlands Antilles",NA,NA,NA,NA,NA,NA,NA,NA,NA,NA,NA,NA,NA,NA,NA,NA,NA,NA,NA,NA,NA,NA,NA
540,"NCL","New Caledonia",NA,NA,NA,NA,NA,NA,NA,NA,NA,NA,NA,NA,NA,NA,NA,NA,NA,NA,NA,NA,NA,NA,NA
554,"NZL","New Zealand",0.0217815514040292,0.0218909922582906,0.022325934269324,0.0228250261433709,0.0228783358674955,0.0229646114934464,0.0229646114934464,0.0230018837518177,0.0230018837518177,0.0232448216589705,0.0232448216589705,0.128489799695112,0.128489799695112,0.202658772447882,0.202757670153361,0.203056145210438,0.203681160889659,16.8974185747645,16.8974185747645,16.8974185747645,16.8974185747645,16.8983448869068,16.8983448869068
558,"NIC","Nicaragua",0.153065888689694,3.65595539849085,3.67105669477071,3.67105669477071,3.67105669477071,3.67105669477071,3.67105669477071,3.67105669477071,3.67105669477071,4.29337892201858,4.29337892201858,4.29337892201858,4.29337892201858,4.29337892201858,4.29337892201858,4.29337892201858,4.29337892201858,4.29337892201858,4.29337892201858,4.29337892201858,4.29337892201858,4.29337892201858,4.29337892201858
562,"NER","Niger",NA,NA,NA,NA,NA,NA,NA,NA,NA,NA,NA,NA,NA,NA,NA,NA,NA,NA,NA,NA,NA,NA,NA
566,"NGA","Nigeria",0.0326984297337139,0.0326984297337139,0.0326984297337139,0.0326984297337139,0.0326984297337139,0.0326984297337139,0.0326984297337139,0.0326984297337139,0.0326984297337139,0.0326984297337139,0.0326984297337139,0.0326984297337139,0.0326984297337139,0.0326984297337139,0.0326984297337139,0.0326984297337139,0.0326984297337139,0.0326984297337139,0.0326984297337139,0.0326984297337139,0.0326984297337139,0.0326984297337139,0.0326984297337139
570,"NIU","Niue",NA,NA,NA,NA,NA,NA,NA,NA,NA,NA,NA,NA,NA,NA,NA,NA,NA,NA,NA,NA,NA,NA,NA
574,"NFK","Norfolk Island",NA,NA,NA,NA,NA,NA,NA,NA,NA,NA,NA,NA,NA,NA,NA,NA,NA,NA,NA,NA,NA,NA,NA
408,"PRK","North Korea",0,0,0,0,0,0,0,0,0,0,0,0,0,0,0,0,0,0,0,0,0,0,0
580,"MNP","Northern Mariana Islands",NA,NA,NA,NA,NA,NA,NA,NA,NA,NA,NA,NA,NA,NA,NA,NA,NA,NA,NA,NA,NA,NA,NA
578,"NOR","Norway",0.0669597282128082,0.0676790260641666,0.0676790260641666,0.0707927918599803,0.0711789706287628,0.0725493467349281,0.0728086609908255,0.07341346162458,0.07341346162458,0.07341346162458,0.0748085723213078,0.0748085723213078,0.107752653280527,0.108908396971811,0.120107182321496,0.124452491360317,0.129278529135072,0.129278529135072,0.129278529135072,0.151178216463118,0.151603491842789,0.151603491842789,0.151603491842789
512,"OMN","Oman",0,0,0,0,0,0,0.0400116051843815,0.0721407868035869,0.0721407868035869,0.0721407868035869,0.0721407868035869,0.0721407868035869,0.0721407868035869,0.0721407868035869,0.0721407868035869,0.0721407868035869,0.0721407868035869,0.0721407868035869,0.0721407868035869,0.0721407868035869,0.0721407868035869,0.0721407868035869,0.0721407868035869
586,"PAK","Pakistan",0.0970826020619452,0.0970826020619452,0.0970826020619452,0.0970826020619452,0.0970826020619452,0.0970826020619452,0.0970826020619452,0.0970826020619452,0.0970826020619452,0.0970826020619452,0.0970826020619452,0.0970826020619452,0.0970826020619452,0.0970826020619452,0.0970826020619452,0.0970826020619452,0.0970826020619452,0.0970826020619452,0.0970826020619452,0.0970826020619452,0.0970826020619452,0.0970826020619452,0.0970826020619452
585,"PLW","Palau",0,0,0,0,0,0,0,0,0,0,0,0,0,0,0,0,0,0,0,0,0,0,0
591,"PAN","Panama",0.861441720881017,0.861441720881017,0.861441720881017,0.861441720881017,1.07057156759112,1.07057156759112,1.07057156759112,1.07057156759112,1.07057156759112,1.07057156759112,1.07057156759112,1.07057156759112,1.07057156759112,1.07057156759112,1.07057156759112,1.07057156759112,1.07057156759112,1.07057156759112,1.07057156759112,1.07057156759112,1.07057156759112,1.07057156759112,1.07057156759112
598,"PNG","Papua New Guinea",0.178762737933371,0.178762737933371,0.178762737933371,0.178762737933371,0.178762737933371,0.178762737933371,0.178762737933371,0.178765638667898,0.178765638667898,0.178765638667898,0.178793402841231,0.178793402841231,0.178837742640435,0.178837742640435,0.178837742640435,0.178841886546902,0.178919791988493,0.178919791988493,0.178919791988493,0.178919791988493,0.178919791988493,0.178919791988493,0.178919791988493
600,"PRY","Paraguay",NA,NA,NA,NA,NA,NA,NA,NA,NA,NA,NA,NA,NA,NA,NA,NA,NA,NA,NA,NA,NA,NA,NA
604,"PER","Peru",0.275535391812776,0.275535391812776,0.275535391812776,0.275535391812776,0.275535391812776,0.275535391812776,0.275535391812776,0.275535391812776,0.275535391812776,0.275535391812776,0.275535391812776,0.275535391812776,0.275535391812776,0.275535391812776,0.275535391812776,0.275535391812776,0.275535391812776,0.275535391812776,0.275535391812776,0.44659748340616,0.44659748340616,0.501349916172316,0.501349916172316
608,"PHL","Philippines",0.142909424444274,0.1429431274459,0.143101857711624,0.146062829483534,0.274164133487457,0.274207621231491,0.391709874820746,0.39456104003897,0.739204129491803,0.87692600966963,0.964805499216579,0.979828340393098,0.980489897699214,0.981051976790852,0.981060674339659,0.981891290250707,0.982551760363222,0.982579483800044,0.982648520593697,1.03567040891026,1.03570846068629,1.03570846068629,1.03570846068629
612,"PCN","Pitcairn",0,0,0,0,0,0,0,0,0,0,0,0,0,0,0,0,0,0,0,0,0,0,0
616,"POL","Poland",0.732339125593343,0.732339125593343,0.732339125593343,0.732339125593343,0.732339125593343,0.732339125593343,0.732339125593343,0.732339125593343,0.732339125593343,0.732339125593343,0.732339125593343,0.732339125593343,0.732339125593343,0.732339125593343,0.732339125593343,0.732339125593343,0.732339125593343,0.732339125593343,0.732339125593343,0.732339125593343,0.732339125593343,0.732339125593343,0.732339125593343
620,"PRT","Portugal",0.0898702087822407,0.0898702087822407,0.0898702087822407,0.0898702087822407,0.0898702087822407,0.0898702087822407,0.0898702087822407,0.0905613086182889,0.0905613086182889,0.0905613086182889,0.0919500435134211,0.0919500435134211,0.0919500435134211,0.0919500435134211,0.0924968238407594,0.0924968238407594,0.106533393718068,0.106533393718068,0.121685852928759,0.121685852928759,0.121685852928759,0.121685852928759,0.121685852928759
630,"PRI","Puerto Rico",0.141979028780467,0.141979028780467,0.141979028780467,0.141979028780467,0.141979028780467,0.141979028780467,0.141979028780467,0.141979028780467,0.142167611252697,0.142167611252697,0.146028837371615,0.146764309013313,0.146764309013313,0.146764309013313,0.14714618851958,0.14714618851958,0.14714618851958,0.14714618851958,0.14714618851958,0.14714618851958,0.14714618851958,0.14714618851958,0.14714618851958
634,"QAT","Qatar",0,0,0,0,0,0,0,0,0,0,0,0,0,0,0,0,0,0,0,0,0,0,0
638,"REU","Reunion",NA,NA,NA,NA,NA,NA,NA,NA,NA,NA,NA,NA,NA,NA,NA,NA,NA,NA,NA,NA,NA,NA,NA
642,"ROU","Romania",0.441932941060832,0.446365761664582,9.24999566354506,9.24999566354506,9.24999566354506,9.24999566354506,9.24999566354506,9.24999566354506,9.24999566354506,9.24999566354506,9.24999566354506,9.24999566354506,9.24999566354506,9.24999566354506,9.24999566354506,9.24999566354506,9.24999566354506,9.24999566354506,9.24999566354506,9.24999566354506,9.24999566354506,9.24999566354506,9.24999566354506
643,"RUS","Russia",0.352378286545579,0.352378286545579,0.352378286545579,0.667033038617384,2.31272465569167,2.43923636647185,2.74613579826189,2.77103671762893,2.77103671762893,2.7955169684551,2.7955169684551,5.59103380399754,2.80753187338081,2.80753187338081,2.80753187338081,2.80753187338081,2.80753187338081,2.80753187338081,2.80753187338081,2.87267621817472,2.87267621817472,2.87267621817472,2.87267621817472
646,"RWA","Rwanda",NA,NA,NA,NA,NA,NA,NA,NA,NA,NA,NA,NA,NA,NA,NA,NA,NA,NA,NA,NA,NA,NA,NA
654,"SHN","Saint Helena",0,0,0,0.000703988249877389,0.000703988249877389,0.000703988249877389,0.000703988249877389,0.000703988249877389,0.000703988249877389,0.000703988249877389,0.000703988249877389,0.000703988249877389,0.000703988249877389,0.000703988249877389,0.000703988249877389,0.000703988249877389,0.000703988249877389,0.000703988249877389,0.000703988249877389,0.000703988249877389,0.000703988249877389,0.000703988249877389,0.000703988249877389
659,"KNA","Saint Kitts and Nevis",0,0,0,0,0,0,0,0,0,0,0,0,0,0,0,0,0,0,0,0,0,0,0
662,"LCA","Saint Lucia",0.00894261031578351,0.00894261031578351,0.00894261031578351,0.00894261031578351,0.00894261031578351,0.00894261031578351,0.00894261031578351,0.00894261031578351,0.00894261031578351,0.00894261031578351,0.00894261031578351,0.00894261031578351,0.00894261031578351,0.00894261031578351,0.00894261031578351,0.00894261031578351,0.00894261031578351,0.00894261031578351,0.00894261031578351,0.00894261031578351,0.00894261031578351,0.00894261031578351,0.00894261031578351
666,"SPM","Saint Pierre and Miquelon",NA,NA,NA,NA,NA,NA,NA,NA,NA,NA,NA,NA,NA,NA,NA,NA,NA,NA,NA,NA,NA,NA,NA
670,"VCT","Saint Vincent and the Grenadines",0,0,0,0,0,0,0,0,0,0.106188225464615,0.106188225464615,0.106188225464615,0.106188225464615,0.106188225464615,0.106188225464615,0.106188225464615,0.106188225464615,0.106188225464615,0.106188225464615,0.106188225464615,0.106188225464615,0.106188225464615,0.106188225464615
882,"WSM","Samoa",0,0,0,0,0,0,0,0,0,0.0624636967573552,0.0624636967573552,0.0627737465838748,0.0627737465838748,0.0627737465838748,0.0627737465838748,0.0627737465838748,0.0627737465838748,0.0627737465838748,0.0627737465838748,0.0627737465838748,0.0627737465838748,0.0627737465838748,0.0627737465838748
674,"SMR","San Marino",NA,NA,NA,NA,NA,NA,NA,NA,NA,NA,NA,NA,NA,NA,NA,NA,NA,NA,NA,NA,NA,NA,NA
678,"STP","Sao Tome and Principe",0,0,0,0,0,0,0,0,0,0,0,0,0,0,0,0,0,0,0,0,0,0,0
682,"SAU","Saudi Arabia",0.24624904120745,0.24624904120745,0.24624904120745,0.24624904120745,0.24624904120745,1.19172559210654,1.35468312385323,1.35468312385323,1.35468312385323,1.19154071029787,1.35468312385323,1.35468312385323,1.35468312385323,1.35468312385323,1.35468312385323,1.35468312385323,1.35468312385323,1.35468312385323,1.35468312385323,1.35468312385323,1.35468312385323,1.35468312385323,1.35468312385323
686,"SEN","Senegal",0.399260358245465,0.399260358245465,0.399260358245465,0.399260358245465,0.399260358245465,0.399260358245465,0.399260358245465,0.399260358245465,0.399260358245465,0.00390047917922324,0.399260358245465,0.399260358245465,0.399260358245465,0.399260358245465,0.897797048427379,0.897797048427379,0.897797048427379,0.897797048427379,0.897797048427379,0.897797048427379,0.897797048427379,0.897797048427379,0.897797048427379
688,"SRB","Serbia",NA,NA,NA,NA,NA,NA,NA,NA,NA,NA,NA,NA,NA,NA,NA,NA,NA,NA,NA,NA,NA,NA,NA
690,"SYC","Seychelles",0.0219069947991843,0.0219129607563736,0.0219129607563736,0.0219129607563736,0.0219129607563736,0.0219129607563736,0.0219651628817802,0.0220292969215653,0.0220292969215653,5.96595718932034e-05,0.0220292969215653,0.0220292969215653,0.0220292969215653,0.0220292969215653,0.0220292969215653,0.0220292969215653,0.0220292969215653,0.0220292969215653,0.0220292969215653,0.0220292969215653,0.0220292969215653,0.0220292969215653,0.0220292969215653
694,"SLE","Sierra Leone",0,0,0,0,0,0,0,0,0,0,0,0,0,0,0,0,0,0,0,0,0,0,0
702,"SGP","Singapore",0,0,0,0,0,0,1.46563972182756,1.46563972182756,1.46563972182756,1.46563972182756,1.46563972182756,1.46563972182756,1.4970462872953,1.4970462872953,1.4970462872953,1.4970462872953,1.4970462872953,1.4970462872953,1.4970462872953,1.4970462872953,1.4970462872953,1.4970462872953,1.4970462872953
703,"SVK","Slovakia",NA,NA,NA,NA,NA,NA,NA,NA,NA,NA,NA,NA,NA,NA,NA,NA,NA,NA,NA,NA,NA,NA,NA
705,"SVN","Slovenia",0,0,0,0,0,0,0,0,0,0,0,0,0,0,89.1035115437541,89.1035115437541,89.1035115437541,89.1035115437541,89.1035115437541,89.1035115437541,89.1035115437541,89.1035115437541,89.1035115437541
90,"SLB","Solomon Islands",0.00109608804932466,0.00109608804932466,0.00109608804932466,0.00109608804932466,0.00109608804932466,0.0106980430528473,0.0106980430528473,0.0106980430528473,0.0125372837705349,0.0125372837705349,0.0125584101841841,0.0125584101841841,0.0139216852296593,0.0149425881009974,0.0158174701721137,0.0161151040585232,0.0165904483656283,0.0644125711208288,0.0721833631530591,0.0721833631530591,0.0721833631530591,0.0721833631530591,0.0721833631530591
706,"SOM","Somalia",0,0,0,0,0,0,0,0,0,0,0,0,0,0,0,0,0,0,0,0,0,0,0
710,"ZAF","South Africa",0.0214961651190221,0.0214961651190221,0.0214961651190221,0.0214961651190221,0.0214961651190221,0.0214961651190221,0.0214961651190221,0.0214961651190221,0.0214961651190221,0.0214961651190221,0.137274768479261,0.137274768479261,0.137274768479261,0.137274768479261,0.285292757159002,0.285292757159002,0.285292757159002,0.285292757159002,0.285292757159002,11.2774164681241,11.2774164681241,11.2774164681241,11.2774164681241
410,"KOR","South Korea",0.939641162951932,0.939641162951932,0.939641162951932,0.939641162951932,0.939641162951932,0.939641162951932,0.939641162951932,0.939641162951932,0.939641162951932,0.939641162951932,0.940276945775122,0.948698011534201,0.974175174184625,1.02395880322931,1.02403521943402,1.02403521943402,1.03595920401702,1.03726439279348,1.0373102425163,1.0373102425163,1.0373102425163,1.0373102425163,1.0373102425163
724,"ESP","Spain",0.0809143702154697,0.0821927982014592,0.082365744646912,0.0825937195068271,0.0828649309781054,0.145473509532548,0.146206566625206,0.53832627362995,0.53832627362995,0.568444504045458,0.568444504045458,0.572097997705649,0.584742741228871,0.587899013858385,0.588120110166493,0.588120110166493,0.588120110166493,0.588120110166493,0.588120110166493,0.588120110166493,0.588120110166493,0.588120110166493,0.588120110166493
144,"LKA","Sri Lanka",0.0157735266726836,0.0157735266726836,0.0724942076697562,0.0724942076697562,0.0724942076697562,0.0724942076697562,0.0724942076697562,0.0724942076697562,0.0724942076697562,0.0724942076697562,0.0724942076697562,0.0724942076697562,0.0724942076697562,0.0724942076697562,0.0724942076697562,0.0724942076697562,0.0724942076697562,0.0724942076697562,0.0724942076697562,0.0724942076697562,0.0724942076697562,0.0724942076697562,0.0724942076697562
275,"PSE","State of Palestine",NA,NA,NA,NA,NA,NA,NA,NA,NA,NA,NA,NA,NA,NA,NA,NA,NA,NA,NA,NA,NA,NA,NA
736,"SDN","Sudan",0,0,0,0,0,0,0,0,0,0.017823263684855,0.017823263684855,0.017823263684855,0.017823263684855,0.017823263684855,0.017823263684855,0.017823263684855,0.017823263684855,0.017823263684855,0.017823263684855,0.017823263684855,0.017823263684855,0.017823263684855,0.017823263684855
740,"SUR","Suriname",1.77761657922006,1.77761657922006,1.77761657922006,1.77761657922006,1.77761657922006,1.77761657922006,1.77761657922006,1.77761657922006,1.77761657922006,1.77761657922006,1.77761657922006,1.77761657922006,1.77761657922006,1.77761657922006,1.77761657922006,1.77761657922006,1.77761657922006,1.77761657922006,1.77761657922006,1.77761657922006,1.77761657922006,1.77761657922006,1.77761657922006
744,"SJM","Svalbard and Jan Mayen Islands",NA,NA,NA,NA,NA,NA,NA,NA,NA,NA,NA,NA,NA,NA,NA,NA,NA,NA,NA,NA,NA,NA,NA
748,"SWZ","Swaziland",NA,NA,NA,NA,NA,NA,NA,NA,NA,NA,NA,NA,NA,NA,NA,NA,NA,NA,NA,NA,NA,NA,NA
752,"SWE","Sweden",2.23217405276184,2.24224050822861,2.49403303358568,2.53955064766588,2.58778470599424,2.60704960370825,2.62924951015017,2.77772348358559,2.8263572026769,2.8263572026769,2.86091536927312,2.91840407214351,2.94967128214482,2.97546813545328,2.97546813545328,2.97546813545328,2.9859654751801,3.00082785980225,3.07413438630622,3.30735517558502,3.30735517558502,3.30735517558502,3.30735517558502
756,"CHE","Switzerland",NA,NA,NA,NA,NA,NA,NA,NA,NA,NA,NA,NA,NA,NA,NA,NA,NA,NA,NA,NA,NA,NA,NA
760,"SYR","Syria",0,0,0,0,0,0,0,0,0,0.205507283376907,0.205507283376907,0.205507283376907,0.205507283376907,0.205507283376907,0.205507283376907,0.205507283376907,0.205507283376907,0.205507283376907,0.205507283376907,0.205507283376907,0.205507283376907,0.205507283376907,0.205507283376907
999,"TWN","Taiwan",0.0239404395211679,0.0250510333915642,0.0303299979566239,0.0309217316985936,0.0333644552245571,0.0380604308812723,0.0387192083477016,0.0387192083477016,0.0387192083477016,0.00867778990070824,0.0387192083477016,0.0387192083477016,0.0387192083477016,0.0387192083477016,0.0387192083477016,0.0387192083477016,0.0387192083477016,1.06925121196107,1.06925121196107,1.06925121196107,1.06925121196107,1.06925121196107,1.06925121196107
762,"TJK","Tajikistan",NA,NA,NA,NA,NA,NA,NA,NA,NA,NA,NA,NA,NA,NA,NA,NA,NA,NA,NA,NA,NA,NA,NA
834,"TZA","Tanzania",0.533119069558322,0.533378458832452,0.533378458832452,0.533378458832452,0.533378458832452,0.801611672023261,0.801611672023261,0.992299844119398,0.992299844119398,0.992299844119398,1.47603613663145,1.47603613663145,1.47603613663145,1.47603613663145,1.47603613663145,1.47603613663145,1.47603613663145,1.47603613663145,1.47603613663145,1.47603613663145,1.47629964319564,1.47629964319564,1.47629964319564
764,"THA","Thailand",1.41112482482889,1.41112482482889,1.41617124264152,1.41617124264152,1.41617124264152,1.41617124264152,1.41617124264152,1.41617124264152,1.43668729554599,0.14429580688998,1.54568409003418,1.54568409003418,1.54568409003418,1.54568409003418,1.54568409003418,1.54568409003418,1.54568409003418,1.54568409003418,1.54568409003418,1.62540971778767,1.62540971778767,1.62540971778767,1.62540971778767
626,"TLS","Timor-Leste",0,0,0,0,0,0,0,0,0,0,0,0,0,0,0,0,0,0,1.14478604497051,1.14478604497051,1.14478604497051,1.14478604497051,1.14478604497051
768,"TGO","Togo",0,0,0,0,0,0,0,0,0,0,0,0,0,0,0,0,0,0,0,0,0,0,0
772,"TKL","Tokelau",NA,NA,NA,NA,NA,NA,NA,NA,NA,NA,NA,NA,NA,NA,NA,NA,NA,NA,NA,NA,NA,NA,NA
776,"TON","Tonga",0.00328110405439232,0.00328110405439232,0.00395468837212797,0.00395468837212797,1.50022794841739,1.50022794841739,1.50022794841739,1.50022794841739,1.50022794841739,1.49769377452867,1.50022794841739,1.50209751911262,1.50209751911262,1.50209751911262,1.50209751911262,1.50209751911262,1.50209751911262,1.50209751911262,1.50477688784317,1.50477688784317,1.50477688784317,1.50477688784317,1.50477688784317
780,"TTO","Trinidad and Tobago",0.0317437674845222,0.0317437674845222,0.0317437674845222,0.0317437674845222,0.0317437674845222,0.0317437674845222,0.0317437674845222,0.0317437674845222,0.0317437674845222,0.0035726144123363,0.0317437674845222,0.0317437674845222,0.0317437674845222,0.0317437674845222,0.0317437674845222,0.0317437674845222,0.0317437674845222,0.0317437674845222,0.0317437674845222,0.0317437674845222,0.0317437674845222,0.0317437674845222,0.0317437674845222
788,"TUN","Tunisia",0.251451349378324,0.251451349378324,0.251451349378324,0.305280225162059,0.305280225162059,0.305280225162059,0.305280225162059,0.305280225162059,0.305280225162059,0.301813676721572,0.305280225162059,0.305280225162059,0.305280225162059,0.305280225162059,0.305280225162059,0.305280225162059,0.305280225162059,0.305280225162059,0.305280225162059,0.305280225162059,0.305280225162059,0.305280225162059,0.305280225162059
792,"TUR","Turkey",0.741115695197332,0.741115695197332,0.741115695197332,0.741115695197332,0.741115695197332,0.741115695197332,0.741115695197332,0.741115695197332,0.741115695197332,0.741115695197332,0.741115695197332,0.741115695197332,0.741115695197332,0.741115695197332,0.741115695197332,0.741115695197332,0.741115695197332,0.741115695197332,0.741115695197332,0.741115695197332,0.922183513332652,0.922183513332652,0.922183513332652
795,"TKM","Turkmenistan",NA,NA,NA,NA,NA,NA,NA,NA,NA,NA,NA,NA,NA,NA,NA,NA,NA,NA,NA,NA,NA,NA,NA
796,"TCA","Turks and Caicos Islands",0.0551883573732665,0.0551883573732665,0.317055564324831,0.317055564324831,0.317055564324831,0.317055564324831,0.317055564324831,0.317055564324831,0.317055564324831,0.000154878458484377,0.317055564324831,0.317055564324831,0.317055564324831,0.317055564324831,0.317055564324831,0.317055564324831,0.317055564324831,0.317055564324831,0.317055564324831,0.317055564324831,0.317055564324831,0.317055564324831,0.317055564324831
798,"TUV","Tuvalu",0.00160187493633835,0.00160187493633835,0.00160187493633835,0.00160187493633835,0.00160187493633835,0.00160187493633835,0.00703632374743544,0.00794838959528291,0.00794838959528291,0.00794838959528291,0.00794838959528291,0.00794838959528291,0.00794838959528291,0.00794838959528291,0.00794838959528291,0.00794838959528291,0.0082899060791723,0.0082899060791723,0.0082899060791723,0.0082899060791723,0.0082899060791723,0.0082899060791723,0.0082899060791723
800,"UGA","Uganda",NA,NA,NA,NA,NA,NA,NA,NA,NA,NA,NA,NA,NA,NA,NA,NA,NA,NA,NA,NA,NA,NA,NA
804,"UKR","Ukraine",1.24482071304038,1.38510821558514,1.38510821558514,1.38510821558514,1.38510821558514,1.38510821558514,1.38720329324154,1.38720329324154,1.46206096924081,0.487574190903752,1.46206096924081,1.46206096924081,1.46206096924081,1.46206096924081,1.46206096924081,1.46206096924081,1.46206096924081,1.46206096924081,1.46206096924081,1.46206096924081,1.46206096924081,1.46206096924081,1.46206096924081
784,"ARE","United Arab Emirates",0.14446180660004,0.14446180660004,0.14446180660004,0.14446180660004,0.14446180660004,0.14446180660004,0.14446180660004,0.14446180660004,0.14446180660004,0.14446180660004,0.14446180660004,7.23747147032887,7.23747147032887,7.23747147032887,7.23747147032887,10.9447704591143,10.9447704591143,10.9447704591143,10.9447704591143,10.9447704591143,10.9447704591143,10.9447704591143,10.9447704591143
826,"GBR","United Kingdom",1.12933610539748,1.14583495278236,1.17102883443397,1.18660467863823,1.18660467863823,1.19084360716211,1.19188049595755,1.19461904771868,1.20399077441768,1.20552160896113,1.21520056196989,1.2179947322871,1.21845292324907,1.21845292324907,1.25662844073934,1.25662844073934,1.25662844073934,1.25662844073934,1.25664433175536,1.25665227726338,1.26212673228297,1.26212673228297,1.26212673228297
840,"USA","United States of America",8.77223620072784,8.77253479327698,8.80972443164351,8.81453754455107,8.8884113773294,9.26994543999171,9.27011573376634,10.0409302591289,10.0579506128734,0.0491401659657445,11.7957491839478,11.9188972659016,11.9215851772874,11.9234643089324,11.9234643089324,11.9234643089324,12.4431215466668,12.4434018604005,12.4434018604005,12.4434018604005,12.4455178068258,12.4455178068258,12.4455178068258
850,"VIR","United States Virgin Islands",NA,NA,NA,NA,NA,NA,NA,NA,NA,NA,NA,NA,NA,NA,NA,NA,NA,NA,NA,NA,NA,NA,NA
858,"URY","Uruguay",0,0,0,0,0,0,0,0,0,0,0,0,0,0,0,0,0.0814352296663964,0.0814352296663964,0.0814352296663964,0.245698580778801,0.356994398542177,0.356994398542177,0.356994398542177
860,"UZB","Uzbekistan",NA,NA,NA,NA,NA,NA,NA,NA,NA,NA,NA,NA,NA,NA,NA,NA,NA,NA,NA,NA,NA,NA,NA
548,"VUT","Vanuatu",0.00582530208296692,0.00598080934626022,0.00598080934626022,0.00602124123471647,0.00781268490785526,0.00781890519838699,0.00781890519838699,0.00781890519838699,0.00781890519838699,0.00661527898049687,0.00781890519838699,0.00877371979500784,0.00877371979500784,0.00877371979500784,0.00877371979500784,0.00877371979500784,0.00877371979500784,0.00877371979500784,0.00877371979500784,0.00877371979500784,0.00877371979500784,0.00877371979500784,0.00877371979500784
862,"VEN","Venezuela",1.04237697593789,2.19563458416584,2.19563458416584,2.19563458416584,2.19563458416584,2.19563458416584,2.19563458416584,2.19563458416584,2.19563458416584,0.331414482449484,2.19563458416584,2.19563458416584,2.19563458416584,2.19563458416584,2.19563458416584,2.19563458416584,2.19563458416584,2.19563458416584,2.19563458416584,2.19563458416584,2.19563458416584,2.19563458416584,2.19563458416584
704,"VNM","Viet Nam",0.116926894915724,0.116926894915724,0.116926894915724,0.116926894915724,0.1352634596199,0.1352634596199,0.135507786275771,0.140276680632951,0.159249701193779,0.159249701193779,0.175283260937988,0.225053505652399,0.570920509875947,0.570920509875947,0.570920509875947,0.570920509875947,0.570920509875947,0.570920509875947,0.570920509875947,0.570920509875947,0.570920509875947,0.570920509875947,0.570920509875947
876,"WLF","Wallis and Futuna Islands",NA,NA,NA,NA,NA,NA,NA,NA,NA,NA,NA,NA,NA,NA,NA,NA,NA,NA,NA,NA,NA,NA,NA
732,"ESH","Western Sahara",NA,NA,NA,NA,NA,NA,NA,NA,NA,NA,NA,NA,NA,NA,NA,NA,NA,NA,NA,NA,NA,NA,NA
887,"YEM","Yemen",0,0,0,0,0,0,0,0,0,0.226755810034985,0.226755810034985,0.226755810034985,0.226755810034985,0.226755810034985,0.226755810034985,0.226755810034985,0.226755810034985,0.226755810034985,0.226755810034985,0.226755810034985,0.226755810034985,0.226755810034985,0.226755810034985
894,"ZMB","Zambia",NA,NA,NA,NA,NA,NA,NA,NA,NA,NA,NA,NA,NA,NA,NA,NA,NA,NA,NA,NA,NA,NA,NA
716,"ZWE","Zimbabwe",NA,NA,NA,NA,NA,NA,NA,NA,NA,NA,NA,NA,NA,NA,NA,NA,NA,NA,NA,NA,NA,NA,NA
