"code","iso","country","PACOVD.1990","PACOVD.1991","PACOVD.1992","PACOVD.1993","PACOVD.1994","PACOVD.1995","PACOVD.1996","PACOVD.1997","PACOVD.1998","PACOVD.1999","PACOVD.2000","PACOVD.2001","PACOVD.2002","PACOVD.2003","PACOVD.2004","PACOVD.2005","PACOVD.2006","PACOVD.2007","PACOVD.2008","PACOVD.2009","PACOVD.2010","PACOVD.2011","PACOVD.2012"
4,"AFG","Afghanistan",0.279895027,0.279895027,0.279895027,0.279895027,0.279895027,0.279895027,0.279895027,0.279895027,0.279895027,0.279895027,0.279895027,0.279895027,0.279895027,0.279895027,0.279895027,0.279895027,0.279895027,0.279895027,0.279895027,0.372890636,0.372890636,0.372890636,0.372890636
8,"ALB","Albania",3.15801597,3.15801597,3.15801597,3.15801597,3.15801597,3.41132483,3.41132483,5.003005155,5.003005155,7.050579359,7.050579359,7.050579359,7.212233583,7.212233583,9.953079585,9.051153838,9.953079585,9.953079585,9.994941409,9.994941409,9.994941409,9.994941409,9.994941409
12,"DZA","Algeria",6.308555287,6.308555287,6.308555287,6.309562313,6.309562313,6.309562313,6.309562313,6.309562313,6.309562313,6.309562313,6.309562313,6.309562313,6.309562313,6.309599307,6.309599307,6.309599307,6.309599307,6.309599307,6.309599307,6.309599307,6.309599307,6.309599307,6.309599307
16,"ASM","American Samoa",0.915376375,0.915376375,0.915376375,0.915376375,0.915376375,1.207517772,1.207517772,1.207517772,1.207517772,1.207517772,1.207517772,1.499659168,1.538611355,1.626253773,1.626253773,1.626253773,1.626253773,1.626253773,1.626253773,1.626253773,1.626253773,1.626253773,1.626253773
20,"AND","Andorra",5.715822308,5.715822308,5.715822308,5.715822308,5.715822308,5.715822308,5.715822308,5.715822308,5.715822308,5.715822308,5.715822308,5.715822308,5.715822308,5.715822308,5.715822308,5.715822308,5.715822308,5.715822308,5.715822308,5.715822308,5.715822308,5.715822308,5.715822308
24,"AGO","Angola",11.14190696,11.14190696,11.14190696,11.14190696,11.14190696,11.14190696,11.14190696,11.14190696,11.14190696,11.14190696,11.14190696,11.14190696,11.14190696,11.14190696,11.14190696,11.14190696,11.14190696,11.14190696,11.14190696,11.14190696,11.14190696,11.14190696,11.14190696
660,"AIA","Anguilla",0,0,0,4.178106721,4.178106721,4.178106721,4.178106721,4.178106721,4.178106721,4.178106721,4.178106721,4.178106721,4.178106721,4.178106721,4.178106721,4.178106721,4.178106721,5.025665513,5.025665513,5.025665513,5.025665513,5.025665513,5.025665513
28,"ATG","Antigua and Barbuda",5.824014059,5.824014059,5.824014059,5.951821253,5.951821253,5.951821253,5.951821253,5.951821253,5.951821253,5.951821253,5.951821253,5.951821253,5.951821253,5.951821253,6.460767756,6.460767756,6.460767756,6.460767756,6.460767756,6.460767756,6.460767756,6.460767756,6.460767756
32,"ARG","Argentina",4.082508464,4.082508464,4.591435337,4.683221979,4.683221979,4.769818683,4.769818683,4.941850706,4.941859678,4.941859678,4.941859678,4.947385539,4.947385539,4.947385539,4.947385539,4.947385539,4.947385539,4.947385539,4.947385539,4.947385539,4.947385539,4.947385539,4.947385539
51,"ARM","Armenia",11.1102338,11.1102338,11.1102338,11.1102338,11.1102338,11.1102338,11.1102338,11.1102338,11.1102338,11.1102338,11.1102338,11.1102338,12.43389778,12.43389778,12.43389778,12.43389778,12.43389778,12.43389778,12.43389778,12.43389778,12.43389778,12.43389778,12.43389778
533,"ABW","Aruba",0.032783302,0.032783302,0.032783302,0.032783302,0.032783302,0.032783302,0.032783302,0.032783302,0.032783302,0.032783302,0.032783302,0.032783302,0.032783302,0.032783302,0.032783302,0.032783302,0.032783302,0.032783302,0.032783302,0.032783302,0.032783302,0.032783302,0.032783302
36,"AUS","Australia",6.61444539,6.61444539,7.128525449,7.181778887,7.181778887,7.567812654,7.567812654,7.714171603,7.963365073,8.110767897,8.539089619,8.588218105,10.04593746,10.13952913,10.5036099,10.34992866,10.5036099,11.28925468,11.43813142,11.9159927,12.24700693,12.24975646,12.24975646
40,"AUT","Austria",14.34202063,14.34202063,14.34883993,14.36650811,14.36650811,14.3744123,14.3744123,14.5544561,14.56643756,14.6884577,14.71586604,14.72002677,14.72002677,14.72002677,14.72002677,14.72002677,14.72002677,14.72002677,14.72002677,14.72002677,14.72002677,14.72002677,14.72002677
31,"AZE","Azerbaijan",9.297274134,9.297274134,9.297274134,9.417606542,9.417606542,9.417606542,9.417606542,9.417606542,9.417606542,9.417606542,9.417606542,9.417606542,9.417606542,9.501188215,9.972962659,9.972962659,9.972962659,9.972962659,9.972962659,9.972962659,9.972962659,9.972962659,9.972962659
44,"BHS","Bahamas",6.073960486,6.073960486,6.076935147,6.076935147,6.076935147,7.358047313,7.358047313,7.358047313,7.358047313,7.358047313,7.358047313,7.358047313,13.52280933,13.52280933,13.52280933,13.52280933,13.52280933,13.52280933,13.52280933,13.52280933,13.52280933,13.52280933,13.52280933
48,"BHR","Bahrain",1.271795794,1.271795794,1.271795794,1.271795794,1.271795794,1.271795794,1.271795794,1.271795794,1.271795794,1.271795794,1.271795794,1.271795794,1.271795794,1.271795794,1.271795794,1.271795794,1.271795794,1.271795794,1.271795794,1.271795794,1.271795794,1.271795794,1.271795794
50,"BGD","Bangladesh",1.085439054,1.085439054,1.085439054,1.085439054,1.085439054,1.085439054,1.085439054,1.712522932,1.712522932,1.754014305,1.754014305,1.819856493,1.819856493,1.819856493,1.829966687,1.824332322,1.829966687,1.839558778,1.839558778,1.839558778,1.913532297,1.913532297,1.913532297
52,"BRB","Barbados",0.091472478,0.091472478,0.091472478,0.091472478,0.091472478,0.091472478,0.091472478,0.091472478,0.091472478,0.091472478,0.091472478,0.091472478,0.091472478,0.091472478,0.091472478,0.091472478,0.091472478,0.091472478,0.091472478,0.091472478,0.091472478,0.091472478,0.091472478
112,"BLR","Belarus",6.424529227,6.424529227,6.526781538,6.619069642,6.619069642,6.961108243,6.961108243,7.012595595,7.012595595,7.012595595,7.012595595,7.012595595,7.012595595,7.012595595,7.012595595,7.012595595,7.012595595,7.012595595,7.012595595,7.012595595,7.012595595,7.012595595,7.012595595
56,"BEL","Belgium",4.577684158,4.577684158,4.603978027,4.642372309,4.642372309,4.909889536,4.909889536,6.623438761,7.058007088,7.441622868,8.015444051,12.7926215,12.83386101,14.59970364,14.6567391,14.64872666,14.6567391,14.66350879,14.67420293,14.67528216,14.67708087,14.67708087,14.67708087
84,"BLZ","Belize",15.51251054,15.51251054,15.51251054,15.60682205,15.60682205,16.21644943,16.21644943,16.44982737,16.68963769,16.68963769,16.7411874,16.89502115,16.94036496,16.94036496,16.94099914,16.94099914,16.94099914,16.95979802,16.95979802,16.95984332,16.98887967,16.98887967,16.98887967
204,"BEN","Benin",16.80554072,16.80554072,16.80554072,16.80554072,16.80554072,16.80554072,16.80554072,16.80554072,16.80554072,16.80554072,16.80554072,16.80554072,16.80554072,16.80554072,16.80554072,16.80554072,16.80554072,16.80554072,16.80554072,16.80554072,16.80554072,16.80554072,16.80554072
60,"BMU","Bermuda",5.268214572,5.268214572,5.268214572,5.412329864,5.412329864,5.412329864,5.412329864,5.412329864,5.412329864,5.412329864,5.476381105,5.476381105,5.476381105,5.476381105,5.476381105,5.476381105,5.476381105,5.476381105,5.476381105,5.476381105,5.476381105,5.476381105,5.476381105
64,"BTN","Bhutan",11.11659619,11.11659619,11.11659619,13.3650922,13.3650922,15.56694747,15.56694747,15.56694747,16.13577791,16.13577791,16.13577791,16.13577791,16.13577791,16.13577791,16.13577791,16.13577791,16.13577791,16.13577791,16.13577791,16.13577791,16.13577791,16.13577791,16.13577791
68,"BOL","Bolivia",8.747630272,8.747630272,9.24255482,9.299261341,9.299261341,13.81980956,13.81980956,16.03921275,16.03921275,16.03921275,16.05293127,16.05293127,16.05293127,16.05293127,16.27459577,16.27459577,16.27459577,16.27459577,16.27459577,16.27459577,16.27459577,16.27459577,16.27459577
70,"BIH","Bosnia and Herzegovina",0.381188085,0.381188085,0.381188085,0.381188085,0.381188085,0.381188085,0.381188085,0.381188085,0.381188085,0.381188085,0.381188085,0.381188085,0.381188085,0.41202185,0.424993148,0.424993148,0.424993148,0.424993148,0.424993148,0.424993148,0.424993148,0.424993148,0.424993148
72,"BWA","Botswana",17,17,17,17,17,17,17,17,17,17,17,17,17,17,17,17,17,17,17,17,17,17,17
76,"BRA","Brazil",6.963403108,6.963403108,6.963403108,7.591533789,7.591533789,9.049429284,9.049429284,10.69759218,12.00954688,12.83451618,12.98991282,13.39192551,13.68214421,13.69209088,13.93037431,13.72576629,13.93037431,13.93614659,13.9783512,14.00009289,14.00747523,14.00747523,14.00747523
92,"VGB","British Virgin Islands",5.576725337,5.576725337,5.576725337,5.576725337,5.576725337,5.576725337,5.576725337,5.576725337,5.576725337,5.576725337,5.576725337,5.576725337,5.576725337,5.576725337,5.576725337,5.576725337,5.576725337,5.576725337,5.576725337,5.576725337,5.576725337,5.576725337,5.576725337
96,"BRN","Brunei Darussalam",17,17,17,17,17,17,17,17,17,17,17,17,17,17,17,17,17,17,17,17,17,17,17
100,"BGR","Bulgaria",1.966213987,1.966213987,3.133976235,3.134998982,3.134998982,4.076025302,4.076025302,4.080053491,4.080053491,4.081470984,4.275317507,4.374918752,16.97327597,16.97327597,16.97608987,16.97608987,16.97608987,16.97608987,17,17,17,17,17
854,"BFA","Burkina Faso",13.67824043,13.67824043,13.67824043,13.67824043,13.67824043,13.67824043,13.67824043,13.84000723,13.84000723,13.84000723,13.84000723,13.84000723,13.84000723,14.23755472,14.23755472,14.23755472,14.23755472,14.23755472,14.23755472,14.23755472,14.23755472,14.23755472,14.23755472
108,"BDI","Burundi",4.108607758,4.108607758,4.108607758,4.511379071,4.511379071,4.511379071,4.511379071,4.986100689,4.986100689,4.986100689,5.149947917,5.149947917,5.149947917,5.149947917,5.149947917,5.149947917,5.149947917,5.149947917,5.149947917,5.149947917,5.149947917,5.149947917,5.149947917
116,"KHM","Cambodia",0.000186329,0.000186329,0.000186329,15.25186499,15.25186499,15.60496669,15.60496669,15.6181248,15.6181248,17,17,17,17,17,17,17,17,17,17,17,17,17,17
120,"CMR","Cameroon",5.736493917,5.736493917,5.736493917,5.736493917,5.736493917,5.754220418,5.754220418,5.903864766,5.903864766,5.903864766,7.390218446,7.856224402,7.856224402,7.856224402,8.936498234,8.936498234,8.936498234,8.999997592,9.196036139,9.283327064,9.445198291,9.445198291,9.445198291
124,"CAN","Canada",5.218523506,5.218523506,5.280406012,5.776640584,5.776640584,6.179043989,6.179043989,6.470778279,6.716261704,6.885643773,6.981554347,7.455784749,7.496359023,7.925478226,8.184409823,8.124423,8.184409823,8.233094215,8.334471204,8.37972112,8.385983537,8.385983537,8.385983537
132,"CPV","Cape Verde",2.48940266,2.48940266,2.48940266,2.48940266,2.48940266,2.48940266,2.48940266,2.48940266,2.48940266,2.48940266,2.48940266,2.48940266,2.48940266,2.48940266,2.48940266,2.48940266,2.48940266,2.48940266,2.48940266,2.48940266,2.48940266,2.48940266,2.48940266
136,"CYM","Cayman Islands",6.410665532,6.410665532,7.314824664,7.314824664,7.314824664,7.314824664,7.314824664,8.080700635,8.080700635,8.080700635,8.080700635,8.080700635,8.087792079,8.087792079,8.087792079,8.087792079,8.087792079,8.087792079,8.087792079,8.087792079,8.087792079,8.087792079,8.087792079
140,"CAF","Central African Republic",16.40626782,16.40626782,16.49006572,16.49006572,16.49006572,16.49006572,16.49006572,16.49006572,16.49006572,16.49006572,16.49006572,16.49006572,16.49006572,16.49006572,16.49006572,16.49006572,16.49006572,16.49006572,16.49006572,16.49006572,16.49006572,16.49006572,16.49006572
148,"TCD","Chad",9.408484994,9.408484994,9.408484994,9.408484994,9.408484994,9.408484994,9.408484994,9.408484994,9.408484994,9.408484994,9.408484994,9.408484994,9.408484994,9.408484994,9.408484994,9.408484994,9.408484994,9.408484994,9.408484994,9.408484994,9.408484994,9.408484994,9.408484994
152,"CHL","Chile",9.454821032,9.454821032,9.454821032,9.454941124,9.454941124,9.945339446,9.945339446,9.953926695,10.1091016,10.1091016,10.10916891,10.10916891,10.10916891,10.10916891,10.14910285,10.14462909,10.14910285,10.14910285,10.14910285,10.16826481,10.30866838,10.30866838,10.30866838
156,"CHN","China",8.239224989,8.239224989,8.360576867,8.41893414,8.41893414,8.603492989,8.603492989,9.078694165,9.209487269,9.453227654,9.928723728,10.59874625,10.91339972,10.92168249,10.93080522,10.92870314,10.93080522,10.93620201,10.9365835,10.9365835,10.9365835,10.9365835,10.9365835
170,"COL","Colombia",15.13388217,15.13388217,15.13489668,15.13489668,15.13489668,15.13489668,15.13489668,15.13489668,15.13489668,15.13489668,15.13511426,15.1360309,15.13866733,15.13866733,15.13887792,15.13866733,15.13887792,15.13895656,15.13895656,15.13895656,15.13895656,15.17169002,15.17169002
174,"COM","Comoros",0,0,0,0,0,0,0,0,0,0,0,0,0,0,0,0,0,0,0,0,0,0,0
178,"COG","Congo",5.429159799,5.429159799,5.429159799,6.775640111,6.775640111,6.775640111,6.775640111,6.775640111,6.775640111,7.789617921,7.789617921,9.34993893,9.34993893,9.34993893,9.34993893,9.34993893,9.34993893,9.34993893,9.34993893,9.34993893,9.34993893,9.34993893,9.34993893
184,"COK","Cook Islands",0.16148743,0.16148743,0.16148743,0.17021648,0.17021648,0.17021648,0.17021648,0.846717877,1.078037709,1.078037709,1.300628492,1.300628492,1.300628492,1.300628492,1.300628492,1.300628492,1.300628492,1.300628492,1.300628492,1.300628492,1.300628492,1.300628492,1.300628492
188,"CRI","Costa Rica",15.49801252,15.49801252,15.77640781,15.78832182,15.78832182,15.90668452,15.90668452,15.90668452,15.91305939,15.91305939,15.91305939,15.91305939,16.05544447,16.05544447,16.05544447,16.05544447,16.05544447,16.05544447,16.05544447,16.05544447,16.05544447,16.05544447,16.05544447
384,"CIV","Cote d'Ivoire",17,17,17,17,17,17,17,17,17,17,17,17,17,17,17,17,17,17,17,17,17,17,17
191,"HRV","Croatia",7.176749627,7.176749627,7.195715153,7.200156652,7.200156652,7.516410854,7.516410854,7.548084903,7.577051908,9.023878408,9.034349972,9.286072755,9.287628901,9.35316533,9.617888414,9.35321396,9.617888414,11.83210549,11.88135102,11.89743119,12.23013839,12.23013839,12.23013839
192,"CUB","Cuba",4.286030249,4.286030249,4.286030249,4.286030249,4.286030249,4.286030249,4.286030249,4.286030249,4.286030249,4.288438813,4.288438813,6.047328458,6.217249037,6.217249037,6.217249037,6.217249037,6.217249037,6.217249037,6.217249037,6.217249037,6.318570485,6.318570485,6.318570485
196,"CYP","Cyprus",7.078619027,7.078619027,10.24071223,10.24071223,10.24071223,10.24071223,10.24071223,17,17,17,17,17,17,17,17,17,17,17,17,17,17,17,17
203,"CZE","Czech Republic",14.69969489,14.69969489,15.97840056,15.98427777,15.98427777,16.04452234,16.04452234,16.06970675,16.09892778,16.10849888,16.1192378,16.12324902,16.13341672,16.13350558,16.71599672,16.71213782,16.71599672,16.71816736,16.7182816,16.71838315,16.7186878,16.7186878,16.7186878
180,"COD","Dem. Rep. Congo",9.937174956,9.937174956,9.96903821,9.96903821,9.96903821,9.96903821,9.96903821,9.96903821,9.96903821,9.96903821,9.96903821,9.96903821,9.96903821,9.96903821,9.96903821,9.96903821,9.96903821,9.96903821,9.96903821,10.13099015,10.13099015,10.13099015,10.17555957
208,"DNK","Denmark",4.38821999,4.38821999,11.8142113,11.82379043,11.82379043,11.85899142,11.85899142,11.93688002,11.94213459,11.94787742,11.95945608,11.98526394,12.01521036,12.03278761,12.07263867,12.06159476,12.07263867,12.16680249,12.31713909,12.4815189,12.7062798,12.7062798,12.7062798
262,"DJI","Djibouti",0.000871526,0.000871526,0.000871526,0.000871526,0.000871526,0.000871526,0.000871526,0.000871526,0.000871526,0.000871526,0.000871526,0.000871526,0.000871526,0.000871526,0.000871526,0.000871526,0.000871526,0.000871526,0.000871526,0.000871526,0.000871526,0.000871526,0.000871526
212,"DMA","Dominica",13.61006895,13.61006895,13.61006895,13.61006895,13.61006895,13.61006895,13.61006895,13.61006895,13.61006895,13.61006895,13.61006895,13.61006895,13.61006895,13.61006895,13.61006895,13.61006895,13.61006895,13.61006895,13.61006895,13.61006895,13.61006895,13.61006895,13.61006895
214,"DOM","Dominican Republic",11.72166022,11.72166022,12.50263091,12.50263091,12.50263091,12.5247559,12.5247559,12.67725289,12.67725289,12.67725289,12.88202274,12.88202274,12.88202274,12.88202274,12.88202274,12.88202274,12.88202274,12.88202274,12.88202274,12.88202274,12.88202274,12.88202274,12.88202274
218,"ECU","Ecuador",15.33678631,15.33678631,15.33678631,15.33678631,15.33678631,15.58305061,15.58305061,15.60130632,15.60130632,15.60130632,15.60130632,15.60130632,15.60130632,15.60130632,15.60130632,15.60130632,15.60130632,15.60130632,15.61424375,15.61424375,15.61424375,15.61424375,15.61424375
818,"EGY","Egypt",0.333076631,0.333076631,0.334352616,0.334352616,0.334352616,1.388172385,1.388172385,3.946403731,4.30509424,4.310938454,4.310938454,4.310938454,5.41151092,5.902895763,5.907682732,5.902895763,5.907682732,11.16757423,11.16757423,11.16757423,11.18847912,11.18847912,11.18847912
222,"SLV","El Salvador",0,0,0,0,0,0,0,0.078335017,0.078335017,0.078335017,0.078335017,0.078335017,0.078335017,0.078335017,0.078335017,0.078335017,0.078335017,0.2969205,0.611677733,0.723878106,0.943196606,0.94485811,0.94485811
226,"GNQ","Equatorial Guinea",7.182155614,7.182155614,7.182155614,7.182155614,7.182155614,7.182155614,7.182155614,7.182155614,7.182155614,7.182155614,17,17,17,17,17,17,17,17,17,17,17,17,17
232,"ERI","Eritrea",4.807582527,4.807582527,4.807582527,4.807582527,4.807582527,4.807582527,4.807582527,4.807582527,4.807582527,4.807582527,4.807582527,4.807582527,4.807582527,4.807582527,4.807582527,4.807582527,4.807582527,4.807582527,4.807582527,4.807582527,4.807582527,4.807582527,4.807582527
233,"EST","Estonia",2.182207631,2.182207631,2.264028541,2.26466932,2.26466932,3.188695413,3.188695413,4.637696659,5.457275697,5.795099053,6.063497268,6.522427944,6.747363634,6.808988943,12.57408184,10.06905393,12.57408184,16.80289491,17,17,17,17,17
231,"ETH","Ethiopia",15.78267479,15.78267479,15.78267479,15.78267479,15.78267479,15.78267479,15.78267479,15.78267479,15.78267479,15.78267479,15.78267479,15.78267479,15.78267479,15.78267479,15.82908341,15.78267479,15.82908341,15.8354556,15.8354556,15.8354556,15.8354556,15.8354556,15.8354556
234,"FRO","Faeroe Islands",NA,NA,NA,NA,NA,NA,NA,NA,NA,NA,NA,NA,NA,NA,NA,NA,NA,NA,NA,NA,NA,NA,NA
238,"FLK","Falkland Islands",0.260908627,0.260908627,0.260908627,0.260908627,0.260908627,0.260908627,0.260908627,0.260908627,0.260908627,0.260908627,0.260908627,0.260908627,0.260908627,0.260908627,0.260908627,0.260908627,0.260908627,0.260908627,0.260908627,0.260908627,0.260908627,0.260908627,0.260908627
242,"FJI","Fiji",1.094763548,1.094763548,1.094763548,1.094763548,1.094763548,1.094763548,1.094763548,1.344058334,1.344058334,1.34757915,1.432446578,1.742751323,1.76471701,2.008756847,2.762474198,2.679866398,2.762474198,2.79631607,2.79631607,2.79631607,2.79631607,2.79631607,2.79631607
246,"FIN","Finland",4.201054557,4.201054557,7.989081521,8.013503378,8.013503378,8.081017748,8.081017748,8.099501638,8.121631908,8.136899274,8.244535691,8.265477182,8.293305292,8.326460676,8.439703033,8.398448533,8.439703033,8.468447185,8.498317862,8.51444198,8.52904529,8.536385484,8.536385484
250,"FRA","France",9.528264222,9.528264222,9.802028672,9.813829884,9.813829884,10.19546251,10.19546251,10.71212979,10.71212979,12.1353742,12.13671459,12.37285721,12.37468567,12.37498434,13.26204031,13.25974381,13.26204031,13.27038311,13.27547694,13.73809174,13.73809174,13.73809174,13.73809174
254,"GUF","French Guiana",0.079961122,0.079961122,0.080032976,0.080032976,0.080032976,4.151463635,4.151463635,5.108590007,5.869367693,5.869367693,6.084545384,7.824828497,7.824828497,7.824828497,7.82607396,7.824828497,7.82607396,17,17,17,17,17,17
258,"PYF","French Polynesia",0.82980226,0.82980226,1.008945386,1.008945386,1.008945386,1.008945386,1.008945386,1.008945386,1.008945386,1.008945386,1.008945386,1.008945386,1.008945386,1.008945386,1.008945386,1.008945386,1.008945386,1.008945386,1.008945386,1.008945386,1.008945386,1.008945386,1.008945386
266,"GAB","Gabon",4.54387059,4.54387059,4.54387059,4.54387059,4.54387059,4.54387059,4.54387059,4.54387059,4.54387059,5.433956019,5.433956019,5.433956019,14.37428632,14.70379366,14.70379366,14.70379366,14.70379366,14.70379366,14.70379366,14.70379366,14.70379366,14.70379366,14.70379366
270,"GMB","Gambia",1.603093299,1.603093299,1.603093299,1.677433803,1.677433803,1.677433803,1.677433803,3.533009478,3.533009478,3.533009478,3.533009478,4.061194165,4.061194165,4.061194165,4.061194165,4.061194165,4.061194165,4.061194165,4.072482909,4.072482909,4.072482909,4.072482909,4.072482909
268,"GEO","Georgia",6.250168122,6.250168122,6.250168122,6.250168122,6.250168122,6.250168122,6.250168122,7.200635858,7.200635858,7.570418001,7.570418001,7.570418001,7.570418001,7.570418001,7.570418001,7.570418001,7.570418001,7.570418001,7.570418001,7.570418001,7.570418001,7.570418001,7.570418001
276,"DEU","Germany",17,17,17,17,17,17,17,17,17,17,17,17,17,17,17,17,17,17,17,17,17,17,17
288,"GHA","Ghana",13.26533176,13.26533176,13.26533176,13.26533176,13.26533176,13.26533176,13.26533176,13.26533176,13.26533176,13.26533176,13.26533176,13.26533176,13.26533176,13.26533176,13.26533176,13.26533176,13.26533176,13.26533176,13.26533176,13.26533176,13.26533176,13.26533176,13.26533176
292,"GIB","Gibraltar",0,0,5.124450952,5.124450952,5.124450952,5.124450952,5.124450952,5.124450952,5.124450952,5.124450952,5.124450952,5.124450952,5.124450952,5.124450952,5.124450952,5.124450952,5.124450952,5.124450952,5.124450952,5.124450952,5.124450952,5.124450952,5.124450952
300,"GRC","Greece",5.769367903,5.769367903,6.343814897,6.421900853,6.421900853,6.719651142,6.719651142,7.167444963,7.254953396,7.28937936,7.404589877,9.358178522,9.695593673,10.30381083,13.65925306,13.23283696,13.65925306,14.36226034,15.69955111,16.27475944,16.27475944,16.27475944,16.27475944
304,"GRL","Greenland",17,17,17,17,17,17,17,17,17,17,17,17,17,17,17,17,17,17,17,17,17,17,17
308,"GRD","Grenada",1.901304455,1.901304455,1.901304455,1.901304455,1.901304455,1.901304455,1.901304455,1.901304455,1.901304455,1.901304455,1.901304455,1.901304455,1.901304455,1.901304455,1.901304455,1.901304455,1.901304455,1.901304455,1.901304455,1.901304455,1.901304455,1.901304455,1.901304455
312,"GLP","Guadeloupe",17,17,17,17,17,17,17,17,17,17,17,17,17,17,17,17,17,17,17,17,17,17,17
316,"GUM","Guam",0,0,17,17,17,17,17,17,17,17,17,17,17,17,17,17,17,17,17,17,17,17,17
320,"GTM","Guatemala",12.7059215,12.7059215,12.7059215,12.7059215,12.7059215,12.7082741,12.7082741,13.27901497,13.33095439,13.35512774,13.369836,13.40087564,13.41583922,13.41598512,13.55383476,13.55196545,13.55383476,13.61618759,13.6189414,13.6189414,13.6189414,13.6189414,13.6189414
324,"GIN","Guinea",6.762585633,6.762585633,6.762585633,6.762585633,6.762585633,6.762585633,6.762585633,6.762585633,6.762585633,6.762585633,6.762585633,6.762585633,6.762585633,6.762585633,6.762585633,6.762585633,6.762585633,6.762585633,6.762585633,6.762585633,6.762585633,6.762585633,6.762585633
624,"GNB","Guinea-Bissau",7.550836087,7.550836087,7.550836087,7.550836087,7.550836087,7.550836087,7.550836087,11.71250185,11.71250185,11.71250185,15.27823895,15.27823895,15.27823895,15.27823895,15.27823895,15.27823895,15.27823895,15.27823895,15.27823895,15.27823895,15.27823895,15.27823895,15.27823895
328,"GUY","Guyana",0.301148729,0.301148729,0.301148729,0.301148729,0.301148729,0.301148729,0.301148729,2.074134088,2.074134088,2.074134088,2.074134088,2.074134088,2.074134088,2.074134088,2.074134088,2.074134088,2.074134088,5.096527175,5.096527175,5.096527175,5.096527175,5.096527175,5.096527175
332,"HTI","Haiti",0.270027565,0.270027565,0.270027565,0.270027565,0.270027565,0.270027565,0.270027565,0.270027565,0.270027565,0.270027565,0.270027565,0.270027565,0.270027565,0.270027565,0.270027565,0.270027565,0.270027565,0.270027565,0.270027565,0.270027565,0.270027565,0.270027565,0.270027565
336,"VAT","Holy See",NA,NA,NA,NA,NA,NA,NA,NA,NA,NA,NA,NA,NA,NA,NA,NA,NA,NA,NA,NA,NA,NA,NA
340,"HND","Honduras",12.32616583,12.32616583,12.72859493,12.73737089,12.73737089,12.73737089,12.73737089,12.73737089,12.73737089,13.80872812,13.96726514,13.96726514,13.96726514,13.96726514,13.96726514,13.96726514,13.96726514,13.96726514,13.96726514,13.96726514,13.96726514,13.96726514,13.96726514
344,"HKG","Hong Kong",17,17,17,17,17,17,17,17,17,17,17,17,17,17,17,17,17,17,17,17,17,17,17
348,"HUN","Hungary",4.496782043,4.496782043,4.612360229,4.612360229,4.612360229,4.612360229,4.612360229,5.026107547,5.026107547,5.026107547,5.026107547,5.026107547,5.026107547,5.026107547,5.026107547,5.026107547,5.026107547,5.026107547,5.026107547,5.026107547,5.026107547,5.026107547,5.026107547
352,"ISL","Iceland",9.380936871,9.380936871,9.381161704,9.516521144,9.516521144,9.70574283,9.70574283,9.71086512,9.71088467,9.712458504,9.71250738,9.87714403,9.885824552,9.947859,11.06347221,11.05885824,11.06347221,11.08756848,14.57724569,14.58151753,14.58151753,14.58151753,14.58151753
356,"IND","India",4.379791052,4.379791052,4.567883679,4.569044463,4.569044463,4.60555471,4.60555471,4.663333483,4.679983268,4.690345858,4.693272056,4.693272056,4.693272056,4.693272056,4.693272056,4.693272056,4.693272056,4.693272056,4.693272056,4.693272056,4.693272056,4.693272056,4.693272056
360,"IDN","Indonesia",9.767794338,9.767794338,10.65714773,10.70822938,10.70822938,10.75370351,10.75370351,11.68078847,12.48720764,13.17218549,13.17218549,13.17245435,13.33141257,13.33145782,13.90375762,13.90302314,13.90375762,13.93531503,13.95540275,13.96401449,13.96401449,13.98448471,13.98448471
364,"IRN","Iran",4.996289844,4.996289844,4.996289844,4.996289844,4.996289844,5.308904505,5.308904505,5.521464206,5.521464206,5.521468521,5.639388567,6.646073999,6.840514058,6.851788447,6.851788447,6.851788447,6.851788447,6.851788447,6.851788447,6.851788447,6.851788447,6.851788447,6.851788447
368,"IRQ","Iraq",0,0,0,0,0,0,0,0,0,0,0,0,0,0,0,0,0,0,0,0,0,0,0
372,"IRL","Ireland",0.630484122,0.630484122,0.891082894,0.891767629,0.891767629,0.893208426,0.893208426,0.893208426,0.934763288,0.934763288,0.934763288,0.934763288,0.934763288,1.147616052,1.761580939,1.761580939,1.761580939,1.761580939,1.761580939,1.761580939,1.761580939,1.761580939,1.761580939
833,"IMN","Isle of Man",NA,NA,NA,NA,NA,NA,NA,NA,NA,NA,NA,NA,NA,NA,NA,NA,NA,NA,NA,NA,NA,NA,NA
376,"ISR","Israel",11.20279649,11.20279649,11.82277616,11.87987924,11.87987924,11.89883942,11.89883942,11.90008563,11.90008563,11.90008563,11.91067841,11.93079578,11.94170011,11.95603152,12.05336935,12.05301329,12.05336935,12.11763813,12.14407557,12.17340599,12.18769288,12.22045038,12.22045038
380,"ITA","Italy",4.810841385,4.810841385,6.584862658,7.405141536,7.405141536,7.793880618,7.793880618,8.470277449,8.815115807,9.164885935,9.295282051,9.42379386,9.765684456,9.888137898,10.30420111,10.26552461,10.30420111,10.63468283,10.65615132,10.65777973,10.65777973,10.65777973,10.65777973
388,"JAM","Jamaica",9.858384451,9.858384451,9.861006626,10.33697665,10.33697665,10.33697665,10.33697665,10.88356457,10.9880899,13.77611234,13.77611234,13.77611234,13.78415971,13.78415971,13.82756123,13.82231688,13.82756123,13.82756123,13.82756123,13.82846543,13.82846543,13.82846543,13.82846543
392,"JPN","Japan",12.27508723,12.27508723,12.35658439,12.72838252,12.72838252,13.83413746,13.83413746,14.34367224,14.40326156,14.4712844,14.4712844,14.52160945,14.92653866,14.92653866,14.92653866,14.92653866,14.92653866,14.92653866,14.92653866,14.92653866,14.92653866,14.92653866,14.92653866
400,"JOR","Jordan",0.276816647,0.276816647,0.276816647,0.600379927,0.600379927,0.600379927,0.600379927,1.416232613,1.416232613,1.416232613,1.416232613,1.416232613,1.416232613,1.416232613,1.425650555,1.425650555,1.425650555,1.425650555,1.425650555,1.425650555,1.448459458,1.448459458,1.448459458
398,"KAZ","Kazakhstan",2.299530371,2.299530371,2.318705806,2.318705806,2.318705806,2.318705806,2.318705806,2.399327559,2.399327559,2.399327559,2.399327559,2.399327559,2.399327559,2.399327559,2.399327559,2.399327559,2.399327559,2.399327559,2.399327559,2.399327559,2.399327559,2.399327559,2.399327559
404,"KEN","Kenya",11.19524172,11.19524172,11.32784943,11.34685247,11.34685247,11.51718828,11.51718828,11.51718828,11.51718828,11.53747134,11.58174946,11.71196185,11.77292083,11.77292083,12.18576968,11.96449887,12.18576968,12.89483421,12.89541588,12.93939139,13.05866867,13.18907838,13.18907838
296,"KIR","Kiribati",5.875999564,5.875999564,5.875999564,5.875999564,5.875999564,5.875999564,5.875999564,5.875999564,5.875999564,17,17,17,17,17,17,17,17,17,17,17,17,17,17
414,"KWT","Kuwait",1.988897284,1.988897284,1.988897284,1.988897284,1.988897284,1.988897284,1.988897284,1.988897284,1.988897284,1.988897284,1.988897284,1.988897284,1.99010198,1.99010198,1.99010198,1.99010198,1.99010198,1.99010198,1.99010198,1.99010198,4.653342718,17,17
417,"KGZ","Kyrgyzstan",2.850863076,2.850863076,2.916734131,2.916734131,2.916734131,3.264708955,3.264708955,3.435916867,3.435916867,3.435916867,3.435916867,3.435916867,3.435916867,3.435916867,3.435916867,3.435916867,3.435916867,3.435916867,3.435916867,3.435916867,3.435916867,3.435916867,3.435916867
418,"LAO","Laos",1.458144633,1.458144633,1.458144633,14.51334689,14.51334689,15.13168043,15.13168043,15.65387526,15.65387526,15.65387526,15.95505102,15.95505102,15.95505102,15.95505102,15.95505102,15.95505102,15.95505102,15.95505102,15.95505102,15.95505102,15.95505102,15.95505102,15.95505102
428,"LVA","Latvia",6.506262682,6.506262682,6.506262682,6.506262682,6.506262682,6.506262682,6.506262682,13.9534537,13.9534537,15.33581785,15.33581785,15.35453329,15.35453329,15.35453329,17,17,17,17,17,17,17,17,17
422,"LBN","Lebanon",0.435337616,0.435337616,0.435337616,0.435337616,0.435337616,0.435337616,0.435337616,0.435337616,0.435337616,0.435337616,0.435337616,0.435337616,0.435337616,0.435337616,0.435337616,0.435337616,0.435337616,0.435337616,0.435337616,0.435337616,0.435337616,0.435337616,0.435337616
426,"LSO","Lesotho",0.220582886,0.220582886,0.220582886,0.220582886,0.220582886,0.220582886,0.220582886,0.220582886,0.220582886,0.220582886,0.220582886,0.220582886,0.220582886,0.220582886,0.220582886,0.220582886,0.220582886,0.220582886,0.220582886,0.220582886,0.220582886,0.220582886,0.220582886
430,"LBR","Liberia",1.617357517,1.617357517,1.617357517,1.617357517,1.617357517,1.617357517,1.617357517,1.617357517,1.617357517,1.617357517,1.617357517,1.617357517,1.617357517,1.758818023,1.758818023,1.758818023,1.758818023,1.758818023,1.758818023,1.758818023,1.758818023,1.758818023,1.758818023
434,"LBY","Libya",0.107463068,0.107463068,0.10765533,0.10765533,0.10765533,0.10765533,0.10765533,0.10765533,0.10765533,0.10765533,0.10765533,0.10765533,0.10765533,0.10765533,0.10765533,0.10765533,0.10765533,0.10765533,0.10765533,0.10765533,0.10765533,0.10765533,0.10765533
438,"LIE","Liechtenstein",12.4691104,12.4691104,12.4691104,12.4691104,12.4691104,12.4691104,12.4691104,12.4691104,12.4691104,12.4691104,13.12991709,13.12991709,13.12991709,13.12991709,13.12991709,13.12991709,13.12991709,13.12991709,13.12991709,13.12991709,13.12991709,13.12991709,13.12991709
440,"LTU","Lithuania",1.961926911,1.961926911,11.33282685,11.33282685,11.33282685,11.3346802,11.3346802,11.3346802,11.46225256,11.46225256,11.46225256,11.46225256,11.74255652,11.74255652,14.5813812,14.5813812,14.5813812,14.5813812,14.5813812,14.89646638,14.91078352,14.91754826,14.91754826
442,"LUX","Luxembourg",10.93992241,10.93992241,11.07567355,11.10614043,11.10614043,11.47135728,11.47135728,11.48331264,11.51262254,17,17,17,17,17,17,17,17,17,17,17,17,17,17
446,"MAC","Macao",NA,NA,NA,NA,NA,NA,NA,NA,NA,NA,NA,NA,NA,NA,NA,NA,NA,NA,NA,NA,NA,NA,NA
807,"MKD","Macedonia",2.818151431,2.818151431,3.030783074,3.030783074,3.030783074,3.246186967,3.246186967,3.377750073,3.377750073,3.377750073,3.377750073,3.377750073,3.391611327,3.391611327,3.482620363,3.391611327,3.482620363,4.102812488,4.102812488,4.102812488,4.682410939,4.682410939,4.682410939
450,"MDG","Madagascar",2.237470623,2.237470623,2.273798951,2.273798951,2.273798951,2.273798951,2.273798951,3.055592716,3.055592716,3.055592716,3.055592716,3.055592716,3.055592716,3.055592716,3.103192106,3.055592716,3.103192106,3.1256115,3.132064116,3.152289486,3.152652635,3.161628798,3.161800285
454,"MWI","Malawi",16.08509069,16.08509069,16.08509069,16.08509069,16.08509069,16.08509069,16.08509069,16.08509069,16.08509069,16.08509069,16.08509069,16.08509069,16.08509069,16.08509069,16.08509069,16.08509069,16.08509069,16.08509069,16.08509069,16.08509069,16.08509069,16.08509069,16.08509069
458,"MYS","Malaysia",16.58565218,16.58565218,17,17,17,17,17,17,17,17,17,17,17,17,17,17,17,17,17,17,17,17,17
462,"MDV","Maldives",NA,NA,NA,NA,NA,NA,NA,NA,NA,NA,NA,NA,NA,NA,NA,NA,NA,NA,NA,NA,NA,NA,NA
466,"MLI","Mali",2.336275848,2.336275848,2.336275848,2.336275848,2.336275848,2.336275848,2.336275848,2.336275848,2.336275848,2.336275848,2.336275848,2.336275848,2.431767048,2.431767048,2.431767048,2.431767048,2.431767048,2.431767048,2.431767048,2.431767048,2.431767048,2.431767048,2.431767048
470,"MLT","Malta",0.073583517,0.073583517,0.073583517,0.082781457,0.082781457,5.049668874,5.049668874,13.94714251,13.94714251,14.18015698,14.94665195,15.19499632,15.3207015,17,17,17,17,17,17,17,17,17,17
584,"MHL","Marshall Islands",0.119538435,0.119538435,0.119538435,0.119538435,0.119538435,0.119538435,0.119538435,0.119538435,0.119538435,1.76136225,1.76136225,1.76136225,1.76136225,1.76136225,1.76136225,1.76136225,1.76136225,1.76136225,1.76136225,1.76136225,1.76136225,1.76136225,1.76136225
474,"MTQ","Martinique",17,17,17,17,17,17,17,17,17,17,17,17,17,17,17,17,17,17,17,17,17,17,17
478,"MRT","Mauritania",0.537163728,0.537163728,0.537163728,0.537163728,0.537163728,0.537163728,0.537163728,0.537163728,0.537163728,0.537163728,0.537163728,0.537163728,0.537163728,0.537163728,0.537163728,0.537163728,0.537163728,0.537163728,0.537163728,0.537163728,0.537163728,0.537163728,0.537163728
480,"MUS","Mauritius",1.891846227,1.891846227,1.891846227,1.891846227,1.891846227,4.699550767,4.699550767,4.699550767,4.699550767,4.699550767,4.813846704,4.813846704,4.813846704,4.813846704,4.813846704,4.813846704,4.813846704,4.813846704,4.813846704,4.813846704,4.813846704,4.813846704,4.813846704
175,"MYT","Mayotte",3.918185048,3.918185048,5.483936456,5.483936456,5.483936456,5.483936456,5.483936456,5.483936456,5.483936456,5.483936456,5.483936456,5.483936456,5.483936456,5.483936456,5.514388672,5.514388672,5.514388672,5.78845861,5.78845861,5.78845861,5.78845861,5.78845861,5.78845861
484,"MEX","Mexico",2.196269165,2.196269165,2.402747877,3.034603833,3.034603833,3.868692732,3.868692732,4.70303743,4.793816133,4.873640467,7.236532325,7.436049773,9.072740587,9.562313774,10.11540202,9.992947476,10.11540202,10.49066409,10.506049,10.69796817,10.69796817,10.69796817,10.69796817
583,"FSM","Micronesia",3.019241007,3.019241007,3.019241007,3.019241007,3.019241007,3.019241007,3.019241007,3.019241007,3.019241007,3.136360179,3.136360179,3.136360179,3.136360179,3.136360179,3.136360179,3.136360179,3.136360179,3.136360179,3.136360179,3.136360179,3.136360179,3.136360179,3.136360179
498,"MDA","Moldova",0.93843595,0.93843595,1.143571225,1.259706011,1.259706011,1.259706011,1.259706011,1.276015923,1.276015923,1.276015923,1.276015923,1.276015923,1.276015923,1.276015923,1.276015923,1.276015923,1.276015923,1.276015923,1.276015923,1.276015923,1.276015923,1.276015923,1.276015923
492,"MCO","Monaco",17,17,17,17,17,17,17,17,17,17,17,17,17,17,17,17,17,17,17,17,17,17,17
496,"MNG","Mongolia",4.006934951,4.006934951,5.225987607,7.825619431,7.825619431,7.959187232,7.959187232,10.80293462,11.27619321,11.31306675,11.77540187,11.77540187,11.77540187,11.77540187,11.77540187,11.77540187,11.77540187,11.77540187,11.77540187,11.77540187,11.77540187,11.77540187,11.77540187
499,"MNE","Montenegro",13.22858525,13.22858525,13.22858525,13.22858525,13.22858525,13.22858525,13.22858525,13.22858525,13.22858525,13.22858525,13.22858525,13.22858525,13.22858525,13.22858525,13.22858525,13.22858525,13.22858525,13.22858525,13.22858525,13.22858525,13.22858525,13.22858525,13.22858525
500,"MSR","Montserrat",2.232760324,0.326022525,2.390831851,2.390831851,2.390831851,2.390831851,2.390831851,5.576565896,5.576565896,5.576565896,5.576565896,5.576565896,5.576565896,5.576565896,5.576565896,5.576565896,5.576565896,5.576565896,5.576565896,5.576565896,5.576565896,5.576565896,5.576565896
504,"MAR","Morocco",2.328234852,2.328234852,0.129400882,4.623483741,4.623483741,2.569261037,2.569261037,2.569261037,2.891478421,2.569261037,2.569261037,4.816303207,2.569261037,2.569261037,4.19606209,3.13229862,3.345595198,3.345595198,4.316691513,1.173047346,3.420088035,3.420088035,3.420088035
508,"MOZ","Mozambique",14.87478416,14.87478416,14.87478416,14.87478416,14.87478416,14.87478416,14.87478416,14.87478416,14.87478416,14.87478416,14.87478416,14.87478416,15.44249865,15.44249865,15.44249865,15.44249865,15.44249865,15.44249865,15.44249865,15.44249865,15.44249865,15.44249865,15.44249865
104,"MMR","Myanmar",2.923161884,2.923161884,2.923161884,2.942891875,2.942891875,2.942955765,2.942955765,3.233664892,3.233664892,3.233664892,3.233664892,3.256659195,3.537064584,3.739805512,6.111599571,6.111599571,6.111599571,6.111599571,6.122982315,6.122982315,6.122982315,6.122982315,6.122982315
516,"NAM","Namibia",10.94479493,10.94479493,11.59361606,11.79588259,11.79588259,12.08015465,12.08015465,12.71432564,15.33539026,15.38844314,16.02302815,16.02302815,16.02302815,17,17,17,17,17,17,17,17,17,17
520,"NRU","Nauru",NA,NA,NA,NA,NA,NA,NA,NA,NA,NA,NA,NA,NA,NA,NA,NA,NA,NA,NA,NA,NA,NA,NA
524,"NPL","Nepal",7.227590249,7.227590249,9.341933312,9.341933312,9.341933312,9.341933312,9.341933312,10.02760878,10.50468373,10.50468373,10.50468373,10.50468373,10.50468373,10.50468373,10.50468373,10.50468373,10.50468373,10.50468373,10.50468373,10.50468373,10.50468373,10.50468373,10.50468373
528,"NLD","Netherlands",11.13512779,11.13512779,11.21423856,11.24247194,11.24247194,11.41597103,11.41597103,11.65995324,11.66952679,11.68747003,13.29903671,13.2999826,13.69866076,14.06864694,14.66424213,14.64351855,14.66424213,14.66702247,14.69955535,14.82882693,15.30793438,15.42728846,17
530,"ANT","Netherlands Antilles",NA,NA,NA,NA,NA,NA,NA,NA,NA,NA,NA,NA,NA,NA,NA,NA,NA,NA,NA,NA,NA,NA,NA
540,"NCL","New Caledonia",5.92813519,5.92813519,5.92813519,5.931680124,5.931680124,5.931680124,5.931680124,5.931680124,5.959986688,5.959986688,6.167391791,6.167391791,6.167391791,6.167391791,6.167391791,6.167391791,6.167391791,6.167391791,17,17,17,17,17
554,"NZL","New Zealand",14.22246356,14.22246356,14.22246356,14.22246356,14.22246356,14.22246356,14.22246356,14.22246356,14.22246356,14.22256734,14.22256734,14.22262294,14.22262294,14.26815021,14.26815021,14.26815021,14.26815021,14.26827993,14.26827993,14.26827993,14.26827993,14.26827993,14.26827993
558,"NIC","Nicaragua",11.86502238,11.86502238,14.36701765,14.41359319,14.41359319,14.41359319,14.41359319,14.41359319,14.41359319,15.48681676,15.48681676,15.48681676,15.48681676,15.48681676,15.48681676,15.48681676,15.48681676,15.48681676,15.48681676,15.48681676,15.48681676,15.48681676,15.48681676
562,"NER","Niger",7.064766548,7.064766548,7.064766548,7.064766548,7.064766548,7.064766548,7.064766548,7.064766548,7.064766548,7.064766548,7.064766548,7.064766548,7.064766548,7.064766548,7.064766548,7.064766548,7.064766548,7.064766548,7.064766548,7.064766548,7.064766548,7.064766548,13.12642708
566,"NGA","Nigeria",11.63076048,11.63076048,12.85114197,12.85114197,12.85114197,12.85114197,12.85114197,12.85114197,12.85114197,12.91334927,12.91334927,12.91334927,12.91334927,12.91334927,12.91334927,12.91334927,12.91334927,12.91334927,12.91334927,12.91334927,12.91334927,12.91334927,12.91334927
570,"NIU","Niue",0,0,10.35668885,10.35668885,10.35668885,10.35668885,10.35668885,10.35668885,10.37912211,10.37912211,10.37912211,10.37912211,10.37912211,10.37912211,10.37912211,10.37912211,10.37912211,10.37912211,10.37912211,10.37912211,10.37912211,10.37912211,10.37912211
574,"NFK","Norfolk Island",11.66000726,11.66000726,11.66000726,11.66000726,11.66000726,11.66000726,11.66000726,11.66000726,11.66000726,11.66000726,11.66000726,11.66000726,11.66000726,11.66000726,11.66000726,11.66000726,11.66000726,11.66000726,11.66000726,11.66000726,11.66000726,11.66000726,11.66000726
408,"PRK","North Korea",2.163897075,2.163897075,2.163897075,2.163897075,2.163897075,2.163897075,2.163897075,2.163897075,2.163897075,2.163897075,2.163897075,2.163897075,2.163897075,2.163897075,2.163897075,2.163897075,2.163897075,2.163897075,2.163897075,2.163897075,2.163897075,2.163897075,2.163897075
580,"MNP","Northern Mariana Islands",1.226428615,1.226428615,1.226428615,1.226428615,1.226428615,1.242808296,1.242808296,1.242808296,1.242808296,1.242808296,1.416842407,1.478266211,1.478266211,1.478266211,1.478266211,1.478266211,1.478266211,1.478266211,1.478266211,3.218607318,3.218607318,3.218607318,3.218607318
578,"NOR","Norway",7.177978874,7.177978874,7.816408143,7.936069482,7.936069482,7.955940352,7.955940352,8.153448207,8.153967245,8.197425177,9.117295999,9.669429793,10.85086822,11.21157827,12.64945293,12.5506139,12.64945293,12.65779747,12.6910497,12.74990372,12.89904888,12.97236533,12.97236533
512,"OMN","Oman",0,0,0,0,0,8.913222359,8.913222359,10.49527819,10.49527819,10.49527819,10.49527819,10.49527819,10.49527819,10.49527819,10.49527819,10.49527819,10.49527819,10.49527819,10.49527819,10.49527819,10.49527819,10.49527819,10.49527819
586,"PAK","Pakistan",9.928242191,9.928242191,9.928242191,9.928242191,9.928242191,9.928242191,9.928242191,9.928242191,9.928242191,9.928242191,9.928242191,9.928242191,9.928242191,9.928242191,9.928242191,9.928242191,9.928242191,9.928242191,9.928242191,9.928242191,9.928242191,9.928242191,9.928242191
585,"PLW","Palau",0.224620952,0.224620952,0.224620952,0.224620952,0.224620952,0.742497036,0.742497036,9.377924752,9.908279778,9.908279778,10.93363283,11.03762401,11.03762401,11.11873713,11.20608972,11.11873713,11.20608972,11.20608972,11.20608972,11.20608972,11.20608972,11.20608972,11.20608972
591,"PAN","Panama",15.45699159,15.45699159,15.45699159,15.45699159,15.45699159,15.70254285,15.70254285,15.70254285,15.70254285,15.70254285,15.70254285,15.71406049,15.71406049,15.71406049,15.71406049,15.71406049,15.71406049,15.71406049,15.71406049,15.71406049,15.71406049,15.71406049,15.71406049
598,"PNG","Papua New Guinea",1.270185545,1.270185545,1.330040149,1.919633149,1.919633149,1.919633149,1.919633149,2.40909891,2.40909891,2.40909891,2.40909891,2.409231611,2.409231611,2.419053631,2.419265524,2.419053631,2.419265524,2.419265524,2.419265524,2.419265524,2.419265524,2.419265524,2.419265524
600,"PRY","Paraguay",2.920745221,2.920745221,3.594061773,3.67927607,3.67927607,3.67927607,3.67927607,3.816277815,4.231404713,4.231404713,4.231404713,4.31507401,4.31507401,5.299513953,5.303996948,5.303996948,5.303996948,5.303996948,5.303996948,5.303996948,5.303996948,5.303996948,5.303996948
604,"PER","Peru",4.675662936,4.675662936,4.675662936,4.675662936,4.675662936,4.675894787,4.675894787,6.177368237,6.177779385,6.486964621,6.701697757,8.442725504,8.808005464,9.359699546,13.33111452,12.18045046,13.33111452,13.41981359,13.43198575,13.57074451,13.65632523,13.82513184,13.8274774
608,"PHL","Philippines",8.767513693,8.767513693,8.976527825,8.980394846,8.980394846,9.141811001,9.141811001,9.710165479,9.792886088,9.849109202,10.75299663,10.75402559,10.85939349,10.85995841,10.8606612,10.86023751,10.8606612,10.86067129,10.86067465,10.86067465,10.86067465,10.86067465,10.86067465
612,"PCN","Pitcairn",NA,NA,NA,NA,NA,NA,NA,NA,NA,NA,NA,NA,NA,NA,NA,NA,NA,NA,NA,NA,NA,NA,NA
616,"POL","Poland",15.26453627,15.26453627,16.82922472,17,17,17,17,17,17,17,17,17,17,17,17,17,17,17,17,17,17,17,17
620,"PRT","Portugal",6.05146742,6.05146742,6.065552302,6.065552302,6.065552302,6.823875397,6.823875397,6.824994797,7.766443095,7.879133019,8.200140088,8.200140088,8.200140088,8.200140088,8.260435555,8.24973061,8.260435555,8.261196313,8.534514754,8.548490956,8.5508167,8.5508167,8.5508167
630,"PRI","Puerto Rico",6.87790621,6.87790621,6.87790621,6.87790621,6.87790621,6.87790621,6.87790621,6.87790621,7.044775226,7.044775226,7.060297925,7.13081533,7.13081533,7.13081533,7.133365487,7.133365487,7.133365487,7.133365487,7.133365487,7.133365487,7.133365487,7.133365487,7.133365487
634,"QAT","Qatar",1.767508043,1.767508043,1.910594973,2.15911903,2.15911903,2.15911903,2.15911903,2.15911903,2.15911903,2.15911903,2.15911903,2.15911903,2.15911903,2.15911903,2.15911903,2.15911903,2.15911903,2.15911903,2.15911903,2.15911903,2.15911903,2.15911903,2.15911903
638,"REU","Reunion",4.023270734,4.023270734,4.023270734,4.023270734,4.023270734,5.927779934,5.927779934,5.927779934,5.927779934,7.366161596,7.366161596,8.054858102,8.701575408,8.701575408,9.142357013,8.701575408,9.142357013,17,17,17,17,17,17
642,"ROU","Romania",2.917955949,2.917955949,4.38035191,4.520360693,4.520360693,4.667209665,4.667209665,4.667209665,4.667209665,4.67637771,4.723567417,4.723567417,4.723567417,4.803633886,6.822846338,6.822846338,6.822846338,6.822846338,6.822846338,6.822846338,6.822846338,6.822846338,6.822846338
643,"RUS","Russia",4.985551363,4.985551363,5.351123399,5.996053133,5.996053133,7.929920493,7.929920493,8.928418949,8.928418949,9.507183028,9.93347452,10.10408181,10.18142126,10.34925747,10.34925747,10.34925747,10.34925747,10.34925747,10.34925747,10.38325602,10.38325602,10.38325602,10.38325602
646,"RWA","Rwanda",9.574787547,9.574787547,9.574787547,9.574787547,9.574787547,9.574787547,9.574787547,9.574787547,9.574787547,9.574787547,9.574787547,9.574787547,9.574787547,9.574787547,9.574787547,9.574787547,9.574787547,9.574787547,9.574787547,9.574787547,9.574787547,9.574787547,9.574787547
654,"SHN","Saint Helena",4.042735361,4.042735361,4.042735361,14.64840115,14.64840115,14.64840115,14.64840115,14.64840115,14.64840115,14.64840115,14.64840115,14.64840115,14.64840115,14.64840115,14.64840115,14.64840115,14.64840115,14.64840115,14.64840115,14.64840115,14.64840115,14.64840115,14.64840115
659,"KNA","Saint Kitts and Nevis",1.031643213,1.031643213,1.031643213,1.031643213,1.031643213,1.031643213,1.031643213,1.031643213,1.031643213,1.031643213,1.031643213,1.031643213,1.031643213,1.031643213,1.031643213,1.031643213,1.031643213,1.031643213,1.031643213,1.031643213,1.031643213,1.031643213,1.031643213
662,"LCA","Saint Lucia",10.50177164,1.59043474,10.50177164,10.50177164,10.50177164,10.50177164,10.50177164,10.50177164,10.50177164,10.50177164,10.50177164,10.50177164,10.50177164,10.50177164,10.50177164,10.50177164,10.50177164,10.50177164,10.50177164,10.50177164,10.50177164,10.50177164,10.50177164
666,"SPM","Saint Pierre and Miquelon",0.7168776,0.7168776,16.31560315,17,17,17,17,17,17,17,17,17,17,17,17,17,17,17,17,17,17,17,17
670,"VCT","Saint Vincent and the Grenadines",7.095311176,7.095311176,7.095311176,7.095311176,7.095311176,7.095311176,7.095311176,7.095311176,7.095311176,7.095311176,7.095311176,7.095311176,7.095311176,7.095311176,7.095311176,7.095311176,7.095311176,7.095311176,7.095311176,7.095311176,7.095311176,7.095311176,7.095311176
882,"WSM","Samoa",2.571085833,2.571085833,2.571085833,2.571085833,2.571085833,2.597239561,2.597239561,2.664541822,2.692787848,5.517390486,5.523318664,5.525410962,5.526805828,6.433119686,6.444627327,6.433468403,6.444627327,6.449858072,6.449858072,6.449858072,6.449858072,6.449858072,6.449858072
674,"SMR","San Marino",NA,NA,NA,NA,NA,NA,NA,NA,NA,NA,NA,NA,NA,NA,NA,NA,NA,NA,NA,NA,NA,NA,NA
678,"STP","Sao Tome and Principe",NA,NA,NA,NA,NA,NA,NA,NA,NA,NA,NA,NA,NA,NA,NA,NA,NA,NA,NA,NA,NA,NA,NA
682,"SAU","Saudi Arabia",7.475326572,7.475326572,7.475326572,7.577113424,7.577113424,17,17,17,17,17,17,17,17,17,17,17,17,17,17,17,17,17,17
686,"SEN","Senegal",16.91331461,16.91331461,16.91331461,16.91331461,16.91331461,16.91331461,16.91331461,16.91331461,16.91331461,16.91331461,16.91331461,16.91331461,16.91331461,16.91331461,16.91368448,16.91368448,16.91368448,16.91368448,16.91368448,16.91368448,16.91368448,16.91368448,16.91368448
688,"SRB","Serbia",16.96194041,16.96194041,16.96194041,16.96194041,16.96194041,16.96194041,16.96194041,16.96194041,16.96194041,16.96194041,16.96194041,16.96194041,16.96194041,16.96194041,16.96194041,16.96194041,16.96194041,16.96194041,16.96194041,5.557214177,16.96194041,16.96194041,16.96194041
690,"SYC","Seychelles",12.72642503,12.72642503,12.74174278,12.74174278,12.74174278,12.74174278,12.74174278,12.75131637,12.75131637,12.75131637,12.75131637,12.75131637,12.75131637,12.75131637,12.75131637,12.75131637,12.75131637,12.75131637,12.75131637,12.75131637,12.75131637,12.75131637,12.75131637
694,"SLE","Sierra Leone",2.771151839,2.771151839,2.771151839,2.771151839,2.771151839,4.355455587,4.355455587,4.355455587,4.355455587,4.355455587,4.355455587,4.355455587,4.355455587,4.355455587,4.355455587,4.355455587,4.355455587,4.355455587,4.355455587,4.355455587,5.337102831,5.337102831,6.415756108
702,"SGP","Singapore",4.486329435,4.486329435,4.486329435,4.486329435,4.486329435,4.486329435,4.486329435,4.660657081,4.660657081,4.660657081,4.660657081,4.660657081,4.829024808,4.839454667,4.839454667,4.839454667,4.839454667,4.839454667,4.839454667,4.839454667,4.839454667,4.839454667,4.839454667
703,"SVK","Slovakia",13.27288101,13.27288101,13.27465705,13.30378812,13.30378812,13.30611534,13.30611534,13.40077603,13.6107974,13.61786072,13.6215761,13.62422995,14.33323582,14.33411363,14.33625712,14.33625712,14.33625712,14.33625712,14.33625712,14.33625712,14.33625712,14.33625712,14.33625712
705,"SVN","Slovenia",7.232916216,7.232916216,7.814847767,8.036458434,8.036458434,8.062068751,8.062068751,8.183211968,8.502526737,8.512889293,8.512889293,8.512889293,9.606237667,11.87963447,17,17,17,17,17,17,17,17,17
90,"SLB","Solomon Islands",0.059676634,0.059676634,0.059676634,0.059676634,0.059676634,0.107466886,0.107466886,0.107466886,0.120506947,0.120506947,0.120506947,0.120506947,0.56467311,0.571140701,0.587397078,0.579985569,0.587397078,1.266214425,1.436399461,1.436399461,1.436399461,1.436399461,1.436399461
706,"SOM","Somalia",0.58377092,0.58377092,0.58377092,0.58377092,0.58377092,0.58377092,0.58377092,0.58377092,0.58377092,0.58377092,0.58377092,0.58377092,0.58377092,0.58377092,0.58377092,0.58377092,0.58377092,0.58377092,0.58377092,0.58377092,0.58377092,0.58377092,0.58377092
710,"ZAF","South Africa",6.296034542,6.296034542,6.479838749,6.482176088,6.482176088,6.489044319,6.489044319,6.489044319,6.489140721,6.489140721,6.497220511,6.497220511,6.497220511,6.497220511,6.497752356,6.497752356,6.497752356,6.497752356,6.497752356,6.497752356,6.497752356,6.497752356,6.497752356
410,"KOR","South Korea",4.172417494,4.172417494,4.172567266,4.183620438,4.183620438,4.183620438,4.183620438,4.19217741,4.192367121,4.192666665,4.195961648,4.202132254,4.362977367,4.374389991,6.030608399,5.670846137,6.030608399,6.079114548,6.124665197,6.16980647,6.171793444,6.171793444,6.171793444
724,"ESP","Spain",7.673639713,7.673639713,7.905708813,7.960757624,7.960757624,8.369987146,8.369987146,8.498065288,8.525462389,8.539377062,8.539377062,8.542193549,8.553019361,8.558048381,8.558143119,8.558143119,8.558143119,8.558143119,8.558143119,8.558143119,8.558143119,8.558143119,8.558143119
144,"LKA","Sri Lanka",14.4851609,14.4851609,14.4851609,14.4851609,14.4851609,14.4851609,14.4851609,14.4851609,14.4851609,14.4851609,14.4851609,14.4851609,14.4851609,14.4851609,14.4851609,14.4851609,14.4851609,14.4851609,14.4851609,14.4851609,14.4851609,14.4851609,14.4851609
275,"PSE","State of Palestine",0,0,0,0,0,0,0,0,0,0,0,0,0,0,0,0,0,0,0,0,0,0,0
736,"SDN","Sudan",0.981493937,0.981493937,0.981493937,0.981493937,0.981493937,0.981493937,0.981493937,0.981493937,0.981493937,0.981493937,0.981493937,0.981493937,0.981493937,0.981493937,0.981493937,0.981493937,0.981493937,0.981493937,0.981493937,0.981493937,0.981493937,0.981493937,0.981493937
740,"SUR","Suriname",1.85680931,1.85680931,1.85680931,1.85680931,1.85680931,1.85680931,1.85680931,1.85680931,9.783618778,9.783618778,9.783618778,9.783618778,9.783618778,9.783618778,9.783618778,9.783618778,9.783618778,9.783618778,9.783618778,9.783618778,9.783618778,9.783618778,9.783618778
744,"SJM","Svalbard and Jan Mayen Islands",17,17,17,17,17,17,17,17,17,17,17,17,17,17,17,17,17,17,17,17,17,17,17
748,"SWZ","Swaziland",3.006647498,3.006647498,3.006647498,3.006647498,3.006647498,3.006647498,3.006647498,3.006647498,3.006647498,3.006647498,3.006647498,3.006647498,3.006647498,3.006647498,3.006647498,3.006647498,3.006647498,3.006647498,3.006647498,3.006647498,3.006647498,3.006647498,3.006647498
752,"SWE","Sweden",4.256008463,4.256008463,4.614236761,5.024178723,5.024178723,5.398293566,5.398293566,5.594647484,5.72208747,5.790459662,7.249006216,7.290801511,7.505224739,7.596485475,7.720555383,7.676367399,7.720555383,7.770799576,7.870696561,7.97395234,8.040103394,8.040103394,8.040103394
756,"CHE","Switzerland",13.95364733,13.95364733,14.14036059,14.14036059,14.14036059,14.16761889,14.16761889,15.59307024,15.88382539,15.88382539,15.88382539,16.54599601,16.54599601,16.58197696,16.62372455,16.62372455,16.62372455,16.64511929,16.64511929,16.9553308,17,17,17
760,"SYR","Syria",0.250513597,0.250513597,0.250513597,0.250513597,0.250513597,0.250513597,0.250513597,0.251423116,0.256773227,0.318053398,0.318053398,0.318053398,0.638931656,0.638931656,0.638931656,0.638931656,0.638931656,0.638931656,0.638931656,0.638931656,0.638931656,0.638931656,0.638931656
999,"TWN","Taiwan",8.832464932,8.832464932,11.46353181,11.47386578,11.47386578,11.50033283,11.50033283,11.50033283,11.50033283,11.50033283,11.50033283,11.50033283,11.50033283,11.50033283,11.50033283,11.50033283,11.50033283,11.50033283,11.50033283,11.50033283,11.50033283,11.50033283,11.50033283
762,"TJK","Tajikistan",1.925962918,1.925962918,4.128232329,4.128232329,4.128232329,4.128232329,4.128232329,4.128232329,4.128232329,4.128232329,4.128232329,4.128232329,4.128232329,4.128232329,4.128232329,4.128232329,4.128232329,4.128232329,4.128232329,4.128232329,4.128232329,4.128232329,4.128232329
834,"TZA","Tanzania",16.89687386,16.89687386,16.89687386,16.89687386,16.89687386,16.89687386,16.89687386,16.89687386,16.89687386,16.89687386,16.89687386,16.89687386,16.95277234,16.95277234,16.97676702,16.97676702,16.97676702,16.97676702,16.97676702,16.97676702,16.97676702,16.97676702,16.97676702
764,"THA","Thailand",11.73923027,11.73923027,12.00986646,12.00986646,12.00986646,12.10162508,12.10162508,12.48017753,12.51477397,12.52526067,12.59135203,12.59893651,12.59893651,12.60430949,12.60430949,12.60430949,12.60430949,12.67418342,12.67418342,12.93992259,12.93992259,12.93992259,12.93992259
626,"TLS","Timor-Leste",0,0,0,0,0,0,0,0,0,0,3.427547718,3.427547718,3.427547718,3.427547718,3.427547718,3.427547718,3.427547718,4.14467813,8.65171757,8.65171757,8.65171757,8.65171757,8.65171757
768,"TGO","Togo",11.2668737,11.2668737,11.2668737,11.2668737,11.2668737,11.2668737,11.2668737,11.2668737,11.2668737,11.2668737,11.2668737,11.2668737,11.2668737,11.2668737,11.2668737,11.2668737,11.2668737,11.2668737,11.2668737,11.2668737,11.2668737,11.2668737,11.2668737
772,"TKL","Tokelau",0,0,7.031778229,7.031778229,7.031778229,7.978363759,7.978363759,7.978363759,7.978363759,7.978363759,7.978363759,7.978363759,7.978363759,7.978363759,7.978363759,7.978363759,7.978363759,7.978363759,7.978363759,7.978363759,7.978363759,7.978363759,7.978363759
776,"TON","Tonga",1.287760601,1.287760601,1.925967948,1.925967948,1.925967948,10.49496525,10.49496525,10.49496525,10.49496525,10.49496525,10.49496525,16.01333144,16.01333144,16.01333144,16.01333144,16.01333144,16.01333144,16.01333144,16.52389732,16.52389732,16.52389732,16.52389732,16.52389732
780,"TTO","Trinidad and Tobago",16.35130942,16.35130942,16.35130942,16.35130942,16.35130942,16.35130942,16.35130942,16.35130942,16.35130942,16.35130942,16.35130942,16.35130942,16.35130942,16.35130942,16.35130942,16.35130942,16.35130942,16.35130942,16.35130942,16.35130942,16.35130942,16.35130942,16.35130942
788,"TUN","Tunisia",1.217614582,1.217614582,1.217614582,1.258395223,1.258395223,1.258395223,1.258395223,1.258395223,1.258395223,1.258395223,1.258395223,1.258395223,1.258395223,1.258395223,1.258395223,1.258395223,1.258395223,1.258395223,1.258395223,1.258395223,1.258395223,1.258395223,1.258395223
792,"TUR","Turkey",2.066567964,2.066567964,2.090077239,2.230444863,2.230444863,2.303205577,2.303205577,2.303205577,2.303205577,2.303205577,2.303205577,2.303205577,2.303205577,2.303205577,2.303205577,2.303205577,2.303205577,2.303205577,2.306864394,2.308420766,2.328172751,2.328172751,2.328172751
795,"TKM","Turkmenistan",3.036262277,3.036262277,3.036262277,3.036262277,3.036262277,3.036262277,3.036262277,3.036262277,3.036262277,3.036262277,3.036262277,3.036262277,3.036262277,3.036262277,3.036262277,3.036262277,3.036262277,3.036262277,3.036262277,3.036262277,3.036262277,3.036262277,3.036262277
796,"TCA","Turks and Caicos Islands",5.067492585,5.067492585,16.9159117,16.9159117,16.9159117,16.9159117,16.9159117,16.9159117,16.9159117,16.9159117,16.9159117,16.9159117,16.9159117,16.9159117,16.9159117,16.9159117,16.9159117,16.9159117,16.9159117,16.9159117,16.9159117,16.9159117,16.9159117
798,"TUV","Tuvalu",0.15015015,0.15015015,0.15015015,0.15015015,0.15015015,0.15015015,0.15015015,2.052052052,2.052052052,2.052052052,2.052052052,2.052052052,2.052052052,2.052052052,3.303303303,2.052052052,3.303303303,3.303303303,3.303303303,3.303303303,3.303303303,3.303303303,3.303303303
800,"UGA","Uganda",13.05960902,13.05960902,13.07521218,13.07521218,13.07521218,13.07521218,13.07521218,13.07521218,13.08845539,13.08845539,13.08845539,13.08845539,14.9999839,14.9999839,14.9999839,14.9999839,14.9999839,14.9999839,14.9999839,14.9999839,14.9999839,14.9999839,14.9999839
804,"UKR","Ukraine",1.769409802,1.769409802,1.981316431,2.155613977,2.155613977,2.673884374,2.673884374,3.343215546,3.428061568,3.428061568,3.428061568,3.428061568,3.428061568,3.428061568,3.428061568,3.428061568,3.428061568,3.428061568,3.428061568,3.428061568,3.428061568,3.428061568,3.428061568
784,"ARE","United Arab Emirates",11.16006391,11.16006391,11.16006391,11.16006391,11.16006391,11.16006391,11.16006391,11.16006391,11.16589784,11.16589784,11.16589784,15.81999397,15.81999397,16.07941543,16.1166822,16.1166822,16.1166822,16.1166822,16.1166822,16.1166822,16.1166822,16.1166822,16.1166822
826,"GBR","United Kingdom",17,17,17,17,17,17,17,17,17,17,17,17,17,17,17,17,17,17,17,17,17,17,17
840,"USA","United States of America",8.416467708,8.416467708,8.41925912,8.419308557,8.419308557,8.421133109,8.421133109,8.424934277,8.424934277,8.424934277,8.427392822,8.427393143,8.427393894,8.427408478,8.427409015,8.427409015,8.427968262,8.427988745,8.427988745,8.427988745,8.427988745,8.428015876,8.428015876
850,"VIR","United States Virgin Islands",14.26665221,14.26665221,14.26665221,14.26665221,14.26665221,14.28020162,14.28020162,14.28020162,14.28020162,14.28020162,14.28020162,14.28020162,14.28020162,14.28020162,14.28020162,14.28020162,14.28020162,14.28020162,14.28020162,14.28020162,14.28020162,14.28020162,14.28020162
858,"URY","Uruguay",0,0,0.004212591,0.004212591,0.004212591,0.004212591,0.004212591,0.004212591,0.004212591,0.004212591,0.004212591,0.004212591,0.004212591,0.004212591,0.021422634,0.004212591,0.021422634,0.021422634,0.079997433,0.265543667,0.454132014,0.454132014,0.454132014
860,"UZB","Uzbekistan",2.053703305,2.053703305,2.187428272,2.187428272,2.187428272,2.187428272,2.187428272,2.187428272,2.187428272,2.187428272,2.187428272,2.187428272,2.187428272,2.187428272,2.187428272,2.187428272,2.187428272,2.187428272,2.187428272,2.187428272,2.187428272,2.187428272,2.187428272
548,"VUT","Vanuatu",3.672600003,3.672600003,3.688593115,3.688593115,3.688593115,4.13244235,4.13244235,4.13244235,4.13244235,4.13244235,4.13244235,4.137046428,4.137046428,4.137046428,4.137046428,4.137046428,4.137046428,4.137046428,4.137046428,4.137046428,4.137046428,4.137046428,4.137046428
862,"VEN","Venezuela",17,17,17,17,17,17,17,17,17,17,17,17,17,17,17,17,17,17,17,17,17,17,17
704,"VNM","Viet Nam",4.527229429,4.527229429,4.571990602,4.600652231,4.600652231,5.382953792,5.382953792,5.550330647,5.791300638,6.008055916,6.008055916,6.008055916,6.197673441,6.197673441,6.197673441,6.197673441,6.197673441,6.197673441,6.197673441,6.197673441,6.197673441,6.197673441,6.197673441
876,"WLF","Wallis and Futuna Islands",0.197018454,0.197018454,0.197018454,0.197018454,0.197018454,0.197018454,0.197018454,0.197018454,0.197018454,0.197018454,0.197018454,0.197018454,0.197018454,0.197018454,0.197018454,0.197018454,0.197018454,0.197018454,0.197018454,0.197018454,0.197018454,0.197018454,0.197018454
732,"ESH","Western Sahara",NA,NA,NA,NA,NA,NA,NA,NA,NA,NA,NA,NA,NA,NA,NA,NA,NA,NA,NA,NA,NA,NA,NA
887,"YEM","Yemen",0,0,0,0,0,0,0,0.558893633,0.558893633,0.558893633,0.558893633,0.558893633,0.558893633,0.558893633,0.558893633,0.558893633,0.558893633,0.558893633,0.558893633,0.558893633,0.558893633,0.558893633,0.558893633
894,"ZMB","Zambia",17,17,17,17,17,17,17,17,17,17,17,17,17,17,17,17,17,17,17,17,17,17,17
716,"ZWE","Zimbabwe",16.92509645,16.92509645,16.92509645,16.92509645,16.92509645,16.92509645,16.92509645,16.92509645,16.92509645,16.92509645,16.92509645,16.92509645,16.9562415,16.9562415,16.9562415,16.9562415,16.9562415,16.9562415,16.9562415,16.9562415,16.9562415,16.9562415,16.9562415
