"code","iso","country","PACOVW.1990","PACOVW.1991","PACOVW.1992","PACOVW.1993","PACOVW.1994","PACOVW.1995","PACOVW.1996","PACOVW.1997","PACOVW.1998","PACOVW.1999","PACOVW.2000","PACOVW.2001","PACOVW.2002","PACOVW.2003","PACOVW.2004","PACOVW.2005","PACOVW.2006","PACOVW.2007","PACOVW.2008","PACOVW.2009","PACOVW.2010","PACOVW.2011","PACOVW.2012"
4,"AFG","Afghanistan",0.570175469,0.570175469,0.570175469,0.570175469,0.570175469,0.570175469,0.570175469,0.570175469,0.570175469,0.570175469,0.570175469,0.570175469,0.570175469,0.570175469,0.570175469,0.570175469,0.570175469,0.570175469,0.570175469,0.76946809,0.76946809,0.76946809,0.76946809
8,"ALB","Albania",2.658302434,2.658302434,2.658302434,2.658302434,2.658302434,2.929686119,2.929686119,4.352096793,4.352096793,6.545775426,6.545775426,6.545775426,6.71896447,6.71896447,9.655383233,8.689100675,9.655383233,9.655383233,9.700232103,9.700232103,9.700232103,9.700232103,9.700232103
12,"DZA","Algeria",3.299249163,3.299249163,3.299249163,3.303325014,3.303325014,3.303325014,3.303325014,3.303325014,3.303325014,3.303325014,3.303325014,3.303325014,3.303325014,3.303474746,3.303474746,3.303474746,3.303474746,3.303474746,3.303474746,3.303474746,3.303474746,3.303474746,3.303474746
16,"ASM","American Samoa",0.915376375,0.915376375,0.915376375,0.915376375,0.915376375,1.207517772,1.207517772,1.207517772,1.207517772,1.207517772,1.207517772,1.499659168,1.538611355,1.626253773,1.626253773,1.626253773,1.626253773,1.626253773,1.626253773,1.626253773,1.626253773,1.626253773,1.626253773
20,"AND","Andorra",5.715822308,5.715822308,5.715822308,5.715822308,5.715822308,5.715822308,5.715822308,5.715822308,5.715822308,5.715822308,5.715822308,5.715822308,5.715822308,5.715822308,5.715822308,5.715822308,5.715822308,5.715822308,5.715822308,5.715822308,5.715822308,5.715822308,5.715822308
24,"AGO","Angola",10.60284532,10.60284532,10.60284532,10.60284532,10.60284532,10.60284532,10.60284532,10.60284532,10.60284532,10.60284532,10.60284532,10.60284532,10.60284532,10.60284532,10.60284532,10.60284532,10.60284532,10.60284532,10.60284532,10.60284532,10.60284532,10.60284532,10.60284532
660,"AIA","Anguilla",0,0,0,3.031614279,3.031614279,3.031614279,3.031614279,3.031614279,3.031614279,3.031614279,3.031614279,3.031614279,3.031614279,3.031614279,3.031614279,3.031614279,3.031614279,3.64659889,3.64659889,3.64659889,3.64659889,3.64659889,3.64659889
28,"ATG","Antigua and Barbuda",10.06148184,10.06148184,10.06148184,10.11126048,10.11126048,10.11126048,10.11126048,10.11126048,10.11126048,10.11126048,10.11126048,10.11126048,10.11126048,10.11126048,10.30948611,10.30948611,10.30948611,10.30948611,10.30948611,10.30948611,10.30948611,10.30948611,10.30948611
32,"ARG","Argentina",4.882492734,4.882492734,5.677717452,5.749531495,5.749531495,5.844674064,5.844674064,6.099981616,6.100051786,6.100051786,6.100051786,6.102405987,6.102405987,6.102405987,6.102405987,6.102405987,6.102405987,6.102405987,6.102405987,6.102405987,6.102405987,6.102405987,6.102405987
51,"ARM","Armenia",11.3987328,11.3987328,11.3987328,11.3987328,11.3987328,11.3987328,11.3987328,11.3987328,11.3987328,11.3987328,11.3987328,11.3987328,12.5706411,12.5706411,12.5706411,12.5706411,12.5706411,12.5706411,12.5706411,12.5706411,12.5706411,12.5706411,12.5706411
533,"ABW","Aruba",0.037547859,0.037547859,0.037547859,0.037547859,0.037547859,0.037547859,0.037547859,0.037547859,0.037547859,0.037547859,0.037547859,0.037547859,0.037547859,0.037547859,0.037547859,0.037547859,0.037547859,0.037547859,0.037547859,0.037547859,0.037547859,0.037547859,0.037547859
36,"AUS","Australia",8.577723856,8.577723856,8.866533209,8.976655141,8.976655141,9.215092683,9.215092683,9.342917142,9.51782909,9.625936347,9.886625219,9.927056999,10.642636,10.70494411,11.03186591,10.89809011,11.03186591,11.4221825,11.54211933,11.85484668,12.06268692,12.06467533,12.06467533
40,"AUT","Austria",15.80985877,15.80985877,15.81291219,15.82082333,15.82082333,15.82436252,15.82436252,15.90497923,15.91034407,15.96498001,15.97725241,15.97911542,15.97911542,15.97911542,15.97911542,15.97911542,15.97911542,15.97911542,15.97911542,15.97911542,15.97911542,15.97911542,15.97911542
31,"AZE","Azerbaijan",10.83164583,10.83164583,10.83164583,11.00372869,11.00372869,11.00372869,11.00372869,11.00372869,11.00372869,11.00372869,11.00372869,11.00372869,11.00372869,11.05878722,11.71210852,11.71210852,11.71210852,11.71210852,11.71210852,11.71210852,11.71210852,11.71210852,11.71210852
44,"BHS","Bahamas",6.237578317,6.237578317,6.241509266,6.241509266,6.241509266,7.130681888,7.130681888,7.130681888,7.130681888,7.130681888,7.130681888,7.130681888,13.90165581,13.90165581,13.90165581,13.90165581,13.90165581,13.90165581,13.90165581,13.90165581,13.90165581,13.90165581,13.90165581
48,"BHR","Bahrain",1.271795794,1.271795794,1.271795794,1.271795794,1.271795794,1.271795794,1.271795794,1.271795794,1.271795794,1.271795794,1.271795794,1.271795794,1.271795794,1.271795794,1.271795794,1.271795794,1.271795794,1.271795794,1.271795794,1.271795794,1.271795794,1.271795794,1.271795794
50,"BGD","Bangladesh",0.24090192,0.24090192,0.24090192,0.24090192,0.24090192,0.24090192,0.24090192,4.746600784,4.746600784,4.752206128,4.752206128,5.172645053,5.172645053,5.172645053,5.174010906,5.173249723,5.174010906,5.175306765,5.175306765,5.175306765,5.185300335,5.185300335,5.185300335
52,"BRB","Barbados",0.091472478,0.091472478,0.091472478,0.091472478,0.091472478,0.091472478,0.091472478,0.091472478,0.091472478,0.091472478,0.091472478,0.091472478,0.091472478,0.091472478,0.091472478,0.091472478,0.091472478,0.091472478,0.091472478,0.091472478,0.091472478,0.091472478,0.091472478
112,"BLR","Belarus",6.424529227,6.424529227,6.526781538,6.619069642,6.619069642,6.961108243,6.961108243,7.012595595,7.012595595,7.012595595,7.012595595,7.012595595,7.012595595,7.012595595,7.012595595,7.012595595,7.012595595,7.012595595,7.012595595,7.012595595,7.012595595,7.012595595,7.012595595
56,"BEL","Belgium",4.577684158,4.577684158,4.603978027,4.642372309,4.642372309,4.909889536,4.909889536,6.623438761,7.058007088,7.441622868,8.015444051,12.7926215,12.83386101,14.59970364,14.6567391,14.64872666,14.6567391,14.66350879,14.67420293,14.67528216,14.67708087,14.67708087,14.67708087
84,"BLZ","Belize",9.394785797,9.394785797,9.394785797,9.876980264,9.876980264,12.99387418,12.99387418,14.18708546,15.41318417,15.41318417,15.67674675,16.46326568,16.69509885,16.69509885,16.69834127,16.69834127,16.69834127,16.79445592,16.79445592,16.79468753,16.94314413,16.94314413,16.94314413
204,"BEN","Benin",16.7935989,16.7935989,16.7935989,16.7935989,16.7935989,16.7935989,16.7935989,16.7935989,16.7935989,16.7935989,16.7935989,16.7935989,16.7935989,16.7935989,16.7935989,16.7935989,16.7935989,16.7935989,16.7935989,16.7935989,16.7935989,16.7935989,16.7935989
60,"BMU","Bermuda",5.268214572,5.268214572,5.268214572,5.412329864,5.412329864,5.412329864,5.412329864,5.412329864,5.412329864,5.412329864,5.476381105,5.476381105,5.476381105,5.476381105,5.476381105,5.476381105,5.476381105,5.476381105,5.476381105,5.476381105,5.476381105,5.476381105,5.476381105
64,"BTN","Bhutan",11.53331185,11.53331185,11.53331185,13.68824606,13.68824606,16.09402278,16.09402278,16.09402278,16.34275,16.34275,16.34275,16.34275,16.34275,16.34275,16.34275,16.34275,16.34275,16.34275,16.34275,16.34275,16.34275,16.34275,16.34275
68,"BOL","Bolivia",5.625026562,5.625026562,5.813256907,5.834343599,5.834343599,7.772269452,7.772269452,15.26436308,15.26436308,15.26436308,15.26946441,15.26946441,15.26946441,15.26946441,15.58845592,15.58845592,15.58845592,15.58845592,15.58845592,15.58845592,15.58845592,15.58845592,15.58845592
70,"BIH","Bosnia and Herzegovina",0.381188085,0.381188085,0.381188085,0.381188085,0.381188085,0.381188085,0.381188085,0.381188085,0.381188085,0.381188085,0.381188085,0.381188085,0.381188085,0.41202185,0.424993148,0.424993148,0.424993148,0.424993148,0.424993148,0.424993148,0.424993148,0.424993148,0.424993148
72,"BWA","Botswana",17,17,17,17,17,17,17,17,17,17,17,17,17,17,17,17,17,17,17,17,17,17,17
76,"BRA","Brazil",7.347052534,7.347052534,7.347052534,7.767773154,7.767773154,8.750649729,8.750649729,9.894063974,10.8974199,11.44830624,11.65171391,11.90173364,12.2187889,12.22925265,12.39364465,12.25744536,12.39364465,12.43303146,12.45897764,12.49693613,12.50151107,12.50151107,12.50151107
92,"VGB","British Virgin Islands",5.46328597,5.46328597,5.46328597,5.46328597,5.46328597,5.46328597,5.46328597,5.46328597,5.46328597,5.46328597,5.46328597,5.46328597,5.46328597,5.46328597,5.46328597,5.46328597,5.46328597,5.46328597,5.46328597,5.46328597,5.46328597,5.46328597,5.46328597
96,"BRN","Brunei Darussalam",17,17,17,17,17,17,17,17,17,17,17,17,17,17,17,17,17,17,17,17,17,17,17
100,"BGR","Bulgaria",1.977225606,1.977225606,3.13811449,3.139130335,3.139130335,4.073806144,4.073806144,4.077807149,4.077807149,4.079215075,4.271753426,4.370682513,16.90206074,16.90206074,16.90560612,16.90560612,16.90560612,16.90560612,17,17,17,17,17
854,"BFA","Burkina Faso",13.67824043,13.67824043,13.67824043,13.67824043,13.67824043,13.67824043,13.67824043,13.84000723,13.84000723,13.84000723,13.84000723,13.84000723,13.84000723,14.23755472,14.23755472,14.23755472,14.23755472,14.23755472,14.23755472,14.23755472,14.23755472,14.23755472,14.23755472
108,"BDI","Burundi",4.161177297,4.161177297,4.161177297,4.557221006,4.557221006,4.557221006,4.557221006,5.024013212,5.024013212,5.024013212,5.185123653,5.185123653,5.185123653,5.185123653,5.185123653,5.185123653,5.185123653,5.185123653,5.185123653,5.185123653,5.185123653,5.185123653,5.185123653
116,"KHM","Cambodia",0.000247445,0.000247445,0.000247445,14.97648262,14.97648262,15.14739354,15.14739354,15.16486752,15.16486752,17,17,17,17,17,17,17,17,17,17,17,17,17,17
120,"CMR","Cameroon",8.233600997,8.233600997,8.233600997,8.233600997,8.233600997,8.247403673,8.247403673,8.363923703,8.363923703,8.363923703,9.483177759,9.846031608,9.846031608,9.846031608,10.67273895,10.67273895,10.67273895,10.72218249,10.8748272,10.94279596,11.0680583,11.0680583,11.0680583
124,"CAN","Canada",6.30472104,6.30472104,6.352297291,6.84365019,6.84365019,7.331773359,7.331773359,7.673243545,7.957413663,8.139652265,8.251234231,8.793932387,8.821342943,9.219068624,9.528115701,9.410814945,9.528115701,9.590296182,9.824537364,9.853471016,9.860954752,9.860954752,9.860954752
132,"CPV","Cape Verde",2.48940266,2.48940266,2.48940266,2.48940266,2.48940266,2.48940266,2.48940266,2.48940266,2.48940266,2.48940266,2.48940266,2.48940266,2.48940266,2.48940266,2.48940266,2.48940266,2.48940266,2.48940266,2.48940266,2.48940266,2.48940266,2.48940266,2.48940266
136,"CYM","Cayman Islands",8.086142716,8.086142716,9.114612065,9.114612065,9.114612065,9.114612065,9.114612065,10.3448698,10.3448698,10.3448698,10.3448698,10.3448698,10.34637525,10.34637525,10.34637525,10.34637525,10.34637525,10.34637525,10.34637525,10.34637525,10.34637525,10.34637525,10.34637525
140,"CAF","Central African Republic",16.41011467,16.41011467,16.49336963,16.49336963,16.49336963,16.49336963,16.49336963,16.49336963,16.49336963,16.49336963,16.49336963,16.49336963,16.49336963,16.49336963,16.49336963,16.49336963,16.49336963,16.49336963,16.49336963,16.49336963,16.49336963,16.49336963,16.49336963
148,"TCD","Chad",8.708221067,8.708221067,8.708221067,8.708221067,8.708221067,8.708221067,8.708221067,8.708221067,8.708221067,8.708221067,8.708221067,8.708221067,8.708221067,8.708221067,8.708221067,8.708221067,8.708221067,8.708221067,8.708221067,8.708221067,8.708221067,8.708221067,8.708221067
152,"CHL","Chile",6.958982346,6.958982346,6.958982346,6.95923668,6.95923668,7.686371275,7.686371275,7.704557572,7.810068251,7.810068251,7.81021079,7.81021079,7.81021079,7.81021079,7.844403434,7.834928785,7.844403434,7.844403434,7.844403434,7.855879842,8.056814886,8.056814886,8.056814886
156,"CHN","China",10.9703715,10.9703715,11.3734216,11.42840646,11.42840646,11.67370745,11.67370745,12.09130226,12.40052083,12.58260301,12.96598429,13.38839623,13.65739651,13.6624715,13.66697907,13.66603297,13.66697907,13.66959678,13.66981927,13.66981927,13.66981927,13.66981927,13.66981927
170,"COL","Colombia",12.92798536,12.92798536,12.93160733,12.93160733,12.93160733,12.93160733,12.93160733,12.93160733,12.93160733,12.93160733,12.93238413,12.93348284,13.01150776,13.01150776,13.01225961,13.01150776,13.01225961,13.01254038,13.01254038,13.01254038,13.01254038,13.12807852,13.12807852
174,"COM","Comoros",0,0,0,0,0,0,0,0,0,0,0,0,0,0,0,0,0,0,0,0,0,0,0
178,"COG","Congo",5.446732307,5.446732307,5.446732307,6.810109329,6.810109329,6.810109329,6.810109329,6.810109329,6.810109329,7.817408479,7.817408479,9.407968503,9.407968503,9.407968503,9.407968503,9.407968503,9.407968503,9.407968503,9.407968503,9.407968503,9.407968503,9.407968503,9.407968503
184,"COK","Cook Islands",0.16148743,0.16148743,0.16148743,0.17021648,0.17021648,0.17021648,0.17021648,0.846717877,1.078037709,1.078037709,1.300628492,1.300628492,1.300628492,1.300628492,1.300628492,1.300628492,1.300628492,1.300628492,1.300628492,1.300628492,1.300628492,1.300628492,1.300628492
188,"CRI","Costa Rica",14.10999526,14.10999526,14.6476019,14.67060894,14.67060894,14.8904177,14.8904177,14.8904177,14.90272815,14.90272815,14.90272815,14.90272815,15.1776867,15.1776867,15.1776867,15.1776867,15.1776867,15.1776867,15.1776867,15.1776867,15.1776867,15.1776867,15.1776867
384,"CIV","Cote d'Ivoire",17,17,17,17,17,17,17,17,17,17,17,17,17,17,17,17,17,17,17,17,17,17,17
191,"HRV","Croatia",6.21574002,6.21574002,6.230965121,6.234274871,6.234274871,6.397727126,6.397727126,6.453619799,6.490338331,7.480627909,7.488862234,7.619908554,7.620710995,7.654505436,7.961161086,7.654530512,7.961161086,9.102966636,9.200119928,9.208411811,9.380273608,9.380273608,9.380273608
192,"CUB","Cuba",4.068126902,4.068126902,4.068126902,4.068126902,4.068126902,4.068126902,4.068126902,4.068126902,4.068126902,4.068617468,4.068617468,8.600547695,8.722758246,8.722758246,8.722758246,8.722758246,8.722758246,8.722758246,8.722758246,8.722758246,9.220790416,9.220790416,9.220790416
196,"CYP","Cyprus",7.078619027,7.078619027,10.24071223,10.24071223,10.24071223,10.24071223,10.24071223,17,17,17,17,17,17,17,17,17,17,17,17,17,17,17,17
203,"CZE","Czech Republic",14.78876616,14.78876616,16.01795842,16.02360805,16.02360805,16.08151987,16.08151987,16.1057291,16.13381865,16.14301914,16.15334223,16.15719814,16.16697213,16.16705754,16.72699376,16.72328428,16.72699376,16.72908034,16.72919016,16.72928778,16.72958063,16.72958063,16.72958063
180,"COD","Dem. Rep. Congo",9.921455734,9.921455734,9.952509183,9.952509183,9.952509183,9.952509183,9.952509183,9.952509183,9.952509183,9.952509183,9.952509183,9.952509183,9.952509183,9.952509183,9.952509183,9.952509183,9.952509183,9.952509183,9.952509183,10.1136264,10.1136264,10.1136264,10.1579661
208,"DNK","Denmark",4.38821999,4.38821999,11.8142113,11.82379043,11.82379043,11.85899142,11.85899142,11.93688002,11.94213459,11.94787742,11.95945608,11.98526394,12.01521036,12.03278761,12.07263867,12.06159476,12.07263867,12.16680249,12.31713909,12.4815189,12.7062798,12.7062798,12.7062798
262,"DJI","Djibouti",0.000871526,0.000871526,0.000871526,0.000871526,0.000871526,0.000871526,0.000871526,0.000871526,0.000871526,0.000871526,0.000871526,0.000871526,0.000871526,0.000871526,0.000871526,0.000871526,0.000871526,0.000871526,0.000871526,0.000871526,0.000871526,0.000871526,0.000871526
212,"DMA","Dominica",14.47017751,14.47017751,14.47017751,14.47017751,14.47017751,14.47017751,14.47017751,14.47017751,14.47017751,14.47017751,14.47017751,14.47017751,14.47017751,14.47017751,14.47017751,14.47017751,14.47017751,14.47017751,14.47017751,14.47017751,14.47017751,14.47017751,14.47017751
214,"DOM","Dominican Republic",16.35236213,16.35236213,16.4481851,16.4481851,16.4481851,16.45089978,16.45089978,16.46961074,16.46961074,16.46961074,16.49473544,16.49473544,16.49473544,16.49473544,16.49473544,16.49473544,16.49473544,16.49473544,16.49473544,16.49473544,16.49473544,16.49473544,16.49473544
218,"ECU","Ecuador",9.754597911,9.754597911,9.754597911,9.754597911,9.754597911,12.64836185,12.64836185,12.97633151,12.97633151,12.97633151,12.97633151,12.97633151,12.97633151,12.97633151,12.97633151,12.97633151,12.97633151,12.97633151,13.00429631,13.00429631,13.00429631,13.00429631,13.00429631
818,"EGY","Egypt",0.14989215,0.14989215,0.15034121,0.15034121,0.15034121,0.521214144,0.521214144,1.448837039,2.142976385,2.151164567,2.151164567,2.151164567,4.419100462,4.592034529,4.593719217,4.592034529,4.593719217,6.445654652,6.445654652,6.445654652,6.453011752,6.453011752,6.453011752
222,"SLV","El Salvador",0,0,0,0,0,0,0,0.029106951,0.029106951,0.029106951,0.029106951,0.029106951,0.029106951,0.029106951,0.029106951,0.029106951,0.029106951,0.279503446,0.491221284,0.553118373,0.676730247,0.67730783,0.67730783
226,"GNQ","Equatorial Guinea",5.332328236,5.332328236,5.332328236,5.332328236,5.332328236,5.332328236,5.332328236,5.332328236,5.332328236,5.332328236,17,17,17,17,17,17,17,17,17,17,17,17,17
232,"ERI","Eritrea",4.343268472,4.343268472,4.343268472,4.343268472,4.343268472,4.343268472,4.343268472,4.343268472,4.343268472,4.343268472,4.343268472,4.343268472,4.343268472,4.343268472,4.343268472,4.343268472,4.343268472,4.343268472,4.343268472,4.343268472,4.343268472,4.343268472,4.343268472
233,"EST","Estonia",2.182207631,2.182207631,2.264028541,2.26466932,2.26466932,3.188695413,3.188695413,4.637696659,5.457275697,5.795099053,6.063497268,6.522427944,6.747363634,6.808988943,12.57408184,10.06905393,12.57408184,16.80289491,17,17,17,17,17
231,"ETH","Ethiopia",13.97089325,13.97089325,13.97089325,13.97089325,13.97089325,13.97089325,13.97089325,13.97089325,13.97089325,13.97089325,13.97089325,13.97089325,13.97089325,13.97089325,14.08354724,13.97089325,14.08354724,14.09901534,14.09901534,14.09901534,14.09901534,14.09901534,14.09901534
234,"FRO","Faeroe Islands",NA,NA,NA,NA,NA,NA,NA,NA,NA,NA,NA,NA,NA,NA,NA,NA,NA,NA,NA,NA,NA,NA,NA
238,"FLK","Falkland Islands",0.248273515,0.248273515,0.248273515,0.248273515,0.248273515,0.248273515,0.248273515,0.248273515,0.248273515,0.248273515,0.248273515,0.248273515,0.248273515,0.248273515,0.248273515,0.248273515,0.248273515,0.248273515,0.248273515,0.248273515,0.248273515,0.248273515,0.248273515
242,"FJI","Fiji",0.614401549,0.614401549,0.614401549,0.614401549,0.614401549,0.614401549,0.614401549,1.022465915,1.022465915,1.029875356,1.064122189,1.686930394,1.696015508,2.042127608,3.095604344,3.068638783,3.095604344,3.106574651,3.106574651,3.106574651,3.106574651,3.106574651,3.106574651
246,"FIN","Finland",4.213382884,4.213382884,8.039813061,8.063943639,8.063943639,8.130671338,8.130671338,8.148963274,8.17086238,8.185981484,8.292339718,8.313116605,8.340929803,8.373884364,8.486222745,8.445198538,8.486222745,8.515267651,8.544903381,8.560947228,8.575520264,8.582794381,8.582794381
250,"FRA","France",11.7902167,11.7902167,11.9811032,11.98933178,11.98933178,12.25543103,12.25543103,12.61568527,12.61568527,13.60806445,13.60899905,13.77365315,13.77492807,13.77513632,14.39364981,14.39204854,14.39364981,14.39946696,14.40301871,14.72558403,14.72558403,14.72558403,14.72558403
254,"GUF","French Guiana",1.728874845,1.728874845,1.73044411,1.73044411,1.73044411,4.931673292,4.931673292,5.332685654,12.49475414,12.49475414,12.58184968,13.28624841,13.28624841,13.28624841,13.28675253,13.28624841,13.28675253,17,17,17,17,17,17
258,"PYF","French Polynesia",0.82980226,0.82980226,1.008945386,1.008945386,1.008945386,1.008945386,1.008945386,1.008945386,1.008945386,1.008945386,1.008945386,1.008945386,1.008945386,1.008945386,1.008945386,1.008945386,1.008945386,1.008945386,1.008945386,1.008945386,1.008945386,1.008945386,1.008945386
266,"GAB","Gabon",2.402497025,2.402497025,2.402497025,2.402497025,2.402497025,2.402497025,2.402497025,2.402497025,2.402497025,2.842686547,2.842686547,2.842686547,9.029000625,14.42254421,14.42254421,14.42254421,14.42254421,14.42254421,14.42254421,14.42254421,14.42254421,14.42254421,14.42254421
270,"GMB","Gambia",0.611450022,0.611450022,0.611450022,0.623628237,0.623628237,0.623628237,0.623628237,0.927602498,0.927602498,0.927602498,0.927602498,5.886833196,5.886833196,5.886833196,5.886833196,5.886833196,5.886833196,5.886833196,5.888682481,5.888682481,5.888682481,5.888682481,5.888682481
268,"GEO","Georgia",6.213333235,6.213333235,6.213333235,6.213333235,6.213333235,6.213333235,6.213333235,7.13815654,7.13815654,7.52092929,7.52092929,7.52092929,7.52092929,7.52092929,7.52092929,7.52092929,7.52092929,7.52092929,7.52092929,7.52092929,7.52092929,7.52092929,7.52092929
276,"DEU","Germany",17,17,17,17,17,17,17,17,17,17,17,17,17,17,17,17,17,17,17,17,17,17,17
288,"GHA","Ghana",10.03266419,10.03266419,10.03266419,10.03266419,10.03266419,10.03266419,10.03266419,10.03266419,10.03266419,10.03266419,10.03266419,10.03266419,10.03266419,10.03266419,10.03266419,10.03266419,10.03266419,10.03266419,10.03266419,10.03266419,10.03266419,10.03266419,10.03266419
292,"GIB","Gibraltar",0,0,5.124450952,5.124450952,5.124450952,5.124450952,5.124450952,5.124450952,5.124450952,5.124450952,5.124450952,5.124450952,5.124450952,5.124450952,5.124450952,5.124450952,5.124450952,5.124450952,5.124450952,5.124450952,5.124450952,5.124450952,5.124450952
300,"GRC","Greece",5.702577961,5.702577961,6.320529038,6.404528608,6.404528608,6.720282679,6.720282679,7.177210265,7.271345896,7.308379011,7.432314664,9.20151716,9.553021649,10.20268814,13.60192735,13.16388186,13.60192735,14.28147223,15.72003885,16.33880892,16.33880892,16.33880892,16.33880892
304,"GRL","Greenland",17,17,17,17,17,17,17,17,17,17,17,17,17,17,17,17,17,17,17,17,17,17,17
308,"GRD","Grenada",0.640767636,0.640767636,0.640767636,0.640767636,0.640767636,0.640767636,0.640767636,0.640767636,0.640767636,0.640767636,0.640767636,0.640767636,0.640767636,0.640767636,0.640767636,0.640767636,0.640767636,0.640767636,0.640767636,0.640767636,0.640767636,0.640767636,0.640767636
312,"GLP","Guadeloupe",17,17,17,17,17,17,17,17,17,17,17,17,17,17,17,17,17,17,17,17,17,17,17
316,"GUM","Guam",0,0,17,17,17,17,17,17,17,17,17,17,17,17,17,17,17,17,17,17,17,17,17
320,"GTM","Guatemala",5.938634515,5.938634515,5.938634515,5.938634515,5.938634515,5.952343103,5.952343103,7.861535553,8.049324185,8.117320464,8.161117993,8.249915788,8.294473596,8.294908042,8.954899116,8.949332784,8.954899116,9.140570229,9.148770386,9.148770386,9.148770386,9.148770386,9.148770386
324,"GIN","Guinea",4.120670693,4.120670693,4.120670693,4.120670693,4.120670693,4.120670693,4.120670693,4.120670693,4.120670693,4.120670693,4.120670693,4.120670693,4.120670693,4.120670693,4.120670693,4.120670693,4.120670693,4.120670693,4.120670693,4.120670693,4.120670693,4.120670693,4.120670693
624,"GNB","Guinea-Bissau",7.799710924,7.799710924,7.799710924,7.799710924,7.799710924,7.799710924,7.799710924,9.028098777,9.028098777,9.028098777,16.89104793,16.89104793,16.89104793,16.89104793,16.89104793,16.89104793,16.89104793,16.89104793,16.89104793,16.89104793,16.89104793,16.89104793,16.89104793
328,"GUY","Guyana",0.261172918,0.261172918,0.261172918,0.261172918,0.261172918,0.261172918,0.261172918,1.798804379,1.798804379,1.798804379,1.798804379,1.798804379,1.798804379,1.798804379,1.798804379,1.798804379,1.798804379,4.419991674,4.419991674,4.419991674,4.419991674,4.419991674,4.419991674
332,"HTI","Haiti",0.469009431,0.469009431,0.469009431,0.469009431,0.469009431,0.469009431,0.469009431,0.469009431,0.469009431,0.469009431,0.469009431,0.469009431,0.469009431,0.469009431,0.469009431,0.469009431,0.469009431,0.469009431,0.469009431,0.469009431,0.469009431,0.469009431,0.469009431
336,"VAT","Holy See",NA,NA,NA,NA,NA,NA,NA,NA,NA,NA,NA,NA,NA,NA,NA,NA,NA,NA,NA,NA,NA,NA,NA
340,"HND","Honduras",10.22830468,10.22830468,11.12105244,11.1517215,11.1517215,11.1517215,11.1517215,11.1517215,11.1517215,13.07142776,13.54710838,13.54710838,13.54710838,13.54710838,13.54710838,13.54710838,13.54710838,13.54710838,13.54710838,13.54710838,13.54710838,13.54710838,13.54710838
344,"HKG","Hong Kong",17,17,17,17,17,17,17,17,17,17,17,17,17,17,17,17,17,17,17,17,17,17,17
348,"HUN","Hungary",4.496782043,4.496782043,4.612360229,4.612360229,4.612360229,4.612360229,4.612360229,5.026107547,5.026107547,5.026107547,5.026107547,5.026107547,5.026107547,5.026107547,5.026107547,5.026107547,5.026107547,5.026107547,5.026107547,5.026107547,5.026107547,5.026107547,5.026107547
352,"ISL","Iceland",12.46339781,12.46339781,12.46353169,12.54412846,12.54412846,12.65679632,12.65679632,12.65984627,12.65985791,12.66079502,12.66082412,12.75885336,12.76402199,12.80095902,13.46522617,13.46247888,13.46522617,13.47957376,15.55742467,15.55996824,15.55996824,15.55996824,15.55996824
356,"IND","India",5.955925959,5.955925959,6.059729985,6.060033736,6.060033736,6.070447777,6.070447777,6.130798476,6.172370985,6.175035557,6.175787982,6.175787982,6.175787982,6.175787982,6.175787982,6.175787982,6.175787982,6.175787982,6.175787982,6.175787982,6.175787982,6.175787982,6.175787982
360,"IDN","Indonesia",8.370589873,8.370589873,10.35086359,10.67082977,10.67082977,10.68570055,10.68570055,13.84610505,14.1098172,14.36224387,14.36224387,14.36233179,14.48730572,14.48771231,14.74474036,14.73299049,14.74474036,14.76676839,14.79238949,14.80091025,14.80091025,14.80760435,14.80760435
364,"IRN","Iran",4.551574317,4.551574317,4.551574317,4.551574317,4.551574317,4.869603316,4.869603316,4.969922841,4.969922841,4.969927431,5.135437921,5.63979788,5.840952949,5.846246329,5.846246329,5.846246329,5.846246329,5.846246329,5.846246329,5.846246329,5.846246329,5.846246329,5.846246329
368,"IRQ","Iraq",0,0,0,0,0,0,0,0,0,0,0,0,0,0,0,0,0,0,0,0,0,0,0
372,"IRL","Ireland",0.630484122,0.630484122,0.891082894,0.891767629,0.891767629,0.893208426,0.893208426,0.893208426,0.934763288,0.934763288,0.934763288,0.934763288,0.934763288,1.147616052,1.761580939,1.761580939,1.761580939,1.761580939,1.761580939,1.761580939,1.761580939,1.761580939,1.761580939
833,"IMN","Isle of Man",NA,NA,NA,NA,NA,NA,NA,NA,NA,NA,NA,NA,NA,NA,NA,NA,NA,NA,NA,NA,NA,NA,NA
376,"ISR","Israel",5.868759301,5.868759301,6.029609968,6.151838021,6.151838021,6.192421926,6.192421926,6.195089412,6.195089412,6.195089412,6.21776305,6.260823907,6.284164416,6.313802705,6.522152472,6.521390333,6.522152472,6.659718573,6.716307399,6.779088604,6.809669434,6.879786228,6.879786228
380,"ITA","Italy",4.565029263,4.565029263,6.164122497,7.123730647,7.123730647,7.549376626,7.549376626,8.274010764,8.696164674,9.122777804,9.253573743,9.344618698,9.700527023,9.822302728,10.31467648,10.27073713,10.31467648,10.71756542,10.7389368,10.74093356,10.74093356,10.74093356,10.74093356
388,"JAM","Jamaica",5.326941762,5.326941762,5.330313483,5.440685908,5.440685908,5.440685908,5.440685908,8.290021214,8.55485997,16.25241448,16.25241448,16.25241448,16.25428058,16.25428058,16.26434493,16.26312882,16.26434493,16.26434493,16.26434493,16.26455461,16.26455461,16.26455461,16.26455461
392,"JPN","Japan",13.42651373,13.42651373,13.48815063,13.76934429,13.76934429,14.60563488,14.60563488,14.99099978,15.03606763,15.08751379,15.08751379,15.125575,15.43182594,15.43182594,15.43182594,15.43182594,15.43182594,15.43182594,15.43182594,15.43182594,15.43182594,15.43182594,15.43182594
400,"JOR","Jordan",0.567766081,0.567766081,0.567766081,0.7371393,0.7371393,0.7371393,0.7371393,1.13773143,1.13773143,1.13773143,1.13773143,1.13773143,1.13773143,1.13773143,1.177837392,1.177837392,1.177837392,1.177837392,1.177837392,1.177837392,1.274968281,1.274968281,1.274968281
398,"KAZ","Kazakhstan",3.12410177,3.12410177,3.19569595,3.19569595,3.19569595,3.19569595,3.19569595,3.327824712,3.327824712,3.327824712,3.327824712,3.327824712,3.327824712,3.327824712,3.327824712,3.327824712,3.327824712,3.327824712,3.327824712,3.327824712,3.327824712,3.327824712,3.327824712
404,"KEN","Kenya",10.13404541,10.13404541,10.23826287,10.2531975,10.2531975,10.41926481,10.41926481,10.41926481,10.41926481,10.43520542,10.51705155,10.6193865,10.66729465,10.66729465,10.99175582,10.81785734,10.99175582,11.45028136,11.47139449,11.50663866,11.60037962,11.85976402,11.85976402
296,"KIR","Kiribati",5.875999564,5.875999564,5.875999564,5.875999564,5.875999564,5.875999564,5.875999564,5.875999564,5.875999564,17,17,17,17,17,17,17,17,17,17,17,17,17,17
414,"KWT","Kuwait",1.988897284,1.988897284,1.988897284,1.988897284,1.988897284,1.988897284,1.988897284,1.988897284,1.988897284,1.988897284,1.988897284,1.988897284,1.99010198,1.99010198,1.99010198,1.99010198,1.99010198,1.99010198,1.99010198,1.99010198,4.653342718,17,17
417,"KGZ","Kyrgyzstan",3.008080399,3.008080399,3.069452259,3.069452259,3.069452259,3.524269783,3.524269783,3.71151699,3.71151699,3.71151699,3.71151699,3.71151699,3.71151699,3.71151699,3.71151699,3.71151699,3.71151699,3.71151699,3.71151699,3.71151699,3.71151699,3.71151699,3.71151699
418,"LAO","Laos",2.030860551,2.030860551,2.030860551,15.75260833,15.75260833,16.06278593,16.06278593,16.32473702,16.32473702,16.32473702,16.47581725,16.47581725,16.47581725,16.47581725,16.47581725,16.47581725,16.47581725,16.47581725,16.47581725,16.47581725,16.47581725,16.47581725,16.47581725
428,"LVA","Latvia",6.506262682,6.506262682,6.506262682,6.506262682,6.506262682,6.506262682,6.506262682,13.9534537,13.9534537,15.33581785,15.33581785,15.35453329,15.35453329,15.35453329,17,17,17,17,17,17,17,17,17
422,"LBN","Lebanon",0.435337616,0.435337616,0.435337616,0.435337616,0.435337616,0.435337616,0.435337616,0.435337616,0.435337616,0.435337616,0.435337616,0.435337616,0.435337616,0.435337616,0.435337616,0.435337616,0.435337616,0.435337616,0.435337616,0.435337616,0.435337616,0.435337616,0.435337616
426,"LSO","Lesotho",0.220582886,0.220582886,0.220582886,0.220582886,0.220582886,0.220582886,0.220582886,0.220582886,0.220582886,0.220582886,0.220582886,0.220582886,0.220582886,0.220582886,0.220582886,0.220582886,0.220582886,0.220582886,0.220582886,0.220582886,0.220582886,0.220582886,0.220582886
430,"LBR","Liberia",0.967729894,0.967729894,0.967729894,0.967729894,0.967729894,0.967729894,0.967729894,0.967729894,0.967729894,0.967729894,0.967729894,0.967729894,0.967729894,1.05237139,1.05237139,1.05237139,1.05237139,1.05237139,1.05237139,1.05237139,1.05237139,1.05237139,1.05237139
434,"LBY","Libya",0.344343931,0.344343931,0.345593876,0.345593876,0.345593876,0.345593876,0.345593876,0.345593876,0.345593876,0.345593876,0.345593876,0.345593876,0.345593876,0.345593876,0.345593876,0.345593876,0.345593876,0.345593876,0.345593876,0.345593876,0.345593876,0.345593876,0.345593876
438,"LIE","Liechtenstein",15.1875814,15.1875814,15.1875814,15.1875814,15.1875814,15.1875814,15.1875814,15.1875814,15.1875814,15.1875814,15.45191323,15.45191323,15.45191323,15.45191323,15.45191323,15.45191323,15.45191323,15.45191323,15.45191323,15.45191323,15.45191323,15.45191323,15.45191323
440,"LTU","Lithuania",1.961926911,1.961926911,11.33282685,11.33282685,11.33282685,11.3346802,11.3346802,11.3346802,11.46225256,11.46225256,11.46225256,11.46225256,11.74255652,11.74255652,14.5813812,14.5813812,14.5813812,14.5813812,14.5813812,14.89646638,14.91078352,14.91754826,14.91754826
442,"LUX","Luxembourg",10.93992241,10.93992241,11.07567355,11.10614043,11.10614043,11.47135728,11.47135728,11.48331264,11.51262254,17,17,17,17,17,17,17,17,17,17,17,17,17,17
446,"MAC","Macao",NA,NA,NA,NA,NA,NA,NA,NA,NA,NA,NA,NA,NA,NA,NA,NA,NA,NA,NA,NA,NA,NA,NA
807,"MKD","Macedonia",4.567016972,4.567016972,4.696565722,4.696565722,4.696565722,4.827803504,4.827803504,4.99452229,4.99452229,4.99452229,4.99452229,4.99452229,5.00296745,5.00296745,5.058415955,5.00296745,5.058415955,6.560292576,6.560292576,6.560292576,7.963866288,7.963866288,7.963866288
450,"MDG","Madagascar",2.077675339,2.077675339,2.09051212,2.09051212,2.09051212,2.09051212,2.09051212,2.84806072,2.84806072,2.84806072,2.84806072,2.84806072,2.84806072,2.84806072,2.859984783,2.84806072,2.859984783,2.865544722,2.867144951,3.054999584,3.055728233,3.072099583,3.072160179
454,"MWI","Malawi",12.39099623,12.39099623,12.39099623,12.39099623,12.39099623,12.39099623,12.39099623,12.39099623,12.39099623,12.39099623,12.39099623,12.39099623,12.39099623,12.39099623,12.39099623,12.39099623,12.39099623,12.39099623,12.39099623,12.39099623,12.39099623,12.39099623,12.39099623
458,"MYS","Malaysia",16.82814986,16.82814986,17,17,17,17,17,17,17,17,17,17,17,17,17,17,17,17,17,17,17,17,17
462,"MDV","Maldives",NA,NA,NA,NA,NA,NA,NA,NA,NA,NA,NA,NA,NA,NA,NA,NA,NA,NA,NA,NA,NA,NA,NA
466,"MLI","Mali",3.32531959,3.32531959,3.32531959,3.32531959,3.32531959,3.32531959,3.32531959,3.32531959,3.32531959,3.32531959,3.32531959,3.32531959,3.386785144,3.386785144,3.386785144,3.386785144,3.386785144,3.386785144,3.386785144,3.386785144,3.386785144,3.386785144,3.386785144
470,"MLT","Malta",0.073583517,0.073583517,0.073583517,0.082781457,0.082781457,5.049668874,5.049668874,13.94714251,13.94714251,14.18015698,14.94665195,15.19499632,15.3207015,17,17,17,17,17,17,17,17,17,17
584,"MHL","Marshall Islands",0.119538435,0.119538435,0.119538435,0.119538435,0.119538435,0.119538435,0.119538435,0.119538435,0.119538435,1.76136225,1.76136225,1.76136225,1.76136225,1.76136225,1.76136225,1.76136225,1.76136225,1.76136225,1.76136225,1.76136225,1.76136225,1.76136225,1.76136225
474,"MTQ","Martinique",17,17,17,17,17,17,17,17,17,17,17,17,17,17,17,17,17,17,17,17,17,17,17
478,"MRT","Mauritania",0.431177509,0.431177509,0.431177509,0.431177509,0.431177509,0.431177509,0.431177509,0.431177509,0.431177509,0.431177509,0.431177509,0.431177509,0.431177509,0.431177509,0.431177509,0.431177509,0.431177509,0.431177509,0.431177509,0.431177509,0.431177509,0.431177509,0.431177509
480,"MUS","Mauritius",1.891846227,1.891846227,1.891846227,1.891846227,1.891846227,4.699550767,4.699550767,4.699550767,4.699550767,4.699550767,4.813846704,4.813846704,4.813846704,4.813846704,4.813846704,4.813846704,4.813846704,4.813846704,4.813846704,4.813846704,4.813846704,4.813846704,4.813846704
175,"MYT","Mayotte",3.918185048,3.918185048,5.483936456,5.483936456,5.483936456,5.483936456,5.483936456,5.483936456,5.483936456,5.483936456,5.483936456,5.483936456,5.483936456,5.483936456,5.514388672,5.514388672,5.514388672,5.78845861,5.78845861,5.78845861,5.78845861,5.78845861,5.78845861
484,"MEX","Mexico",1.701582512,1.701582512,1.746840422,1.866497361,1.866497361,3.580971546,3.580971546,4.777423779,4.794037614,4.833055817,5.823647191,6.416525276,9.39618579,10.09103764,10.74342561,10.59737781,10.74342561,11.27258458,11.28283464,11.29796765,11.29796765,11.29796765,11.29796765
583,"FSM","Micronesia",1.588094375,1.588094375,1.588094375,1.588094375,1.588094375,1.588094375,1.588094375,1.588094375,1.588094375,1.649698036,1.649698036,1.649698036,1.649698036,1.649698036,1.649698036,1.649698036,1.649698036,1.649698036,1.649698036,1.649698036,1.649698036,1.649698036,1.649698036
498,"MDA","Moldova",0.896086371,0.896086371,1.089629949,1.199202239,1.199202239,1.199202239,1.199202239,1.214590517,1.214590517,1.214590517,1.214590517,1.214590517,1.214590517,1.214590517,1.214590517,1.214590517,1.214590517,1.214590517,1.214590517,1.214590517,1.214590517,1.214590517,1.214590517
492,"MCO","Monaco",17,17,17,17,17,17,17,17,17,17,17,17,17,17,17,17,17,17,17,17,17,17,17
496,"MNG","Mongolia",2.026044733,2.026044733,4.262968986,5.753938148,5.753938148,5.899732602,5.899732602,8.760895888,9.295474417,9.337125642,10.09940895,10.09940895,10.09940895,10.09940895,10.09940895,10.09940895,10.09940895,10.09940895,10.09940895,10.09940895,10.09940895,10.09940895,10.09940895
499,"MNE","Montenegro",13.08986319,13.08986319,13.08986319,13.08986319,13.08986319,13.08986319,13.08986319,13.08986319,13.08986319,13.08986319,13.08986319,13.08986319,13.08986319,13.08986319,13.08986319,13.08986319,13.08986319,13.08986319,13.08986319,13.08986319,13.08986319,13.08986319,13.08986319
500,"MSR","Montserrat",0.693193993,0.12030894,0.936310563,0.936310563,0.936310563,0.936310563,0.936310563,1.942379725,1.942379725,1.942379725,1.942379725,1.942379725,1.942379725,1.942379725,1.942379725,1.942379725,1.942379725,1.942379725,1.942379725,1.942379725,1.942379725,1.942379725,1.942379725
504,"MAR","Morocco",0.603419838,0.603419838,0.210844669,1.175477243,1.175477243,0.734548538,0.734548538,0.734548538,0.986776962,0.734548538,0.734548538,1.216864984,0.734548538,0.734548538,3.115984494,1.645626218,1.980938519,1.980938519,3.340546554,1.631681345,2.113997473,2.113997473,2.113997473
508,"MOZ","Mozambique",15.96302881,15.96302881,15.96302881,15.96302881,15.96302881,15.96302881,15.96302881,15.96302881,15.96302881,15.96302881,15.96302881,15.96302881,16.22556937,16.22556937,16.22556937,16.22556937,16.22556937,16.22556937,16.22556937,16.22556937,16.22556937,16.22556937,16.22556937
104,"MMR","Myanmar",2.658294631,2.658294631,2.658294631,3.042381601,3.042381601,3.042531246,3.042531246,3.312130266,3.312130266,3.312130266,3.312130266,3.32537237,3.42653968,3.525243078,4.389586413,4.389586413,4.389586413,4.389586413,4.396016042,4.396016042,4.396016042,4.396016042,4.396016042
516,"NAM","Namibia",11.9494268,11.9494268,12.46705421,12.61042728,12.61042728,12.81561846,12.81561846,13.26923794,15.41729858,15.46774096,16.07110076,16.07110076,16.07110076,17,17,17,17,17,17,17,17,17,17
520,"NRU","Nauru",NA,NA,NA,NA,NA,NA,NA,NA,NA,NA,NA,NA,NA,NA,NA,NA,NA,NA,NA,NA,NA,NA,NA
524,"NPL","Nepal",4.156119026,4.156119026,6.72606437,6.72606437,6.72606437,6.72606437,6.72606437,6.826888025,7.246920869,7.246920869,7.246920869,7.246920869,7.246920869,7.246920869,7.246920869,7.246920869,7.246920869,7.246920869,7.246920869,7.246920869,7.246920869,7.246920869,7.246920869
528,"NLD","Netherlands",11.13512779,11.13512779,11.21423856,11.24247194,11.24247194,11.41597103,11.41597103,11.65995324,11.66952679,11.68747003,13.29903671,13.2999826,13.69866076,14.06864694,14.66424213,14.64351855,14.66424213,14.66702247,14.69955535,14.82882693,15.30793438,15.42728846,17
530,"ANT","Netherlands Antilles",NA,NA,NA,NA,NA,NA,NA,NA,NA,NA,NA,NA,NA,NA,NA,NA,NA,NA,NA,NA,NA,NA,NA
540,"NCL","New Caledonia",5.272188371,5.272188371,5.272188371,5.275320196,5.275320196,5.275320196,5.275320196,5.275320196,5.357165033,5.357165033,5.4495382,5.4495382,5.4495382,5.4495382,5.4495382,5.4495382,5.4495382,5.4495382,17,17,17,17,17
554,"NZL","New Zealand",14.27160634,14.27160634,14.27160634,14.27160634,14.27160634,14.27160634,14.27160634,14.27160634,14.27160634,14.27170793,14.27170793,14.27176236,14.27176236,14.32575474,14.32575474,14.32575474,14.32575474,14.32588173,14.32588173,14.32588173,14.32588173,14.32588173,14.32588173
558,"NIC","Nicaragua",7.025991183,7.025991183,14.44645186,14.58807584,14.58807584,14.58807584,14.58807584,14.58807584,14.58807584,15.62423295,15.62423295,15.62423295,15.62423295,15.62423295,15.62423295,15.62423295,15.62423295,15.62423295,15.62423295,15.62423295,15.62423295,15.62423295,15.62423295
562,"NER","Niger",6.21401675,6.21401675,6.21401675,6.21401675,6.21401675,6.21401675,6.21401675,6.21401675,6.21401675,6.21401675,6.21401675,6.21401675,6.21401675,6.21401675,6.21401675,6.21401675,6.21401675,6.21401675,6.21401675,6.21401675,6.21401675,6.21401675,11.87083573
566,"NGA","Nigeria",8.914014344,8.914014344,9.869468455,9.869468455,9.869468455,9.869468455,9.869468455,9.869468455,9.869468455,9.897919849,9.897919849,9.897919849,9.897919849,9.897919849,9.897919849,9.897919849,9.897919849,9.897919849,9.897919849,9.897919849,9.897919849,9.897919849,9.897919849
570,"NIU","Niue",0,0,10.35668885,10.35668885,10.35668885,10.35668885,10.35668885,10.35668885,10.37912211,10.37912211,10.37912211,10.37912211,10.37912211,10.37912211,10.37912211,10.37912211,10.37912211,10.37912211,10.37912211,10.37912211,10.37912211,10.37912211,10.37912211
574,"NFK","Norfolk Island",11.66000726,11.66000726,11.66000726,11.66000726,11.66000726,11.66000726,11.66000726,11.66000726,11.66000726,11.66000726,11.66000726,11.66000726,11.66000726,11.66000726,11.66000726,11.66000726,11.66000726,11.66000726,11.66000726,11.66000726,11.66000726,11.66000726,11.66000726
408,"PRK","North Korea",2.163897075,2.163897075,2.163897075,2.163897075,2.163897075,2.163897075,2.163897075,2.163897075,2.163897075,2.163897075,2.163897075,2.163897075,2.163897075,2.163897075,2.163897075,2.163897075,2.163897075,2.163897075,2.163897075,2.163897075,2.163897075,2.163897075,2.163897075
580,"MNP","Northern Mariana Islands",1.226428615,1.226428615,1.226428615,1.226428615,1.226428615,1.242808296,1.242808296,1.242808296,1.242808296,1.242808296,1.416842407,1.478266211,1.478266211,1.478266211,1.478266211,1.478266211,1.478266211,1.478266211,1.478266211,3.218607318,3.218607318,3.218607318,3.218607318
578,"NOR","Norway",7.144331954,7.144331954,7.808247365,7.910460549,7.910460549,7.930504154,7.930504154,8.160602158,8.161160508,8.221035907,9.216146195,9.78765045,11.04594286,11.43167755,12.86959787,12.78309525,12.86959787,12.87458217,12.89456866,12.98790816,13.27272262,13.31703607,13.31703607
512,"OMN","Oman",0,0,0,0,0,7.794975029,7.794975029,9.178547121,9.178547121,9.178547121,9.178547121,9.178547121,9.178547121,9.178547121,9.178547121,9.178547121,9.178547121,9.178547121,9.178547121,9.178547121,9.178547121,9.178547121,9.178547121
586,"PAK","Pakistan",8.688930992,8.688930992,8.688930992,8.688930992,8.688930992,8.688930992,8.688930992,8.688930992,8.688930992,8.688930992,8.688930992,8.688930992,8.688930992,8.688930992,8.688930992,8.688930992,8.688930992,8.688930992,8.688930992,8.688930992,8.688930992,8.688930992,8.688930992
585,"PLW","Palau",0.224620952,0.224620952,0.224620952,0.224620952,0.224620952,0.742497036,0.742497036,9.377924752,9.908279778,9.908279778,10.93363283,11.03762401,11.03762401,11.11873713,11.20608972,11.11873713,11.20608972,11.20608972,11.20608972,11.20608972,11.20608972,11.20608972,11.20608972
591,"PAN","Panama",10.05336998,10.05336998,10.05336998,10.05336998,10.05336998,12.99112198,12.99112198,12.99112198,12.99112198,12.99112198,12.99112198,13.0084037,13.0084037,13.0084037,13.0084037,13.0084037,13.0084037,13.0084037,13.0084037,13.0084037,13.0084037,13.0084037,13.0084037
598,"PNG","Papua New Guinea",1.468003508,1.468003508,1.502385154,1.841058807,1.841058807,1.841058807,1.841058807,2.122217432,2.122217432,2.122217432,2.122217432,2.122293658,2.122293658,2.127935617,2.128057333,2.127935617,2.128057333,2.128057333,2.128057333,2.128057333,2.128057333,2.128057333,2.128057333
600,"PRY","Paraguay",2.650354887,2.650354887,3.27686855,3.354115788,3.354115788,3.354115788,3.354115788,3.477817606,4.375130206,4.375130206,4.375130206,4.455368755,4.455368755,5.344240729,5.348540446,5.348540446,5.348540446,5.348540446,5.348540446,5.348540446,5.348540446,5.348540446,5.348540446
604,"PER","Peru",4.500876928,4.500876928,4.500876928,4.500876928,4.500876928,4.500978611,4.500978611,5.907037415,5.907217732,6.10042403,6.234608298,7.591649136,7.918540442,8.263287731,11.12799125,10.37754647,11.12799125,11.19638501,11.21496414,11.56990298,11.70554687,11.96364043,11.96556364
608,"PHL","Philippines",7.926283868,7.926283868,8.054223346,8.056590385,8.056590385,8.155394703,8.155394703,8.503289722,8.55392377,8.588338457,12.8954562,12.89608604,12.9605827,12.9609285,12.96135868,12.96109934,12.96135868,12.96136486,12.96136691,12.96136691,12.96136691,12.96136691,12.96136691
612,"PCN","Pitcairn",NA,NA,NA,NA,NA,NA,NA,NA,NA,NA,NA,NA,NA,NA,NA,NA,NA,NA,NA,NA,NA,NA,NA
616,"POL","Poland",15.19915503,15.19915503,16.84910767,17,17,17,17,17,17,17,17,17,17,17,17,17,17,17,17,17,17,17,17
620,"PRT","Portugal",5.684888552,5.684888552,5.701429954,5.701429954,5.701429954,6.592010876,6.592010876,6.592924314,7.69856899,7.810069966,8.183767801,8.183767801,8.183767801,8.183767801,8.201583427,8.198420415,8.201583427,8.20180821,8.282566174,8.295932775,8.298664149,8.298664149,8.298664149
630,"PRI","Puerto Rico",13.85265358,13.85265358,13.85265358,13.85265358,13.85265358,13.85265358,13.85265358,13.85265358,13.90453954,13.90453954,13.90936615,13.93129271,13.93129271,13.93129271,13.93208565,13.93208565,13.93208565,13.93208565,13.93208565,13.93208565,13.93208565,13.93208565,13.93208565
634,"QAT","Qatar",1.767508043,1.767508043,1.910594973,2.15911903,2.15911903,2.15911903,2.15911903,2.15911903,2.15911903,2.15911903,2.15911903,2.15911903,2.15911903,2.15911903,2.15911903,2.15911903,2.15911903,2.15911903,2.15911903,2.15911903,2.15911903,2.15911903,2.15911903
638,"REU","Reunion",4.023270734,4.023270734,4.023270734,4.023270734,4.023270734,5.927779934,5.927779934,5.927779934,5.927779934,7.366161596,7.366161596,8.054858102,8.701575408,8.701575408,9.142357013,8.701575408,9.142357013,17,17,17,17,17,17
642,"ROU","Romania",3.907914445,3.907914445,5.140610829,5.429981691,5.429981691,5.628720889,5.628720889,5.628720889,5.628720889,5.642976239,5.682529922,5.682529922,5.682529922,5.848053186,8.690892056,8.690892056,8.690892056,8.690892056,8.690892056,8.690892056,8.690892056,8.690892056,8.690892056
643,"RUS","Russia",5.362429618,5.362429618,5.782487351,6.522086478,6.522086478,8.348146687,8.348146687,9.448978228,9.448978228,10.08967457,10.43407528,10.59943824,10.67423611,10.88352799,10.88352799,10.88352799,10.88352799,10.88352799,10.88352799,10.92783815,10.92783815,10.92783815,10.92783815
646,"RWA","Rwanda",10.15985719,10.15985719,10.15985719,10.15985719,10.15985719,10.15985719,10.15985719,10.15985719,10.15985719,10.15985719,10.15985719,10.15985719,10.15985719,10.15985719,10.15985719,10.15985719,10.15985719,10.15985719,10.15985719,10.15985719,10.15985719,10.15985719,10.15985719
654,"SHN","Saint Helena",4.042735361,4.042735361,4.042735361,14.64840115,14.64840115,14.64840115,14.64840115,14.64840115,14.64840115,14.64840115,14.64840115,14.64840115,14.64840115,14.64840115,14.64840115,14.64840115,14.64840115,14.64840115,14.64840115,14.64840115,14.64840115,14.64840115,14.64840115
659,"KNA","Saint Kitts and Nevis",0.101599546,0.101599546,0.101599546,0.101599546,0.101599546,0.101599546,0.101599546,0.101599546,0.101599546,0.101599546,0.101599546,0.101599546,0.101599546,0.101599546,0.101599546,0.101599546,0.101599546,0.101599546,0.101599546,0.101599546,0.101599546,0.101599546,0.101599546
662,"LCA","Saint Lucia",5.605014769,2.990648045,5.605014769,5.605014769,5.605014769,5.605014769,5.605014769,5.605014769,5.605014769,5.605014769,5.605014769,5.605014769,5.605014769,5.605014769,5.605014769,5.605014769,5.605014769,5.605014769,5.605014769,5.605014769,5.605014769,5.605014769,5.605014769
666,"SPM","Saint Pierre and Miquelon",0.7168776,0.7168776,16.31560315,17,17,17,17,17,17,17,17,17,17,17,17,17,17,17,17,17,17,17,17
670,"VCT","Saint Vincent and the Grenadines",0.483407676,0.483407676,0.483407676,0.483407676,0.483407676,0.483407676,0.483407676,0.483407676,0.483407676,0.483407676,0.483407676,0.483407676,0.483407676,0.483407676,0.483407676,0.483407676,0.483407676,0.483407676,0.483407676,0.483407676,0.483407676,0.483407676,0.483407676
882,"WSM","Samoa",2.571085833,2.571085833,2.571085833,2.571085833,2.571085833,2.597239561,2.597239561,2.664541822,2.692787848,5.517390486,5.523318664,5.525410962,5.526805828,6.433119686,6.444627327,6.433468403,6.444627327,6.449858072,6.449858072,6.449858072,6.449858072,6.449858072,6.449858072
674,"SMR","San Marino",NA,NA,NA,NA,NA,NA,NA,NA,NA,NA,NA,NA,NA,NA,NA,NA,NA,NA,NA,NA,NA,NA,NA
678,"STP","Sao Tome and Principe",NA,NA,NA,NA,NA,NA,NA,NA,NA,NA,NA,NA,NA,NA,NA,NA,NA,NA,NA,NA,NA,NA,NA
682,"SAU","Saudi Arabia",7.475326572,7.475326572,7.475326572,7.577113424,7.577113424,17,17,17,17,17,17,17,17,17,17,17,17,17,17,17,17,17,17
686,"SEN","Senegal",13.47670716,13.47670716,13.47670716,13.47670716,13.47670716,13.47670716,13.47670716,13.47670716,13.47670716,13.47670716,13.47670716,13.47670716,13.47670716,13.47670716,13.49174066,13.49174066,13.49174066,13.49174066,13.49174066,13.49174066,13.49174066,13.49174066,13.49174066
688,"SRB","Serbia",16.84972592,16.84972592,16.84972592,16.84972592,16.84972592,16.84972592,16.84972592,16.84972592,16.84972592,16.84972592,16.84972592,16.84972592,16.84972592,16.84972592,16.84972592,16.84972592,16.84972592,16.84972592,16.84972592,5.520449518,16.84972592,16.84972592,16.84972592
690,"SYC","Seychelles",12.28083561,12.28083561,12.29775049,12.29775049,12.29775049,12.29775049,12.29775049,12.30832228,12.30832228,12.30832228,12.30832228,12.30832228,12.30832228,12.30832228,12.30832228,12.30832228,12.30832228,12.30832228,12.30832228,12.30832228,12.30832228,12.30832228,12.30832228
694,"SLE","Sierra Leone",0.451310643,0.451310643,0.451310643,0.451310643,0.451310643,0.69672593,0.69672593,0.69672593,0.69672593,0.69672593,0.69672593,0.69672593,0.69672593,0.69672593,0.69672593,0.69672593,0.69672593,0.69672593,0.69672593,0.69672593,0.858251077,0.858251077,5.588286449
702,"SGP","Singapore",4.486329435,4.486329435,4.486329435,4.486329435,4.486329435,4.486329435,4.486329435,4.660657081,4.660657081,4.660657081,4.660657081,4.660657081,4.829024808,4.839454667,4.839454667,4.839454667,4.839454667,4.839454667,4.839454667,4.839454667,4.839454667,4.839454667,4.839454667
703,"SVK","Slovakia",14.8842177,14.8842177,14.88522591,14.90176281,14.90176281,14.90308391,14.90308391,14.95682016,15.07604348,15.08005313,15.08216225,15.08366877,15.48615178,15.48665009,15.48786689,15.48786689,15.48786689,15.48786689,15.48786689,15.48786689,15.48786689,15.48786689,15.48786689
705,"SVN","Slovenia",6.182561554,6.182561554,6.631538726,6.768169785,6.768169785,6.784218568,6.784218568,6.859749816,7.195649408,7.20624848,7.20624848,7.20624848,7.880337633,9.281969685,17,17,17,17,17,17,17,17,17
90,"SLB","Solomon Islands",0.059676634,0.059676634,0.059676634,0.059676634,0.059676634,0.107466886,0.107466886,0.107466886,0.120506947,0.120506947,0.120506947,0.120506947,0.56467311,0.571140701,0.587397078,0.579985569,0.587397078,1.266214425,1.436399461,1.436399461,1.436399461,1.436399461,1.436399461
706,"SOM","Somalia",0.605332769,0.605332769,0.605332769,0.605332769,0.605332769,0.605332769,0.605332769,0.605332769,0.605332769,0.605332769,0.605332769,0.605332769,0.605332769,0.605332769,0.605332769,0.605332769,0.605332769,0.605332769,0.605332769,0.605332769,0.605332769,0.605332769,0.605332769
710,"ZAF","South Africa",7.092020333,7.092020333,7.226454091,7.227813375,7.227813375,7.240117715,7.240117715,7.240117715,7.24014799,7.24014799,7.244808929,7.244808929,7.244808929,7.244808929,7.245041357,7.245041357,7.245041357,7.245041357,7.245041357,7.245041357,7.245041357,7.245041357,7.245041357
410,"KOR","South Korea",4.172417494,4.172417494,4.172567266,4.183620438,4.183620438,4.183620438,4.183620438,4.19217741,4.192367121,4.192666665,4.195961648,4.202132254,4.362977367,4.374389991,6.030608399,5.670846137,6.030608399,6.079114548,6.124665197,6.16980647,6.171793444,6.171793444,6.171793444
724,"ESP","Spain",7.027262552,7.027262552,7.276387508,7.29323989,7.29323989,7.627284873,7.627284873,7.771373034,7.802194826,7.817848859,7.817848859,7.821017413,7.833196473,7.83885413,7.83896071,7.83896071,7.83896071,7.83896071,7.83896071,7.83896071,7.83896071,7.83896071,7.83896071
144,"LKA","Sri Lanka",16.51330114,16.51330114,16.51330114,16.51330114,16.51330114,16.51330114,16.51330114,16.51330114,16.51330114,16.51330114,16.51330114,16.51330114,16.51330114,16.51330114,16.51330114,16.51330114,16.51330114,16.51330114,16.51330114,16.51330114,16.51330114,16.51330114,16.51330114
275,"PSE","State of Palestine",0,0,0,0,0,0,0,0,0,0,0,0,0,0,0,0,0,0,0,0,0,0,0
736,"SDN","Sudan",0.477189732,0.477189732,0.477189732,0.477189732,0.477189732,0.477189732,0.477189732,0.477189732,0.477189732,0.477189732,0.477189732,0.477189732,0.477189732,0.477189732,0.477189732,0.477189732,0.477189732,0.477189732,0.477189732,0.477189732,0.477189732,0.477189732,0.477189732
740,"SUR","Suriname",11.25527171,11.25527171,11.25527171,11.25527171,11.25527171,11.25527171,11.25527171,11.25527171,14.26239006,14.26239006,14.26239006,14.26239006,14.26239006,14.26239006,14.26239006,14.26239006,14.26239006,14.26239006,14.26239006,14.26239006,14.26239006,14.26239006,14.26239006
744,"SJM","Svalbard and Jan Mayen Islands",17,17,17,17,17,17,17,17,17,17,17,17,17,17,17,17,17,17,17,17,17,17,17
748,"SWZ","Swaziland",2.960385718,2.960385718,2.960385718,2.960385718,2.960385718,2.960385718,2.960385718,2.960385718,2.960385718,2.960385718,2.960385718,2.960385718,2.960385718,2.960385718,2.960385718,2.960385718,2.960385718,2.960385718,2.960385718,2.960385718,2.960385718,2.960385718,2.960385718
752,"SWE","Sweden",5.172176794,5.172176794,5.490660716,5.853596621,5.853596621,6.186794917,6.186794917,6.366728424,6.487120285,6.550970682,7.827730259,7.868058256,8.059565661,8.142864703,8.260244058,8.217835728,8.260244058,8.307198985,8.397840978,8.491858701,8.552116517,8.552116517,8.552116517
756,"CHE","Switzerland",15.62476535,15.62476535,15.70905452,15.70905452,15.70905452,15.72135991,15.72135991,16.36486061,16.49611809,16.49611809,16.49611809,16.79504605,16.79504605,16.81128916,16.83013555,16.83013555,16.83013555,16.83979391,16.83979391,16.9798347,17,17,17
760,"SYR","Syria",0.185709378,0.185709378,0.185709378,0.185709378,0.185709378,0.185709378,0.185709378,0.187762144,0.199837241,0.338145397,0.338145397,0.338145397,0.556911184,0.556911184,0.556911184,0.556911184,0.556911184,0.556911184,0.556911184,0.556911184,0.556911184,0.556911184,0.556911184
999,"TWN","Taiwan",8.832464932,8.832464932,11.46353181,11.47386578,11.47386578,11.50033283,11.50033283,11.50033283,11.50033283,11.50033283,11.50033283,11.50033283,11.50033283,11.50033283,11.50033283,11.50033283,11.50033283,11.50033283,11.50033283,11.50033283,11.50033283,11.50033283,11.50033283
762,"TJK","Tajikistan",1.606470498,1.606470498,5.769485866,5.769485866,5.769485866,5.769485866,5.769485866,5.769485866,5.769485866,5.769485866,5.769485866,5.769485866,5.769485866,5.769485866,5.769485866,5.769485866,5.769485866,5.769485866,5.769485866,5.769485866,5.769485866,5.769485866,5.769485866
834,"TZA","Tanzania",16.79178252,16.79178252,16.79178252,16.79178252,16.79178252,16.79178252,16.79178252,16.79178252,16.79178252,16.79178252,16.79178252,16.79178252,16.9046447,16.9046447,16.9530913,16.9530913,16.9530913,16.9530913,16.9530913,16.9530913,16.9530913,16.9530913,16.9530913
764,"THA","Thailand",6.650580706,6.650580706,7.122876389,7.122876389,7.122876389,7.249560716,7.249560716,7.772200009,7.866212882,7.986546209,8.07779365,8.088264974,8.088264974,8.095683053,8.095683053,8.095683053,8.095683053,8.1921528,8.1921528,8.777780361,8.777780361,8.777780361,8.777780361
626,"TLS","Timor-Leste",0,0,0,0,0,0,0,0,0,0,3.427547718,3.427547718,3.427547718,3.427547718,3.427547718,3.427547718,3.427547718,4.14467813,8.65171757,8.65171757,8.65171757,8.65171757,8.65171757
768,"TGO","Togo",11.28969964,11.28969964,11.28969964,11.28969964,11.28969964,11.28969964,11.28969964,11.28969964,11.28969964,11.28969964,11.28969964,11.28969964,11.28969964,11.28969964,11.28969964,11.28969964,11.28969964,11.28969964,11.28969964,11.28969964,11.28969964,11.28969964,11.28969964
772,"TKL","Tokelau",0,0,7.031778229,7.031778229,7.031778229,7.978363759,7.978363759,7.978363759,7.978363759,7.978363759,7.978363759,7.978363759,7.978363759,7.978363759,7.978363759,7.978363759,7.978363759,7.978363759,7.978363759,7.978363759,7.978363759,7.978363759,7.978363759
776,"TON","Tonga",1.287760601,1.287760601,1.925967948,1.925967948,1.925967948,10.49496525,10.49496525,10.49496525,10.49496525,10.49496525,10.49496525,16.01333144,16.01333144,16.01333144,16.01333144,16.01333144,16.01333144,16.01333144,16.52389732,16.52389732,16.52389732,16.52389732,16.52389732
780,"TTO","Trinidad and Tobago",15.64837796,15.64837796,15.64837796,15.64837796,15.64837796,15.64837796,15.64837796,15.64837796,15.64837796,15.64837796,15.64837796,15.64837796,15.64837796,15.64837796,15.64837796,15.64837796,15.64837796,15.64837796,15.64837796,15.64837796,15.64837796,15.64837796,15.64837796
788,"TUN","Tunisia",3.186943477,3.186943477,3.186943477,3.197953009,3.197953009,3.197953009,3.197953009,3.197953009,3.197953009,3.197953009,3.197953009,3.197953009,3.197953009,3.197953009,3.197953009,3.197953009,3.197953009,3.197953009,3.197953009,3.197953009,3.197953009,3.197953009,3.197953009
792,"TUR","Turkey",2.134536759,2.134536759,2.174528017,2.308183851,2.308183851,2.400914331,2.400914331,2.400914331,2.400914331,2.400914331,2.400914331,2.400914331,2.400914331,2.400914331,2.400914331,2.400914331,2.400914331,2.400914331,2.40309566,2.404805934,2.437886355,2.437886355,2.437886355
795,"TKM","Turkmenistan",3.728995722,3.728995722,3.728995722,3.728995722,3.728995722,3.728995722,3.728995722,3.728995722,3.728995722,3.728995722,3.728995722,3.728995722,3.728995722,3.728995722,3.728995722,3.728995722,3.728995722,3.728995722,3.728995722,3.728995722,3.728995722,3.728995722,3.728995722
796,"TCA","Turks and Caicos Islands",4.265137841,4.265137841,16.94880747,16.94880747,16.94880747,16.94880747,16.94880747,16.94880747,16.94880747,16.94880747,16.94880747,16.94880747,16.94880747,16.94880747,16.94880747,16.94880747,16.94880747,16.94880747,16.94880747,16.94880747,16.94880747,16.94880747,16.94880747
798,"TUV","Tuvalu",0.15015015,0.15015015,0.15015015,0.15015015,0.15015015,0.15015015,0.15015015,2.052052052,2.052052052,2.052052052,2.052052052,2.052052052,2.052052052,2.052052052,3.303303303,2.052052052,3.303303303,3.303303303,3.303303303,3.303303303,3.303303303,3.303303303,3.303303303
800,"UGA","Uganda",13.18111552,13.18111552,13.19623753,13.19623753,13.19623753,13.19623753,13.19623753,13.19623753,13.20907237,13.20907237,13.20907237,13.20907237,15.06165671,15.06165671,15.06165671,15.06165671,15.06165671,15.06165671,15.06165671,15.06165671,15.06165671,15.06165671,15.06165671
804,"UKR","Ukraine",2.118381793,2.118381793,2.323449822,2.51890057,2.51890057,3.000106692,3.000106692,3.723860935,3.80709556,3.80709556,3.80709556,3.80709556,3.80709556,3.80709556,3.80709556,3.80709556,3.80709556,3.80709556,3.80709556,3.80709556,3.80709556,3.80709556,3.80709556
784,"ARE","United Arab Emirates",11.13670501,11.13670501,11.13670501,11.13670501,11.13670501,11.13670501,11.13670501,11.13670501,11.14252673,11.14252673,11.14252673,15.78688147,15.78688147,16.04575994,16.0829487,16.0829487,16.0829487,16.0829487,16.0829487,16.0829487,16.0829487,16.0829487,16.0829487
826,"GBR","United Kingdom",17,17,17,17,17,17,17,17,17,17,17,17,17,17,17,17,17,17,17,17,17,17,17
840,"USA","United States of America",10.14753653,10.14753653,10.15333683,10.15336504,10.15336504,10.15550767,10.15550767,10.16271523,10.16271523,10.16271523,10.16791235,10.16791257,10.16791457,10.16794552,10.16794588,10.16794588,10.16831676,10.16837191,10.16837191,10.16837191,10.16837191,10.16842743,10.16842743
850,"VIR","United States Virgin Islands",15.68805014,15.68805014,15.68805014,15.68805014,15.68805014,15.69376769,15.69376769,15.69376769,15.69376769,15.69376769,15.69376769,15.69376769,15.69376769,15.69376769,15.69376769,15.69376769,15.69376769,15.69376769,15.69376769,15.69376769,15.69376769,15.69376769,15.69376769
858,"URY","Uruguay",0,0,0.004204918,0.004204918,0.004204918,0.004204918,0.004204918,0.004204918,0.004204918,0.004204918,0.004204918,0.004204918,0.004204918,0.004204918,0.021385585,0.004204918,0.021385585,0.021385585,0.082969136,0.26817741,0.456422255,0.456422255,0.456422255
860,"UZB","Uzbekistan",3.811684099,3.811684099,3.950162263,3.950162263,3.950162263,3.950162263,3.950162263,3.950162263,3.950162263,3.950162263,3.950162263,3.950162263,3.950162263,3.950162263,3.950162263,3.950162263,3.950162263,3.950162263,3.950162263,3.950162263,3.950162263,3.950162263,3.950162263
548,"VUT","Vanuatu",3.672600003,3.672600003,3.688593115,3.688593115,3.688593115,4.13244235,4.13244235,4.13244235,4.13244235,4.13244235,4.13244235,4.137046428,4.137046428,4.137046428,4.137046428,4.137046428,4.137046428,4.137046428,4.137046428,4.137046428,4.137046428,4.137046428,4.137046428
862,"VEN","Venezuela",17,17,17,17,17,17,17,17,17,17,17,17,17,17,17,17,17,17,17,17,17,17,17
704,"VNM","Viet Nam",2.307055264,2.307055264,2.315458785,2.320839756,2.320839756,2.703268846,2.703268846,3.057140294,3.34617077,3.390723297,3.390723297,3.390723297,3.598520656,3.598520656,3.598520656,3.598520656,3.598520656,3.598520656,3.598520656,3.598520656,3.598520656,3.598520656,3.598520656
876,"WLF","Wallis and Futuna Islands",0.197018454,0.197018454,0.197018454,0.197018454,0.197018454,0.197018454,0.197018454,0.197018454,0.197018454,0.197018454,0.197018454,0.197018454,0.197018454,0.197018454,0.197018454,0.197018454,0.197018454,0.197018454,0.197018454,0.197018454,0.197018454,0.197018454,0.197018454
732,"ESH","Western Sahara",NA,NA,NA,NA,NA,NA,NA,NA,NA,NA,NA,NA,NA,NA,NA,NA,NA,NA,NA,NA,NA,NA,NA
887,"YEM","Yemen",0,0,0,0,0,0,0,0.558893633,0.558893633,0.558893633,0.558893633,0.558893633,0.558893633,0.558893633,0.558893633,0.558893633,0.558893633,0.558893633,0.558893633,0.558893633,0.558893633,0.558893633,0.558893633
894,"ZMB","Zambia",17,17,17,17,17,17,17,17,17,17,17,17,17,17,17,17,17,17,17,17,17,17,17
716,"ZWE","Zimbabwe",16.69859079,16.69859079,16.69859079,16.69859079,16.69859079,16.69859079,16.69859079,16.69859079,16.69859079,16.69859079,16.69859079,16.69859079,16.82391738,16.82391738,16.82391738,16.82391738,16.82391738,16.82391738,16.82391738,16.82391738,16.82391738,16.82391738,16.82391738
